#
# There is insufficient memory for the Java Runtime Environment to continue.
# Native memory allocation (mmap) failed to map 50331648 bytes. Error detail: G1 virtual space
# Possible reasons:
#   The system is out of physical RAM or swap space
#   This process is running with CompressedOops enabled, and the Java Heap may be blocking the growth of the native heap
# Possible solutions:
#   Reduce memory load on the system
#   Increase physical memory or swap space
#   Check if swap backing store is full
#   Decrease Java heap size (-Xmx/-Xms)
#   Decrease number of Java threads
#   Decrease Java thread stack sizes (-Xss)
#   Set larger code cache with -XX:ReservedCodeCacheSize=
#   JVM is running with Unscaled Compressed Oops mode in which the Java heap is
#     placed in the first 4GB address space. The Java Heap base address is the
#     maximum limit for the native heap growth. Please use -XX:HeapBaseMinAddress
#     to set the Java Heap base and to place the Java Heap above 4GB virtual address.
# This output file may be truncated or incomplete.
#
#  Out of Memory Error (os_windows.cpp:3925), pid=18012, tid=27368
#
# JRE version: OpenJDK Runtime Environment (21.0.9) (build 21.0.9+-14787801-b1163.94)
# Java VM: OpenJDK 64-Bit Server VM (21.0.9+-14787801-b1163.94, mixed mode, tiered, compressed oops, compressed class ptrs, g1 gc, windows-amd64)
# No core dump will be written. Minidumps are not enabled by default on client versions of Windows
#

---------------  S U M M A R Y ------------

Command Line: --add-opens=java.base/java.util=ALL-UNNAMED --add-opens=java.base/java.lang=ALL-UNNAMED --add-opens=java.base/java.lang.invoke=ALL-UNNAMED --add-opens=java.prefs/java.util.prefs=ALL-UNNAMED --add-opens=java.base/java.nio.charset=ALL-UNNAMED --add-opens=java.base/java.net=ALL-UNNAMED --add-opens=java.base/java.util.concurrent.atomic=ALL-UNNAMED -Xmx256m -Dfile.encoding=UTF-8 -Duser.country=IN -Duser.language=en -Duser.variant -javaagent:C:\Users\rajku\.gradle\wrapper\dists\gradle-8.5-bin\5t9huq95ubn472n8rpzujfbqh\gradle-8.5\lib\agents\gradle-instrumentation-agent-8.5.jar org.gradle.launcher.daemon.bootstrap.GradleDaemon 8.5

Host: 13th Gen Intel(R) Core(TM) i3-1315U, 8 cores, 7G,  Windows 11 , 64 bit Build 26100 (10.0.26100.9168)
Time: Wed Aug 26 22:29:33 2026 India Standard Time elapsed time: 21.937293 seconds (0d 0h 0m 21s)

---------------  T H R E A D  ---------------

Current thread (0x000001824fb88060):  VMThread "VM Thread"          [id=27368, stack(0x0000007edd600000,0x0000007edd700000) (1024K)]

Stack: [0x0000007edd600000,0x0000007edd700000]
Native frames: (J=compiled Java code, j=interpreted, Vv=VM code, C=native code)
V  [jvm.dll+0x6d6c99]
V  [jvm.dll+0x866b83]
V  [jvm.dll+0x8691ae]
V  [jvm.dll+0x869893]
V  [jvm.dll+0x280776]
V  [jvm.dll+0x6d3555]
V  [jvm.dll+0x6c6bea]
V  [jvm.dll+0x3587fb]
V  [jvm.dll+0x360476]
V  [jvm.dll+0x3b2646]
V  [jvm.dll+0x3b2918]
V  [jvm.dll+0x32af0c]
V  [jvm.dll+0x32d916]
V  [jvm.dll+0x3377ed]
V  [jvm.dll+0x36ef55]
V  [jvm.dll+0x86f618]
V  [jvm.dll+0x870994]
V  [jvm.dll+0x870ed0]
V  [jvm.dll+0x871163]
V  [jvm.dll+0x80f118]
V  [jvm.dll+0x6d54ed]
C  [ucrtbase.dll+0x2cd30]
C  [KERNEL32.DLL+0x2ccb7]
C  [ntdll.dll+0xaad6c]

VM_Operation (0x0000007edd1ff620): G1PauseRemark, mode: safepoint, requested by thread 0x000001823a8fe5b0


---------------  P R O C E S S  ---------------

Threads class SMR info:
_java_thread_list=0x000001825b3cc570, length=149, elements={
0x00000182385dbed0, 0x000001825402b510, 0x000001825403ff60, 0x00000182540409c0,
0x0000018254042f80, 0x00000182540439e0, 0x0000018254044be0, 0x000001825405b550,
0x000001825406ca90, 0x000001825406fce0, 0x000001825438ac30, 0x00000182558f0030,
0x0000018254fc2a90, 0x00000182562e6370, 0x000001825618eb70, 0x0000018255a45c20,
0x000001825590d7b0, 0x000001825590e4d0, 0x000001825590de40, 0x000001825590eb60,
0x000001825590ca90, 0x000001825590d120, 0x000001825590f1f0, 0x000001825590ff10,
0x00000182568227a0, 0x00000182568234c0, 0x0000018256821a80, 0x00000182568241e0,
0x0000018256822110, 0x0000018256820d60, 0x0000018256824870, 0x0000018256822e30,
0x0000018256826940, 0x0000018256827660, 0x0000018256828380, 0x0000018256825590,
0x0000018254f410f0, 0x0000018254f41780, 0x0000018254f40a60, 0x0000018254f3e300,
0x0000018254f403d0, 0x0000018254f41e10, 0x0000018254f3e990, 0x0000018254f3f020,
0x0000018254f424a0, 0x0000018254f3fd40, 0x0000018254f42b30, 0x0000018254f3f6b0,
0x0000018254f431c0, 0x0000018254f43ee0, 0x0000018254f45290, 0x000001825b2109d0,
0x000001825b20e900, 0x000001825b20f620, 0x000001825b20dbe0, 0x000001825b20d550,
0x000001825b213130, 0x000001825b2116f0, 0x000001825b211d80, 0x000001825b211060,
0x000001825b20fcb0, 0x000001825b2137c0, 0x000001825b212410, 0x000001825b213e50,
0x000001825b2144e0, 0x000001825b214b70, 0x000001825b212aa0, 0x0000018256b57780,
0x0000018256b58b30, 0x0000018256b556b0, 0x0000018256b5ac00, 0x0000018256b59ee0,
0x0000018256b5b920, 0x0000018256b5bfb0, 0x0000018256b591c0, 0x0000018256b59850,
0x000001825b210340, 0x000001825b20ef90, 0x000001825b20e270, 0x0000018256824f00,
0x000001825a0682d0, 0x000001825a068960, 0x000001825a0675b0, 0x000001825a06b0c0,
0x000001825a068ff0, 0x000001825a067c40, 0x000001825a06cb00, 0x000001825a06aa30,
0x000001825a069d10, 0x000001825a06b750, 0x000001825a06bde0, 0x000001825a06c470,
0x000001825a069680, 0x000001825a06d190, 0x000001825a06d820, 0x000001825a06a3a0,
0x000001825a06deb0, 0x000001825a06e540, 0x000001825a06ebd0, 0x000001825ad6cef0,
0x000001825ad6c1d0, 0x000001825ad69a70, 0x000001825ad6c860, 0x000001825ad6d580,
0x000001825a8ebe90, 0x000001825a8e9dc0, 0x000001825a8ed8d0, 0x000001825a8f0030,
0x000001825a8f06c0, 0x000001825a8ee5f0, 0x000001825a8edf60, 0x000001825a8ef9a0,
0x000001825a8eec80, 0x000001825a8ef310, 0x0000018258733b00, 0x0000018258734190,
0x0000018258734eb0, 0x0000018258732de0, 0x0000018258734820, 0x0000018258735540,
0x0000018258735bd0, 0x0000018258733470, 0x0000018258738330, 0x00000182587389c0,
0x0000018258737ca0, 0x0000018258739050, 0x0000018258736260, 0x00000182587396e0,
0x0000018258739d70, 0x0000018258736f80, 0x00000182587368f0, 0x000001825873a400,
0x0000018258737610, 0x000001825ad6a790, 0x000001825ad6a100, 0x000001825ad6bb40,
0x000001825ad6dc10, 0x000001825ad6e2a0, 0x000001825ad6ae20, 0x000001825ad6e930,
0x000001825ad6b4b0, 0x0000018257fd6900, 0x000001825ad6fce0, 0x000001825ad70a00,
0x000001825ad6f650, 0x000001825ad71090, 0x000001825ad70370, 0x000001825a8eb170,
0x000001825a8eb800
}

Java Threads: ( => current thread )
  0x00000182385dbed0 JavaThread "main"                              [_thread_blocked, id=33548, stack(0x0000007edcf00000,0x0000007edd000000) (1024K)]
  0x000001825402b510 JavaThread "Common-Cleaner"             daemon [_thread_blocked, id=36016, stack(0x0000007edd700000,0x0000007edd800000) (1024K)]
  0x000001825403ff60 JavaThread "Reference Handler"          daemon [_thread_blocked, id=35036, stack(0x0000007edd800000,0x0000007edd900000) (1024K)]
  0x00000182540409c0 JavaThread "Finalizer"                  daemon [_thread_blocked, id=28904, stack(0x0000007edd900000,0x0000007edda00000) (1024K)]
  0x0000018254042f80 JavaThread "Signal Dispatcher"          daemon [_thread_blocked, id=27668, stack(0x0000007edda00000,0x0000007eddb00000) (1024K)]
  0x00000182540439e0 JavaThread "Attach Listener"            daemon [_thread_blocked, id=31208, stack(0x0000007eddb00000,0x0000007eddc00000) (1024K)]
  0x0000018254044be0 JavaThread "Service Thread"             daemon [_thread_blocked, id=31192, stack(0x0000007eddc00000,0x0000007eddd00000) (1024K)]
  0x000001825405b550 JavaThread "Monitor Deflation Thread"   daemon [_thread_blocked, id=10468, stack(0x0000007eddd00000,0x0000007edde00000) (1024K)]
  0x000001825406ca90 JavaThread "C2 CompilerThread0"         daemon [_thread_blocked, id=34504, stack(0x0000007edde00000,0x0000007eddf00000) (1024K)]
  0x000001825406fce0 JavaThread "C1 CompilerThread0"         daemon [_thread_blocked, id=4336, stack(0x0000007eddf00000,0x0000007ede000000) (1024K)]
  0x000001825438ac30 JavaThread "Notification Thread"        daemon [_thread_blocked, id=29916, stack(0x0000007ede000000,0x0000007ede100000) (1024K)]
  0x00000182558f0030 JavaThread "Daemon health stats"               [_thread_blocked, id=28088, stack(0x0000007ede600000,0x0000007ede700000) (1024K)]
  0x0000018254fc2a90 JavaThread "Incoming local TCP Connector on port 63426"        [_thread_in_native, id=15760, stack(0x0000007ede700000,0x0000007ede800000) (1024K)]
  0x00000182562e6370 JavaThread "Daemon periodic checks"            [_thread_blocked, id=36988, stack(0x0000007ede800000,0x0000007ede900000) (1024K)]
  0x000001825618eb70 JavaThread "Daemon"                            [_thread_blocked, id=3220, stack(0x0000007ede900000,0x0000007edea00000) (1024K)]
  0x0000018255a45c20 JavaThread "Handler for socket connection from /127.0.0.1:63426 to /127.0.0.1:63427"        [_thread_in_native, id=940, stack(0x0000007edea00000,0x0000007edeb00000) (1024K)]
  0x000001825590d7b0 JavaThread "Cancel handler"                    [_thread_blocked, id=10956, stack(0x0000007edeb00000,0x0000007edec00000) (1024K)]
  0x000001825590e4d0 JavaThread "Daemon worker"                     [_thread_blocked, id=25832, stack(0x0000007edec00000,0x0000007eded00000) (1024K)]
  0x000001825590de40 JavaThread "Asynchronous log dispatcher for DefaultDaemonConnection: socket connection from /127.0.0.1:63426 to /127.0.0.1:63427"        [_thread_blocked, id=36960, stack(0x0000007eded00000,0x0000007edee00000) (1024K)]
  0x000001825590eb60 JavaThread "Stdin handler"                     [_thread_blocked, id=23796, stack(0x0000007edee00000,0x0000007edef00000) (1024K)]
  0x000001825590ca90 JavaThread "Daemon client event forwarder"        [_thread_blocked, id=10444, stack(0x0000007edef00000,0x0000007edf000000) (1024K)]
  0x000001825590d120 JavaThread "Cache worker for journal cache (C:\Users\rajku\.gradle\caches\journal-1)"        [_thread_blocked, id=14804, stack(0x0000007ede100000,0x0000007ede200000) (1024K)]
  0x000001825590f1f0 JavaThread "File lock request listener"        [_thread_in_native, id=23436, stack(0x0000007edf400000,0x0000007edf500000) (1024K)]
  0x000001825590ff10 JavaThread "Cache worker for file hash cache (C:\Users\rajku\.gradle\caches\8.5\fileHashes)"        [_thread_blocked, id=17256, stack(0x0000007edf600000,0x0000007edf700000) (1024K)]
  0x00000182568227a0 JavaThread "File watcher server"        daemon [_thread_blocked, id=28124, stack(0x0000007edf700000,0x0000007edf800000) (1024K)]
  0x00000182568234c0 JavaThread "File watcher consumer"      daemon [_thread_blocked, id=37408, stack(0x0000007edf800000,0x0000007edf900000) (1024K)]
  0x0000018256821a80 JavaThread "Cache worker for checksums cache (D:\itantra\mobile_app_apk\android\.gradle\8.5\checksums)"        [_thread_blocked, id=14700, stack(0x0000007edf900000,0x0000007edfa00000) (1024K)]
  0x00000182568241e0 JavaThread "Cache worker for file hash cache (D:\itantra\mobile_app_apk\android\.gradle\8.5\fileHashes)"        [_thread_blocked, id=28004, stack(0x0000007edfa00000,0x0000007edfb00000) (1024K)]
  0x0000018256822110 JavaThread "Cache worker for cache directory md-supplier (C:\Users\rajku\.gradle\caches\8.5\md-supplier)"        [_thread_blocked, id=17120, stack(0x0000007edfb00000,0x0000007edfc00000) (1024K)]
  0x0000018256820d60 JavaThread "Cache worker for cache directory md-rule (C:\Users\rajku\.gradle\caches\8.5\md-rule)"        [_thread_blocked, id=36956, stack(0x0000007edfc00000,0x0000007edfd00000) (1024K)]
  0x0000018256824870 JavaThread "Cache worker for file content cache (C:\Users\rajku\.gradle\caches\8.5\fileContent)"        [_thread_blocked, id=37772, stack(0x0000007edfd00000,0x0000007edfe00000) (1024K)]
  0x0000018256822e30 JavaThread "Cache worker for execution history cache (C:\Users\rajku\.gradle\caches\8.5\executionHistory)"        [_thread_blocked, id=25096, stack(0x0000007edfe00000,0x0000007edff00000) (1024K)]
  0x0000018256826940 JavaThread "jar transforms"                    [_thread_blocked, id=7320, stack(0x0000007edff00000,0x0000007ee0000000) (1024K)]
  0x0000018256827660 JavaThread "jar transforms Thread 2"           [_thread_blocked, id=34072, stack(0x0000007ee0000000,0x0000007ee0100000) (1024K)]
  0x0000018256828380 JavaThread "Cache worker for dependencies-accessors (D:\itantra\mobile_app_apk\android\.gradle\8.5\dependencies-accessors)"        [_thread_blocked, id=20040, stack(0x0000007ee0100000,0x0000007ee0200000) (1024K)]
  0x0000018256825590 JavaThread "jar transforms Thread 3"           [_thread_blocked, id=34188, stack(0x0000007ee0200000,0x0000007ee0300000) (1024K)]
  0x0000018254f410f0 JavaThread "Cache worker for Build Output Cleanup Cache (D:\itantra\mobile_app_apk\android\.gradle\buildOutputCleanup)"        [_thread_blocked, id=35056, stack(0x0000007ee0300000,0x0000007ee0400000) (1024K)]
  0x0000018254f41780 JavaThread "Unconstrained build operations"        [_thread_blocked, id=35148, stack(0x0000007edf500000,0x0000007edf600000) (1024K)]
  0x0000018254f40a60 JavaThread "Unconstrained build operations Thread 2"        [_thread_blocked, id=26192, stack(0x0000007ee0400000,0x0000007ee0500000) (1024K)]
  0x0000018254f3e300 JavaThread "Unconstrained build operations Thread 3"        [_thread_blocked, id=2084, stack(0x0000007ee0500000,0x0000007ee0600000) (1024K)]
  0x0000018254f403d0 JavaThread "Unconstrained build operations Thread 4"        [_thread_blocked, id=24980, stack(0x0000007ee0600000,0x0000007ee0700000) (1024K)]
  0x0000018254f41e10 JavaThread "Unconstrained build operations Thread 5"        [_thread_blocked, id=37160, stack(0x0000007ee0700000,0x0000007ee0800000) (1024K)]
  0x0000018254f3e990 JavaThread "Unconstrained build operations Thread 6"        [_thread_blocked, id=31480, stack(0x0000007ee0800000,0x0000007ee0900000) (1024K)]
  0x0000018254f3f020 JavaThread "Unconstrained build operations Thread 7"        [_thread_blocked, id=23868, stack(0x0000007ee0900000,0x0000007ee0a00000) (1024K)]
  0x0000018254f424a0 JavaThread "jar transforms Thread 4"           [_thread_blocked, id=27300, stack(0x0000007ee0b00000,0x0000007ee0c00000) (1024K)]
  0x0000018254f3fd40 JavaThread "jar transforms Thread 5"           [_thread_blocked, id=22932, stack(0x0000007ee0c00000,0x0000007ee0d00000) (1024K)]
  0x0000018254f42b30 JavaThread "jar transforms Thread 6"           [_thread_blocked, id=35084, stack(0x0000007ee0d00000,0x0000007ee0e00000) (1024K)]
  0x0000018254f3f6b0 JavaThread "jar transforms Thread 7"           [_thread_blocked, id=24348, stack(0x0000007ee0e00000,0x0000007ee0f00000) (1024K)]
  0x0000018254f431c0 JavaThread "jar transforms Thread 8"           [_thread_blocked, id=33452, stack(0x0000007ee0f00000,0x0000007ee1000000) (1024K)]
  0x0000018254f43ee0 JavaThread "Memory manager"                    [_thread_blocked, id=28396, stack(0x0000007ee1000000,0x0000007ee1100000) (1024K)]
  0x0000018254f45290 JavaThread "build event listener"              [_thread_blocked, id=21348, stack(0x0000007ee1100000,0x0000007ee1200000) (1024K)]
  0x000001825b2109d0 JavaThread "included builds"                   [_thread_blocked, id=34412, stack(0x0000007ee0a00000,0x0000007ee0b00000) (1024K)]
  0x000001825b20e900 JavaThread "Execution worker"                  [_thread_blocked, id=26512, stack(0x0000007ee1200000,0x0000007ee1300000) (1024K)]
  0x000001825b20f620 JavaThread "Execution worker Thread 2"         [_thread_blocked, id=18340, stack(0x0000007ee1300000,0x0000007ee1400000) (1024K)]
  0x000001825b20dbe0 JavaThread "Execution worker Thread 3"         [_thread_blocked, id=24412, stack(0x0000007ee1400000,0x0000007ee1500000) (1024K)]
  0x000001825b20d550 JavaThread "Execution worker Thread 4"         [_thread_blocked, id=11580, stack(0x0000007ee1500000,0x0000007ee1600000) (1024K)]
  0x000001825b213130 JavaThread "Execution worker Thread 5"         [_thread_blocked, id=3872, stack(0x0000007ee1600000,0x0000007ee1700000) (1024K)]
  0x000001825b2116f0 JavaThread "Execution worker Thread 6"         [_thread_blocked, id=372, stack(0x0000007ee1700000,0x0000007ee1800000) (1024K)]
  0x000001825b211d80 JavaThread "Execution worker Thread 7"         [_thread_blocked, id=21440, stack(0x0000007ee1800000,0x0000007ee1900000) (1024K)]
  0x000001825b211060 JavaThread "Cache worker for execution history cache (D:\itantra\mobile_app_apk\android\.gradle\8.5\executionHistory)"        [_thread_blocked, id=8856, stack(0x0000007ee1900000,0x0000007ee1a00000) (1024K)]
  0x000001825b20fcb0 JavaThread "Unconstrained build operations Thread 8"        [_thread_blocked, id=17316, stack(0x0000007ee1a00000,0x0000007ee1b00000) (1024K)]
  0x000001825b2137c0 JavaThread "Unconstrained build operations Thread 9"        [_thread_blocked, id=18916, stack(0x0000007ee1b00000,0x0000007ee1c00000) (1024K)]
  0x000001825b212410 JavaThread "Unconstrained build operations Thread 10"        [_thread_blocked, id=15172, stack(0x0000007ee1c00000,0x0000007ee1d00000) (1024K)]
  0x000001825b213e50 JavaThread "Unconstrained build operations Thread 11"        [_thread_blocked, id=32492, stack(0x0000007ee1d00000,0x0000007ee1e00000) (1024K)]
  0x000001825b2144e0 JavaThread "Unconstrained build operations Thread 12"        [_thread_blocked, id=35044, stack(0x0000007ee1e00000,0x0000007ee1f00000) (1024K)]
  0x000001825b214b70 JavaThread "Unconstrained build operations Thread 13"        [_thread_blocked, id=2636, stack(0x0000007ee1f00000,0x0000007ee2000000) (1024K)]
  0x000001825b212aa0 JavaThread "Unconstrained build operations Thread 14"        [_thread_blocked, id=27040, stack(0x0000007ee2000000,0x0000007ee2100000) (1024K)]
  0x0000018256b57780 JavaThread "Unconstrained build operations Thread 15"        [_thread_blocked, id=26688, stack(0x0000007ee2100000,0x0000007ee2200000) (1024K)]
  0x0000018256b58b30 JavaThread "Unconstrained build operations Thread 16"        [_thread_blocked, id=12732, stack(0x0000007ee2200000,0x0000007ee2300000) (1024K)]
  0x0000018256b556b0 JavaThread "Unconstrained build operations Thread 17"        [_thread_blocked, id=20512, stack(0x0000007ee2300000,0x0000007ee2400000) (1024K)]
  0x0000018256b5ac00 JavaThread "Unconstrained build operations Thread 18"        [_thread_blocked, id=28248, stack(0x0000007ee2400000,0x0000007ee2500000) (1024K)]
  0x0000018256b59ee0 JavaThread "Unconstrained build operations Thread 19"        [_thread_blocked, id=29768, stack(0x0000007ee2500000,0x0000007ee2600000) (1024K)]
  0x0000018256b5b920 JavaThread "Unconstrained build operations Thread 20"        [_thread_blocked, id=36920, stack(0x0000007ee2600000,0x0000007ee2700000) (1024K)]
  0x0000018256b5bfb0 JavaThread "Unconstrained build operations Thread 21"        [_thread_blocked, id=4696, stack(0x0000007ee2700000,0x0000007ee2800000) (1024K)]
  0x0000018256b591c0 JavaThread "Unconstrained build operations Thread 22"        [_thread_blocked, id=22844, stack(0x0000007ee2800000,0x0000007ee2900000) (1024K)]
  0x0000018256b59850 JavaThread "Unconstrained build operations Thread 23"        [_thread_blocked, id=27376, stack(0x0000007ee2900000,0x0000007ee2a00000) (1024K)]
  0x000001825b210340 JavaThread "Unconstrained build operations Thread 24"        [_thread_blocked, id=3800, stack(0x0000007ee2a00000,0x0000007ee2b00000) (1024K)]
  0x000001825b20ef90 JavaThread "Unconstrained build operations Thread 25"        [_thread_blocked, id=5932, stack(0x0000007ee2b00000,0x0000007ee2c00000) (1024K)]
  0x000001825b20e270 JavaThread "Unconstrained build operations Thread 26"        [_thread_blocked, id=28412, stack(0x0000007ee2c00000,0x0000007ee2d00000) (1024K)]
  0x0000018256824f00 JavaThread "Unconstrained build operations Thread 27"        [_thread_blocked, id=14248, stack(0x0000007ee2d00000,0x0000007ee2e00000) (1024K)]
  0x000001825a0682d0 JavaThread "Unconstrained build operations Thread 28"        [_thread_blocked, id=24180, stack(0x0000007ee2e00000,0x0000007ee2f00000) (1024K)]
  0x000001825a068960 JavaThread "Unconstrained build operations Thread 29"        [_thread_blocked, id=30952, stack(0x0000007ee2f00000,0x0000007ee3000000) (1024K)]
  0x000001825a0675b0 JavaThread "Unconstrained build operations Thread 30"        [_thread_blocked, id=25332, stack(0x0000007ee3000000,0x0000007ee3100000) (1024K)]
  0x000001825a06b0c0 JavaThread "Unconstrained build operations Thread 31"        [_thread_blocked, id=31296, stack(0x0000007ee3100000,0x0000007ee3200000) (1024K)]
  0x000001825a068ff0 JavaThread "Unconstrained build operations Thread 32"        [_thread_blocked, id=28884, stack(0x0000007ee3200000,0x0000007ee3300000) (1024K)]
  0x000001825a067c40 JavaThread "Unconstrained build operations Thread 33"        [_thread_blocked, id=24920, stack(0x0000007ee3300000,0x0000007ee3400000) (1024K)]
  0x000001825a06cb00 JavaThread "Unconstrained build operations Thread 34"        [_thread_blocked, id=28996, stack(0x0000007ee3400000,0x0000007ee3500000) (1024K)]
  0x000001825a06aa30 JavaThread "Unconstrained build operations Thread 35"        [_thread_blocked, id=25100, stack(0x0000007ee3500000,0x0000007ee3600000) (1024K)]
  0x000001825a069d10 JavaThread "Unconstrained build operations Thread 36"        [_thread_blocked, id=34520, stack(0x0000007ee3600000,0x0000007ee3700000) (1024K)]
  0x000001825a06b750 JavaThread "Unconstrained build operations Thread 37"        [_thread_blocked, id=34768, stack(0x0000007ee3700000,0x0000007ee3800000) (1024K)]
  0x000001825a06bde0 JavaThread "Unconstrained build operations Thread 38"        [_thread_blocked, id=17240, stack(0x0000007ee3800000,0x0000007ee3900000) (1024K)]
  0x000001825a06c470 JavaThread "Unconstrained build operations Thread 39"        [_thread_blocked, id=22796, stack(0x0000007ee3900000,0x0000007ee3a00000) (1024K)]
  0x000001825a069680 JavaThread "Unconstrained build operations Thread 40"        [_thread_blocked, id=8952, stack(0x0000007ee3a00000,0x0000007ee3b00000) (1024K)]
  0x000001825a06d190 JavaThread "Unconstrained build operations Thread 41"        [_thread_blocked, id=31764, stack(0x0000007ee3b00000,0x0000007ee3c00000) (1024K)]
  0x000001825a06d820 JavaThread "Unconstrained build operations Thread 42"        [_thread_blocked, id=29524, stack(0x0000007ee3c00000,0x0000007ee3d00000) (1024K)]
  0x000001825a06a3a0 JavaThread "Unconstrained build operations Thread 43"        [_thread_blocked, id=33132, stack(0x0000007ee3d00000,0x0000007ee3e00000) (1024K)]
  0x000001825a06deb0 JavaThread "Unconstrained build operations Thread 44"        [_thread_blocked, id=34852, stack(0x0000007ee3e00000,0x0000007ee3f00000) (1024K)]
  0x000001825a06e540 JavaThread "Unconstrained build operations Thread 45"        [_thread_blocked, id=17996, stack(0x0000007ee3f00000,0x0000007ee4000000) (1024K)]
  0x000001825a06ebd0 JavaThread "Unconstrained build operations Thread 46"        [_thread_blocked, id=36704, stack(0x0000007ee4000000,0x0000007ee4100000) (1024K)]
  0x000001825ad6cef0 JavaThread "Unconstrained build operations Thread 47"        [_thread_blocked, id=37368, stack(0x0000007ee4100000,0x0000007ee4200000) (1024K)]
  0x000001825ad6c1d0 JavaThread "Unconstrained build operations Thread 48"        [_thread_blocked, id=34868, stack(0x0000007ee4200000,0x0000007ee4300000) (1024K)]
  0x000001825ad69a70 JavaThread "Unconstrained build operations Thread 49"        [_thread_blocked, id=360, stack(0x0000007ee4300000,0x0000007ee4400000) (1024K)]
  0x000001825ad6c860 JavaThread "Unconstrained build operations Thread 50"        [_thread_blocked, id=32364, stack(0x0000007ee4400000,0x0000007ee4500000) (1024K)]
  0x000001825ad6d580 JavaThread "Unconstrained build operations Thread 51"        [_thread_blocked, id=27324, stack(0x0000007ee4500000,0x0000007ee4600000) (1024K)]
  0x000001825a8ebe90 JavaThread "Unconstrained build operations Thread 52"        [_thread_blocked, id=22548, stack(0x0000007ee4600000,0x0000007ee4700000) (1024K)]
  0x000001825a8e9dc0 JavaThread "Unconstrained build operations Thread 53"        [_thread_blocked, id=24304, stack(0x0000007ee4700000,0x0000007ee4800000) (1024K)]
  0x000001825a8ed8d0 JavaThread "Unconstrained build operations Thread 54"        [_thread_blocked, id=33604, stack(0x0000007ee4800000,0x0000007ee4900000) (1024K)]
  0x000001825a8f0030 JavaThread "Unconstrained build operations Thread 55"        [_thread_blocked, id=26588, stack(0x0000007ee4900000,0x0000007ee4a00000) (1024K)]
  0x000001825a8f06c0 JavaThread "Unconstrained build operations Thread 56"        [_thread_blocked, id=21128, stack(0x0000007ee4a00000,0x0000007ee4b00000) (1024K)]
  0x000001825a8ee5f0 JavaThread "Unconstrained build operations Thread 57"        [_thread_blocked, id=22952, stack(0x0000007ee4b00000,0x0000007ee4c00000) (1024K)]
  0x000001825a8edf60 JavaThread "Unconstrained build operations Thread 58"        [_thread_blocked, id=16156, stack(0x0000007ee4c00000,0x0000007ee4d00000) (1024K)]
  0x000001825a8ef9a0 JavaThread "Unconstrained build operations Thread 59"        [_thread_blocked, id=22740, stack(0x0000007ee4d00000,0x0000007ee4e00000) (1024K)]
  0x000001825a8eec80 JavaThread "Unconstrained build operations Thread 60"        [_thread_blocked, id=19904, stack(0x0000007ee4e00000,0x0000007ee4f00000) (1024K)]
  0x000001825a8ef310 JavaThread "Unconstrained build operations Thread 61"        [_thread_blocked, id=32092, stack(0x0000007ee4f00000,0x0000007ee5000000) (1024K)]
  0x0000018258733b00 JavaThread "Unconstrained build operations Thread 62"        [_thread_blocked, id=22656, stack(0x0000007ee5000000,0x0000007ee5100000) (1024K)]
  0x0000018258734190 JavaThread "Unconstrained build operations Thread 63"        [_thread_blocked, id=35400, stack(0x0000007ee5100000,0x0000007ee5200000) (1024K)]
  0x0000018258734eb0 JavaThread "Unconstrained build operations Thread 64"        [_thread_blocked, id=29684, stack(0x0000007ee5200000,0x0000007ee5300000) (1024K)]
  0x0000018258732de0 JavaThread "Unconstrained build operations Thread 65"        [_thread_blocked, id=37028, stack(0x0000007ee5300000,0x0000007ee5400000) (1024K)]
  0x0000018258734820 JavaThread "Unconstrained build operations Thread 66"        [_thread_blocked, id=27832, stack(0x0000007ee5400000,0x0000007ee5500000) (1024K)]
  0x0000018258735540 JavaThread "Unconstrained build operations Thread 67"        [_thread_blocked, id=30040, stack(0x0000007ee5500000,0x0000007ee5600000) (1024K)]
  0x0000018258735bd0 JavaThread "Unconstrained build operations Thread 68"        [_thread_blocked, id=31976, stack(0x0000007ee5600000,0x0000007ee5700000) (1024K)]
  0x0000018258733470 JavaThread "Unconstrained build operations Thread 69"        [_thread_blocked, id=12472, stack(0x0000007ee5700000,0x0000007ee5800000) (1024K)]
  0x0000018258738330 JavaThread "Unconstrained build operations Thread 70"        [_thread_blocked, id=35724, stack(0x0000007ee5800000,0x0000007ee5900000) (1024K)]
  0x00000182587389c0 JavaThread "Unconstrained build operations Thread 71"        [_thread_blocked, id=32300, stack(0x0000007ee5900000,0x0000007ee5a00000) (1024K)]
  0x0000018258737ca0 JavaThread "Unconstrained build operations Thread 72"        [_thread_blocked, id=32308, stack(0x0000007ee5a00000,0x0000007ee5b00000) (1024K)]
  0x0000018258739050 JavaThread "Unconstrained build operations Thread 73"        [_thread_blocked, id=3700, stack(0x0000007ee5b00000,0x0000007ee5c00000) (1024K)]
  0x0000018258736260 JavaThread "Unconstrained build operations Thread 74"        [_thread_blocked, id=8976, stack(0x0000007ee5c00000,0x0000007ee5d00000) (1024K)]
  0x00000182587396e0 JavaThread "WorkerExecutor Queue"              [_thread_blocked, id=17852, stack(0x0000007ee5d00000,0x0000007ee5e00000) (1024K)]
  0x0000018258739d70 JavaThread "WorkerExecutor Queue Thread 2"        [_thread_blocked, id=30940, stack(0x0000007ee5e00000,0x0000007ee5f00000) (1024K)]
  0x0000018258736f80 JavaThread "WorkerExecutor Queue Thread 3"        [_thread_blocked, id=12092, stack(0x0000007ee5f00000,0x0000007ee6000000) (1024K)]
  0x00000182587368f0 JavaThread "WorkerExecutor Queue Thread 4"        [_thread_blocked, id=21980, stack(0x0000007ee6000000,0x0000007ee6100000) (1024K)]
  0x000001825873a400 JavaThread "WorkerExecutor Queue Thread 5"        [_thread_blocked, id=30208, stack(0x0000007ee6100000,0x0000007ee6200000) (1024K)]
  0x0000018258737610 JavaThread "WorkerExecutor Queue Thread 6"        [_thread_blocked, id=28044, stack(0x0000007ee6200000,0x0000007ee6300000) (1024K)]
  0x000001825ad6a790 JavaThread "WorkerExecutor Queue Thread 7"        [_thread_blocked, id=31376, stack(0x0000007ee6300000,0x0000007ee6400000) (1024K)]
  0x000001825ad6a100 JavaThread "WorkerExecutor Queue Thread 8"        [_thread_blocked, id=33052, stack(0x0000007ee6400000,0x0000007ee6500000) (1024K)]
  0x000001825ad6bb40 JavaThread "Unconstrained build operations Thread 75"        [_thread_blocked, id=28968, stack(0x0000007ee6500000,0x0000007ee6600000) (1024K)]
  0x000001825ad6dc10 JavaThread "Unconstrained build operations Thread 76"        [_thread_blocked, id=15784, stack(0x0000007ee6600000,0x0000007ee6700000) (1024K)]
  0x000001825ad6e2a0 JavaThread "Unconstrained build operations Thread 77"        [_thread_blocked, id=6348, stack(0x0000007ee6700000,0x0000007ee6800000) (1024K)]
  0x000001825ad6ae20 JavaThread "Unconstrained build operations Thread 78"        [_thread_blocked, id=36480, stack(0x0000007ee6800000,0x0000007ee6900000) (1024K)]
  0x000001825ad6e930 JavaThread "Unconstrained build operations Thread 79"        [_thread_blocked, id=7720, stack(0x0000007ee6900000,0x0000007ee6a00000) (1024K)]
  0x000001825ad6b4b0 JavaThread "Unconstrained build operations Thread 80"        [_thread_blocked, id=37192, stack(0x0000007ee6a00000,0x0000007ee6b00000) (1024K)]
  0x0000018257fd6900 JavaThread "C2 CompilerThread1"         daemon [_thread_blocked, id=27912, stack(0x0000007ee6b00000,0x0000007ee6c00000) (1024K)]
  0x000001825ad6fce0 JavaThread "ForkJoinPool.commonPool-worker-1" daemon [_thread_blocked, id=33080, stack(0x0000007ee6c00000,0x0000007ee6d00000) (1024K)]
  0x000001825ad70a00 JavaThread "ForkJoinPool.commonPool-worker-2" daemon [_thread_blocked, id=15220, stack(0x0000007ee6d00000,0x0000007ee6e00000) (1024K)]
  0x000001825ad6f650 JavaThread "ForkJoinPool.commonPool-worker-3" daemon [_thread_blocked, id=23456, stack(0x0000007ee6e00000,0x0000007ee6f00000) (1024K)]
  0x000001825ad71090 JavaThread "ForkJoinPool.commonPool-worker-4" daemon [_thread_blocked, id=18252, stack(0x0000007ee6f00000,0x0000007ee7000000) (1024K)]
  0x000001825ad70370 JavaThread "ForkJoinPool.commonPool-worker-5" daemon [_thread_blocked, id=2624, stack(0x0000007ee7000000,0x0000007ee7100000) (1024K)]
  0x000001825a8eb170 JavaThread "ForkJoinPool.commonPool-worker-6" daemon [_thread_blocked, id=10004, stack(0x0000007ee7100000,0x0000007ee7200000) (1024K)]
  0x000001825a8eb800 JavaThread "ForkJoinPool.commonPool-worker-7" daemon [_thread_blocked, id=34240, stack(0x0000007ee7200000,0x0000007ee7300000) (1024K)]
Total: 149

Other Threads:
=>0x000001824fb88060 VMThread "VM Thread"                           [id=27368, stack(0x0000007edd600000,0x0000007edd700000) (1024K)]
  0x000001823a98e320 WatcherThread "VM Periodic Task Thread"        [id=34844, stack(0x0000007edd500000,0x0000007edd600000) (1024K)]
  0x000001823a8faeb0 WorkerThread "GC Thread#0"                     [id=19924, stack(0x0000007edd000000,0x0000007edd100000) (1024K)]
  0x0000018254d11b90 WorkerThread "GC Thread#1"                     [id=19588, stack(0x0000007ede200000,0x0000007ede300000) (1024K)]
  0x0000018254be3230 WorkerThread "GC Thread#2"                     [id=25968, stack(0x0000007ede300000,0x0000007ede400000) (1024K)]
  0x0000018254be35d0 WorkerThread "GC Thread#3"                     [id=29228, stack(0x0000007ede400000,0x0000007ede500000) (1024K)]
  0x0000018254f7b910 WorkerThread "GC Thread#4"                     [id=16532, stack(0x0000007ede500000,0x0000007ede600000) (1024K)]
  0x00000182565eff40 WorkerThread "GC Thread#5"                     [id=8672, stack(0x0000007edf000000,0x0000007edf100000) (1024K)]
  0x0000018255ba8cb0 WorkerThread "GC Thread#6"                     [id=33512, stack(0x0000007edf100000,0x0000007edf200000) (1024K)]
  0x0000018255ba9050 WorkerThread "GC Thread#7"                     [id=30752, stack(0x0000007edf200000,0x0000007edf300000) (1024K)]
  0x000001823a8fe5b0 ConcurrentGCThread "G1 Main Marker"            [id=10592, stack(0x0000007edd100000,0x0000007edd200000) (1024K)]
  0x000001823a9005a0 WorkerThread "G1 Conc#0"                       [id=35164, stack(0x0000007edd200000,0x0000007edd300000) (1024K)]
  0x0000018256395200 WorkerThread "G1 Conc#1"                       [id=2932, stack(0x0000007edf300000,0x0000007edf400000) (1024K)]
  0x000001824fa020c0 ConcurrentGCThread "G1 Refine#0"               [id=13096, stack(0x0000007edd300000,0x0000007edd400000) (1024K)]
  0x000001824fa029e0 ConcurrentGCThread "G1 Service"                [id=35520, stack(0x0000007edd400000,0x0000007edd500000) (1024K)]
Total: 15

Threads with active compile tasks:
C2 CompilerThread0  21996 13358   !   4       org.gradle.internal.classloader.TransformReplacer::getInstrumentedClass (34 bytes)
C2 CompilerThread1  21996 13370       4       java.math.BigInteger::montReduce (99 bytes)
Total: 2

VM state: at safepoint (normal execution)

VM Mutex/Monitor currently owned by a thread:  ([mutex/lock_event])
[0x00007ffb97618690] Threads_lock - owner thread: 0x000001824fb88060
[0x00007ffb97618790] Heap_lock - owner thread: 0x000001823a8fe5b0

Heap address: 0x00000000f0000000, size: 256 MB, Compressed Oops mode: 32-bit

CDS archive(s) not mapped
Compressed class space mapped at: 0x0000000100000000-0x0000000140000000, reserved size: 1073741824
Narrow klass base: 0x0000000000000000, Narrow klass shift: 3, Narrow klass range: 0x140000000

GC Precious Log:
 CardTable entry size: 512
 Card Set container configuration: InlinePtr #cards 5 size 8 Array Of Cards #cards 12 size 40 Howl #buckets 4 coarsen threshold 1843 Howl Bitmap #cards 512 size 80 coarsen threshold 460 Card regions per heap region 1 cards per card region 2048
 CPUs: 8 total, 8 available
 Memory: 7835M
 Large Page Support: Disabled
 NUMA Support: Disabled
 Compressed Oops: Enabled (32-bit)
 Heap Region Size: 1M
 Heap Min Capacity: 8M
 Heap Initial Capacity: 124M
 Heap Max Capacity: 256M
 Pre-touch: Disabled
 Parallel Workers: 8
 Concurrent Workers: 2
 Concurrent Refinement Workers: 8
 Periodic GC: Disabled

Heap:
 garbage-first heap   total 183296K, used 139169K [0x00000000f0000000, 0x0000000100000000)
  region size 1024K, 10 young (10240K), 8 survivors (8192K)
 Metaspace       used 110977K, committed 112960K, reserved 1179648K
  class space    used 15609K, committed 16576K, reserved 1048576K

Heap Regions: E=young(eden), S=young(survivor), O=old, HS=humongous(starts), HC=humongous(continues), CS=collection set, F=free, TAMS=top-at-mark-start, PB=parsable bottom
|   0|0x00000000f0000000, 0x00000000f0100000, 0x00000000f0100000|100%| O|  |TAMS 0x00000000f0100000| PB 0x00000000f0100000| Untracked 
|   1|0x00000000f0100000, 0x00000000f0200000, 0x00000000f0200000|100%| O|  |TAMS 0x00000000f0200000| PB 0x00000000f0200000| Updating 
|   2|0x00000000f0200000, 0x00000000f0300000, 0x00000000f0300000|100%|HS|  |TAMS 0x00000000f0300000| PB 0x00000000f0200000| Complete 
|   3|0x00000000f0300000, 0x00000000f0400000, 0x00000000f0400000|100%|HC|  |TAMS 0x00000000f0400000| PB 0x00000000f0300000| Complete 
|   4|0x00000000f0400000, 0x00000000f0500000, 0x00000000f0500000|100%|HC|  |TAMS 0x00000000f0500000| PB 0x00000000f0400000| Complete 
|   5|0x00000000f0500000, 0x00000000f0600000, 0x00000000f0600000|100%|HC|  |TAMS 0x00000000f0600000| PB 0x00000000f0500000| Complete 
|   6|0x00000000f0600000, 0x00000000f0700000, 0x00000000f0700000|100%| O|  |TAMS 0x00000000f0700000| PB 0x00000000f0700000| Untracked 
|   7|0x00000000f0700000, 0x00000000f0800000, 0x00000000f0800000|100%| O|  |TAMS 0x00000000f0800000| PB 0x00000000f0800000| Untracked 
|   8|0x00000000f0800000, 0x00000000f0900000, 0x00000000f0900000|100%| O|  |TAMS 0x00000000f0900000| PB 0x00000000f0900000| Updating 
|   9|0x00000000f0900000, 0x00000000f0a00000, 0x00000000f0a00000|100%| O|  |TAMS 0x00000000f0a00000| PB 0x00000000f0a00000| Untracked 
|  10|0x00000000f0a00000, 0x00000000f0b00000, 0x00000000f0b00000|100%| O|  |TAMS 0x00000000f0b00000| PB 0x00000000f0b00000| Untracked 
|  11|0x00000000f0b00000, 0x00000000f0c00000, 0x00000000f0c00000|100%| O|  |TAMS 0x00000000f0c00000| PB 0x00000000f0c00000| Untracked 
|  12|0x00000000f0c00000, 0x00000000f0d00000, 0x00000000f0d00000|100%| O|  |TAMS 0x00000000f0d00000| PB 0x00000000f0d00000| Untracked 
|  13|0x00000000f0d00000, 0x00000000f0e00000, 0x00000000f0e00000|100%| O|  |TAMS 0x00000000f0e00000| PB 0x00000000f0e00000| Untracked 
|  14|0x00000000f0e00000, 0x00000000f0f00000, 0x00000000f0f00000|100%| O|  |TAMS 0x00000000f0f00000| PB 0x00000000f0f00000| Updating 
|  15|0x00000000f0f00000, 0x00000000f1000000, 0x00000000f1000000|100%| O|  |TAMS 0x00000000f1000000| PB 0x00000000f1000000| Updating 
|  16|0x00000000f1000000, 0x00000000f1100000, 0x00000000f1100000|100%| O|  |TAMS 0x00000000f1100000| PB 0x00000000f1100000| Untracked 
|  17|0x00000000f1100000, 0x00000000f1200000, 0x00000000f1200000|100%| O|  |TAMS 0x00000000f1200000| PB 0x00000000f1200000| Untracked 
|  18|0x00000000f1200000, 0x00000000f1300000, 0x00000000f1300000|100%|HS|  |TAMS 0x00000000f1300000| PB 0x00000000f1200000| Complete 
|  19|0x00000000f1300000, 0x00000000f1400000, 0x00000000f1400000|100%| O|  |TAMS 0x00000000f1400000| PB 0x00000000f1400000| Untracked 
|  20|0x00000000f1400000, 0x00000000f1500000, 0x00000000f1500000|100%| O|  |TAMS 0x00000000f1500000| PB 0x00000000f1500000| Untracked 
|  21|0x00000000f1500000, 0x00000000f1600000, 0x00000000f1600000|100%| O|  |TAMS 0x00000000f1600000| PB 0x00000000f1600000| Untracked 
|  22|0x00000000f1600000, 0x00000000f1700000, 0x00000000f1700000|100%| O|  |TAMS 0x00000000f1700000| PB 0x00000000f1700000| Untracked 
|  23|0x00000000f1700000, 0x00000000f1800000, 0x00000000f1800000|100%| O|  |TAMS 0x00000000f1800000| PB 0x00000000f1800000| Untracked 
|  24|0x00000000f1800000, 0x00000000f1900000, 0x00000000f1900000|100%| O|  |TAMS 0x00000000f1900000| PB 0x00000000f1900000| Updating 
|  25|0x00000000f1900000, 0x00000000f1a00000, 0x00000000f1a00000|100%| O|  |TAMS 0x00000000f1900000| PB 0x00000000f1900000| Untracked 
|  26|0x00000000f1a00000, 0x00000000f1b00000, 0x00000000f1b00000|100%| O|  |TAMS 0x00000000f1b00000| PB 0x00000000f1b00000| Updating 
|  27|0x00000000f1b00000, 0x00000000f1c00000, 0x00000000f1c00000|100%| O|  |TAMS 0x00000000f1c00000| PB 0x00000000f1c00000| Untracked 
|  28|0x00000000f1c00000, 0x00000000f1d00000, 0x00000000f1d00000|100%|HS|  |TAMS 0x00000000f1d00000| PB 0x00000000f1c00000| Complete 
|  29|0x00000000f1d00000, 0x00000000f1e00000, 0x00000000f1e00000|100%| O|  |TAMS 0x00000000f1e00000| PB 0x00000000f1e00000| Untracked 
|  30|0x00000000f1e00000, 0x00000000f1f00000, 0x00000000f1f00000|100%| O|  |TAMS 0x00000000f1f00000| PB 0x00000000f1f00000| Untracked 
|  31|0x00000000f1f00000, 0x00000000f2000000, 0x00000000f2000000|100%| O|  |TAMS 0x00000000f2000000| PB 0x00000000f2000000| Untracked 
|  32|0x00000000f2000000, 0x00000000f2100000, 0x00000000f2100000|100%| O|  |TAMS 0x00000000f2100000| PB 0x00000000f2100000| Untracked 
|  33|0x00000000f2100000, 0x00000000f2200000, 0x00000000f2200000|100%| O|  |TAMS 0x00000000f2200000| PB 0x00000000f2200000| Untracked 
|  34|0x00000000f2200000, 0x00000000f2300000, 0x00000000f2300000|100%| O|  |TAMS 0x00000000f2300000| PB 0x00000000f2300000| Untracked 
|  35|0x00000000f2300000, 0x00000000f2400000, 0x00000000f2400000|100%| O|  |TAMS 0x00000000f2400000| PB 0x00000000f2400000| Untracked 
|  36|0x00000000f2400000, 0x00000000f2500000, 0x00000000f2500000|100%| O|  |TAMS 0x00000000f2500000| PB 0x00000000f2500000| Untracked 
|  37|0x00000000f2500000, 0x00000000f2600000, 0x00000000f2600000|100%| O|  |TAMS 0x00000000f2600000| PB 0x00000000f2600000| Updating 
|  38|0x00000000f2600000, 0x00000000f2700000, 0x00000000f2700000|100%|HS|  |TAMS 0x00000000f2700000| PB 0x00000000f2600000| Complete 
|  39|0x00000000f2700000, 0x00000000f2800000, 0x00000000f2800000|100%|HC|  |TAMS 0x00000000f2800000| PB 0x00000000f2700000| Complete 
|  40|0x00000000f2800000, 0x00000000f2900000, 0x00000000f2900000|100%|HS|  |TAMS 0x00000000f2900000| PB 0x00000000f2800000| Complete 
|  41|0x00000000f2900000, 0x00000000f2a00000, 0x00000000f2a00000|100%|HS|  |TAMS 0x00000000f2a00000| PB 0x00000000f2900000| Complete 
|  42|0x00000000f2a00000, 0x00000000f2b00000, 0x00000000f2b00000|100%|HS|  |TAMS 0x00000000f2b00000| PB 0x00000000f2a00000| Complete 
|  43|0x00000000f2b00000, 0x00000000f2c00000, 0x00000000f2c00000|100%|HC|  |TAMS 0x00000000f2c00000| PB 0x00000000f2b00000| Complete 
|  44|0x00000000f2c00000, 0x00000000f2d00000, 0x00000000f2d00000|100%|HC|  |TAMS 0x00000000f2d00000| PB 0x00000000f2c00000| Complete 
|  45|0x00000000f2d00000, 0x00000000f2e00000, 0x00000000f2e00000|100%|HC|  |TAMS 0x00000000f2e00000| PB 0x00000000f2d00000| Complete 
|  46|0x00000000f2e00000, 0x00000000f2f00000, 0x00000000f2f00000|100%| O|  |TAMS 0x00000000f2f00000| PB 0x00000000f2f00000| Untracked 
|  47|0x00000000f2f00000, 0x00000000f3000000, 0x00000000f3000000|100%|HS|  |TAMS 0x00000000f3000000| PB 0x00000000f2f00000| Complete 
|  48|0x00000000f3000000, 0x00000000f3100000, 0x00000000f3100000|100%|HC|  |TAMS 0x00000000f3100000| PB 0x00000000f3000000| Complete 
|  49|0x00000000f3100000, 0x00000000f3200000, 0x00000000f3200000|100%|HS|  |TAMS 0x00000000f3200000| PB 0x00000000f3100000| Complete 
|  50|0x00000000f3200000, 0x00000000f3300000, 0x00000000f3300000|100%| O|  |TAMS 0x00000000f3300000| PB 0x00000000f3300000| Untracked 
|  51|0x00000000f3300000, 0x00000000f3400000, 0x00000000f3400000|100%| O|  |TAMS 0x00000000f3400000| PB 0x00000000f3400000| Untracked 
|  52|0x00000000f3400000, 0x00000000f3500000, 0x00000000f3500000|100%| O|  |TAMS 0x00000000f3500000| PB 0x00000000f3500000| Untracked 
|  53|0x00000000f3500000, 0x00000000f3600000, 0x00000000f3600000|100%| O|  |TAMS 0x00000000f3600000| PB 0x00000000f3600000| Untracked 
|  54|0x00000000f3600000, 0x00000000f3700000, 0x00000000f3700000|100%| O|  |TAMS 0x00000000f3700000| PB 0x00000000f3700000| Updating 
|  55|0x00000000f3700000, 0x00000000f3800000, 0x00000000f3800000|100%| O|  |TAMS 0x00000000f3800000| PB 0x00000000f3800000| Untracked 
|  56|0x00000000f3800000, 0x00000000f3900000, 0x00000000f3900000|100%| O|  |TAMS 0x00000000f3900000| PB 0x00000000f3900000| Untracked 
|  57|0x00000000f3900000, 0x00000000f3a00000, 0x00000000f3a00000|100%| O|  |TAMS 0x00000000f3a00000| PB 0x00000000f3a00000| Untracked 
|  58|0x00000000f3a00000, 0x00000000f3b00000, 0x00000000f3b00000|100%|HS|  |TAMS 0x00000000f3b00000| PB 0x00000000f3a00000| Complete 
|  59|0x00000000f3b00000, 0x00000000f3c00000, 0x00000000f3c00000|100%|HC|  |TAMS 0x00000000f3c00000| PB 0x00000000f3b00000| Complete 
|  60|0x00000000f3c00000, 0x00000000f3d00000, 0x00000000f3d00000|100%|HC|  |TAMS 0x00000000f3d00000| PB 0x00000000f3c00000| Complete 
|  61|0x00000000f3d00000, 0x00000000f3e00000, 0x00000000f3e00000|100%|HC|  |TAMS 0x00000000f3e00000| PB 0x00000000f3d00000| Complete 
|  62|0x00000000f3e00000, 0x00000000f3f00000, 0x00000000f3f00000|100%| O|  |TAMS 0x00000000f3f00000| PB 0x00000000f3f00000| Untracked 
|  63|0x00000000f3f00000, 0x00000000f4000000, 0x00000000f4000000|100%| O|  |TAMS 0x00000000f4000000| PB 0x00000000f4000000| Untracked 
|  64|0x00000000f4000000, 0x00000000f4100000, 0x00000000f4100000|100%| O|  |TAMS 0x00000000f4100000| PB 0x00000000f4100000| Updating 
|  65|0x00000000f4100000, 0x00000000f4200000, 0x00000000f4200000|100%| O|  |TAMS 0x00000000f4200000| PB 0x00000000f4200000| Untracked 
|  66|0x00000000f4200000, 0x00000000f4300000, 0x00000000f4300000|100%| O|  |TAMS 0x00000000f4300000| PB 0x00000000f4300000| Untracked 
|  67|0x00000000f4300000, 0x00000000f4400000, 0x00000000f4400000|100%| O|  |TAMS 0x00000000f4400000| PB 0x00000000f4400000| Untracked 
|  68|0x00000000f4400000, 0x00000000f4500000, 0x00000000f4500000|100%| O|  |TAMS 0x00000000f4500000| PB 0x00000000f4500000| Updating 
|  69|0x00000000f4500000, 0x00000000f4600000, 0x00000000f4600000|100%| O|  |TAMS 0x00000000f4600000| PB 0x00000000f4600000| Untracked 
|  70|0x00000000f4600000, 0x00000000f4700000, 0x00000000f4700000|100%| O|  |TAMS 0x00000000f4700000| PB 0x00000000f4700000| Untracked 
|  71|0x00000000f4700000, 0x00000000f4800000, 0x00000000f4800000|100%| O|  |TAMS 0x00000000f4800000| PB 0x00000000f4800000| Updating 
|  72|0x00000000f4800000, 0x00000000f4900000, 0x00000000f4900000|100%| O|  |TAMS 0x00000000f4900000| PB 0x00000000f4900000| Updating 
|  73|0x00000000f4900000, 0x00000000f4a00000, 0x00000000f4a00000|100%| O|  |TAMS 0x00000000f4a00000| PB 0x00000000f4a00000| Untracked 
|  74|0x00000000f4a00000, 0x00000000f4b00000, 0x00000000f4b00000|100%| O|  |TAMS 0x00000000f4b00000| PB 0x00000000f4b00000| Untracked 
|  75|0x00000000f4b00000, 0x00000000f4c00000, 0x00000000f4c00000|100%| O|  |TAMS 0x00000000f4c00000| PB 0x00000000f4c00000| Updating 
|  76|0x00000000f4c00000, 0x00000000f4d00000, 0x00000000f4d00000|100%| O|  |TAMS 0x00000000f4d00000| PB 0x00000000f4d00000| Updating 
|  77|0x00000000f4d00000, 0x00000000f4e00000, 0x00000000f4e00000|100%| O|  |TAMS 0x00000000f4e00000| PB 0x00000000f4e00000| Updating 
|  78|0x00000000f4e00000, 0x00000000f4f00000, 0x00000000f4f00000|100%| O|  |TAMS 0x00000000f4f00000| PB 0x00000000f4f00000| Untracked 
|  79|0x00000000f4f00000, 0x00000000f5000000, 0x00000000f5000000|100%| O|  |TAMS 0x00000000f5000000| PB 0x00000000f5000000| Updating 
|  80|0x00000000f5000000, 0x00000000f5100000, 0x00000000f5100000|100%| O|  |TAMS 0x00000000f5100000| PB 0x00000000f5100000| Updating 
|  81|0x00000000f5100000, 0x00000000f5200000, 0x00000000f5200000|100%| O|  |TAMS 0x00000000f5200000| PB 0x00000000f5200000| Untracked 
|  82|0x00000000f5200000, 0x00000000f5300000, 0x00000000f5300000|100%| O|  |TAMS 0x00000000f5300000| PB 0x00000000f5300000| Untracked 
|  83|0x00000000f5300000, 0x00000000f5400000, 0x00000000f5400000|100%| O|  |TAMS 0x00000000f5400000| PB 0x00000000f5400000| Untracked 
|  84|0x00000000f5400000, 0x00000000f5500000, 0x00000000f5500000|100%| O|  |TAMS 0x00000000f5500000| PB 0x00000000f5500000| Untracked 
|  85|0x00000000f5500000, 0x00000000f5600000, 0x00000000f5600000|100%| O|  |TAMS 0x00000000f5600000| PB 0x00000000f5600000| Untracked 
|  86|0x00000000f5600000, 0x00000000f56e84a0, 0x00000000f5700000| 90%| O|  |TAMS 0x00000000f5600000| PB 0x00000000f5600000| Untracked 
|  87|0x00000000f5700000, 0x00000000f5800000, 0x00000000f5800000|100%| O|  |TAMS 0x00000000f5800000| PB 0x00000000f5800000| Untracked 
|  88|0x00000000f5800000, 0x00000000f5900000, 0x00000000f5900000|100%| O|  |TAMS 0x00000000f58b7af0| PB 0x00000000f58b7af0| Updating 
|  89|0x00000000f5900000, 0x00000000f5a00000, 0x00000000f5a00000|100%|HS|  |TAMS 0x00000000f5900000| PB 0x00000000f5900000| Complete 
|  90|0x00000000f5a00000, 0x00000000f5b00000, 0x00000000f5b00000|100%|HC|  |TAMS 0x00000000f5a00000| PB 0x00000000f5a00000| Complete 
|  91|0x00000000f5b00000, 0x00000000f5c00000, 0x00000000f5c00000|100%|HS|  |TAMS 0x00000000f5b00000| PB 0x00000000f5b00000| Complete 
|  92|0x00000000f5c00000, 0x00000000f5d00000, 0x00000000f5d00000|100%| O|  |TAMS 0x00000000f5d00000| PB 0x00000000f5d00000| Updating 
|  93|0x00000000f5d00000, 0x00000000f5e00000, 0x00000000f5e00000|100%| O|  |TAMS 0x00000000f5e00000| PB 0x00000000f5e00000| Updating 
|  94|0x00000000f5e00000, 0x00000000f5f00000, 0x00000000f5f00000|100%| O|  |TAMS 0x00000000f5f00000| PB 0x00000000f5f00000| Updating 
|  95|0x00000000f5f00000, 0x00000000f6000000, 0x00000000f6000000|100%|HS|  |TAMS 0x00000000f5f00000| PB 0x00000000f5f00000| Complete 
|  96|0x00000000f6000000, 0x00000000f6100000, 0x00000000f6100000|100%|HC|  |TAMS 0x00000000f6000000| PB 0x00000000f6000000| Complete 
|  97|0x00000000f6100000, 0x00000000f6200000, 0x00000000f6200000|100%|HS|  |TAMS 0x00000000f6100000| PB 0x00000000f6100000| Complete 
|  98|0x00000000f6200000, 0x00000000f6300000, 0x00000000f6300000|100%|HC|  |TAMS 0x00000000f6200000| PB 0x00000000f6200000| Complete 
|  99|0x00000000f6300000, 0x00000000f6400000, 0x00000000f6400000|100%|HS|  |TAMS 0x00000000f6300000| PB 0x00000000f6300000| Complete 
| 100|0x00000000f6400000, 0x00000000f6500000, 0x00000000f6500000|100%|HC|  |TAMS 0x00000000f6400000| PB 0x00000000f6400000| Complete 
| 101|0x00000000f6500000, 0x00000000f6600000, 0x00000000f6600000|100%|HS|  |TAMS 0x00000000f6500000| PB 0x00000000f6500000| Complete 
| 102|0x00000000f6600000, 0x00000000f6700000, 0x00000000f6700000|100%|HC|  |TAMS 0x00000000f6600000| PB 0x00000000f6600000| Complete 
| 103|0x00000000f6700000, 0x00000000f6700000, 0x00000000f6800000|  0%| F|  |TAMS 0x00000000f6700000| PB 0x00000000f6700000| Untracked 
| 104|0x00000000f6800000, 0x00000000f6900000, 0x00000000f6900000|100%| S|CS|TAMS 0x00000000f6800000| PB 0x00000000f6800000| Complete 
| 105|0x00000000f6900000, 0x00000000f6a00000, 0x00000000f6a00000|100%| S|CS|TAMS 0x00000000f6900000| PB 0x00000000f6900000| Complete 
| 106|0x00000000f6a00000, 0x00000000f6b00000, 0x00000000f6b00000|100%| S|CS|TAMS 0x00000000f6a00000| PB 0x00000000f6a00000| Complete 
| 107|0x00000000f6b00000, 0x00000000f6c00000, 0x00000000f6c00000|100%| S|CS|TAMS 0x00000000f6b00000| PB 0x00000000f6b00000| Complete 
| 108|0x00000000f6c00000, 0x00000000f6d00000, 0x00000000f6d00000|100%| S|CS|TAMS 0x00000000f6c00000| PB 0x00000000f6c00000| Complete 
| 109|0x00000000f6d00000, 0x00000000f6e00000, 0x00000000f6e00000|100%| S|CS|TAMS 0x00000000f6d00000| PB 0x00000000f6d00000| Complete 
| 110|0x00000000f6e00000, 0x00000000f6f00000, 0x00000000f6f00000|100%| S|CS|TAMS 0x00000000f6e00000| PB 0x00000000f6e00000| Complete 
| 111|0x00000000f6f00000, 0x00000000f7000000, 0x00000000f7000000|100%| S|CS|TAMS 0x00000000f6f00000| PB 0x00000000f6f00000| Complete 
| 112|0x00000000f7000000, 0x00000000f7100000, 0x00000000f7100000|100%|HS|  |TAMS 0x00000000f7000000| PB 0x00000000f7000000| Complete 
| 113|0x00000000f7100000, 0x00000000f7200000, 0x00000000f7200000|100%|HC|  |TAMS 0x00000000f7100000| PB 0x00000000f7100000| Complete 
| 114|0x00000000f7200000, 0x00000000f7300000, 0x00000000f7300000|100%|HS|  |TAMS 0x00000000f7200000| PB 0x00000000f7200000| Complete 
| 115|0x00000000f7300000, 0x00000000f7400000, 0x00000000f7400000|100%|HC|  |TAMS 0x00000000f7300000| PB 0x00000000f7300000| Complete 
| 116|0x00000000f7400000, 0x00000000f7500000, 0x00000000f7500000|100%|HS|  |TAMS 0x00000000f7400000| PB 0x00000000f7400000| Complete 
| 117|0x00000000f7500000, 0x00000000f7600000, 0x00000000f7600000|100%|HC|  |TAMS 0x00000000f7500000| PB 0x00000000f7500000| Complete 
| 118|0x00000000f7600000, 0x00000000f7700000, 0x00000000f7700000|100%|HS|  |TAMS 0x00000000f7600000| PB 0x00000000f7600000| Complete 
| 119|0x00000000f7700000, 0x00000000f7800000, 0x00000000f7800000|100%|HC|  |TAMS 0x00000000f7700000| PB 0x00000000f7700000| Complete 
| 120|0x00000000f7800000, 0x00000000f7900000, 0x00000000f7900000|100%|HS|  |TAMS 0x00000000f7800000| PB 0x00000000f7800000| Complete 
| 121|0x00000000f7900000, 0x00000000f7a00000, 0x00000000f7a00000|100%|HC|  |TAMS 0x00000000f7900000| PB 0x00000000f7900000| Complete 
| 122|0x00000000f7a00000, 0x00000000f7b00000, 0x00000000f7b00000|100%|HS|  |TAMS 0x00000000f7a00000| PB 0x00000000f7a00000| Complete 
| 123|0x00000000f7b00000, 0x00000000f7c00000, 0x00000000f7c00000|100%|HC|  |TAMS 0x00000000f7b00000| PB 0x00000000f7b00000| Complete 
| 124|0x00000000f7c00000, 0x00000000f7c00000, 0x00000000f7d00000|  0%| F|  |TAMS 0x00000000f7c00000| PB 0x00000000f7c00000| Untracked 
| 125|0x00000000f7d00000, 0x00000000f7d00000, 0x00000000f7e00000|  0%| F|  |TAMS 0x00000000f7d00000| PB 0x00000000f7d00000| Untracked 
| 126|0x00000000f7e00000, 0x00000000f7e00000, 0x00000000f7f00000|  0%| F|  |TAMS 0x00000000f7e00000| PB 0x00000000f7e00000| Untracked 
| 127|0x00000000f7f00000, 0x00000000f7f00000, 0x00000000f8000000|  0%| F|  |TAMS 0x00000000f7f00000| PB 0x00000000f7f00000| Untracked 
| 128|0x00000000f8000000, 0x00000000f8000000, 0x00000000f8100000|  0%| F|  |TAMS 0x00000000f8000000| PB 0x00000000f8000000| Untracked 
| 129|0x00000000f8100000, 0x00000000f8100000, 0x00000000f8200000|  0%| F|  |TAMS 0x00000000f8100000| PB 0x00000000f8100000| Untracked 
| 130|0x00000000f8200000, 0x00000000f8200000, 0x00000000f8300000|  0%| F|  |TAMS 0x00000000f8200000| PB 0x00000000f8200000| Untracked 
| 131|0x00000000f8300000, 0x00000000f8300000, 0x00000000f8400000|  0%| F|  |TAMS 0x00000000f8300000| PB 0x00000000f8300000| Untracked 
| 132|0x00000000f8400000, 0x00000000f8400000, 0x00000000f8500000|  0%| F|  |TAMS 0x00000000f8400000| PB 0x00000000f8400000| Untracked 
| 133|0x00000000f8500000, 0x00000000f8500000, 0x00000000f8600000|  0%| F|  |TAMS 0x00000000f8500000| PB 0x00000000f8500000| Untracked 
| 134|0x00000000f8600000, 0x00000000f8600000, 0x00000000f8700000|  0%| F|  |TAMS 0x00000000f8600000| PB 0x00000000f8600000| Untracked 
| 135|0x00000000f8700000, 0x00000000f8700000, 0x00000000f8800000|  0%| F|  |TAMS 0x00000000f8700000| PB 0x00000000f8700000| Untracked 
| 136|0x00000000f8800000, 0x00000000f8800000, 0x00000000f8900000|  0%| F|  |TAMS 0x00000000f8800000| PB 0x00000000f8800000| Untracked 
| 137|0x00000000f8900000, 0x00000000f8900000, 0x00000000f8a00000|  0%| F|  |TAMS 0x00000000f8900000| PB 0x00000000f8900000| Untracked 
| 138|0x00000000f8a00000, 0x00000000f8a00000, 0x00000000f8b00000|  0%| F|  |TAMS 0x00000000f8a00000| PB 0x00000000f8a00000| Untracked 
| 139|0x00000000f8b00000, 0x00000000f8b00000, 0x00000000f8c00000|  0%| F|  |TAMS 0x00000000f8b00000| PB 0x00000000f8b00000| Untracked 
| 140|0x00000000f8c00000, 0x00000000f8c00000, 0x00000000f8d00000|  0%| F|  |TAMS 0x00000000f8c00000| PB 0x00000000f8c00000| Untracked 
| 141|0x00000000f8d00000, 0x00000000f8d00000, 0x00000000f8e00000|  0%| F|  |TAMS 0x00000000f8d00000| PB 0x00000000f8d00000| Untracked 
| 142|0x00000000f8e00000, 0x00000000f8e00000, 0x00000000f8f00000|  0%| F|  |TAMS 0x00000000f8e00000| PB 0x00000000f8e00000| Untracked 
| 143|0x00000000f8f00000, 0x00000000f8f00000, 0x00000000f9000000|  0%| F|  |TAMS 0x00000000f8f00000| PB 0x00000000f8f00000| Untracked 
| 144|0x00000000f9000000, 0x00000000f9000000, 0x00000000f9100000|  0%| F|  |TAMS 0x00000000f9000000| PB 0x00000000f9000000| Untracked 
| 145|0x00000000f9100000, 0x00000000f9100000, 0x00000000f9200000|  0%| F|  |TAMS 0x00000000f9100000| PB 0x00000000f9100000| Untracked 
| 146|0x00000000f9200000, 0x00000000f9200000, 0x00000000f9300000|  0%| F|  |TAMS 0x00000000f9200000| PB 0x00000000f9200000| Untracked 
| 147|0x00000000f9300000, 0x00000000f9300000, 0x00000000f9400000|  0%| F|  |TAMS 0x00000000f9300000| PB 0x00000000f9300000| Untracked 
| 148|0x00000000f9400000, 0x00000000f9400000, 0x00000000f9500000|  0%| F|  |TAMS 0x00000000f9400000| PB 0x00000000f9400000| Untracked 
| 149|0x00000000f9500000, 0x00000000f9500000, 0x00000000f9600000|  0%| F|  |TAMS 0x00000000f9500000| PB 0x00000000f9500000| Untracked 
| 150|0x00000000f9600000, 0x00000000f9600000, 0x00000000f9700000|  0%| F|  |TAMS 0x00000000f9600000| PB 0x00000000f9600000| Untracked 
| 151|0x00000000f9700000, 0x00000000f9700000, 0x00000000f9800000|  0%| F|  |TAMS 0x00000000f9700000| PB 0x00000000f9700000| Untracked 
| 152|0x00000000f9800000, 0x00000000f9800000, 0x00000000f9900000|  0%| F|  |TAMS 0x00000000f9800000| PB 0x00000000f9800000| Untracked 
| 153|0x00000000f9900000, 0x00000000f9900000, 0x00000000f9a00000|  0%| F|  |TAMS 0x00000000f9900000| PB 0x00000000f9900000| Untracked 
| 154|0x00000000f9a00000, 0x00000000f9a00000, 0x00000000f9b00000|  0%| F|  |TAMS 0x00000000f9a00000| PB 0x00000000f9a00000| Untracked 
| 155|0x00000000f9b00000, 0x00000000f9b00000, 0x00000000f9c00000|  0%| F|  |TAMS 0x00000000f9b00000| PB 0x00000000f9b00000| Untracked 
| 156|0x00000000f9c00000, 0x00000000f9c00000, 0x00000000f9d00000|  0%| F|  |TAMS 0x00000000f9c00000| PB 0x00000000f9c00000| Untracked 
| 157|0x00000000f9d00000, 0x00000000f9d00000, 0x00000000f9e00000|  0%| F|  |TAMS 0x00000000f9d00000| PB 0x00000000f9d00000| Untracked 
| 158|0x00000000f9e00000, 0x00000000f9e00000, 0x00000000f9f00000|  0%| F|  |TAMS 0x00000000f9e00000| PB 0x00000000f9e00000| Untracked 
| 159|0x00000000f9f00000, 0x00000000f9f00000, 0x00000000fa000000|  0%| F|  |TAMS 0x00000000f9f00000| PB 0x00000000f9f00000| Untracked 
| 160|0x00000000fa000000, 0x00000000fa000000, 0x00000000fa100000|  0%| F|  |TAMS 0x00000000fa000000| PB 0x00000000fa000000| Untracked 
| 161|0x00000000fa100000, 0x00000000fa100000, 0x00000000fa200000|  0%| F|  |TAMS 0x00000000fa100000| PB 0x00000000fa100000| Untracked 
| 239|0x00000000fef00000, 0x00000000fef00000, 0x00000000ff000000|  0%| F|  |TAMS 0x00000000fef00000| PB 0x00000000fef00000| Untracked 
| 240|0x00000000ff000000, 0x00000000ff100000, 0x00000000ff100000|100%| O|  |TAMS 0x00000000ff100000| PB 0x00000000ff100000| Untracked 
| 241|0x00000000ff100000, 0x00000000ff200000, 0x00000000ff200000|100%| O|  |TAMS 0x00000000ff200000| PB 0x00000000ff200000| Updating 
| 242|0x00000000ff200000, 0x00000000ff300000, 0x00000000ff300000|100%| O|  |TAMS 0x00000000ff300000| PB 0x00000000ff300000| Untracked 
| 243|0x00000000ff300000, 0x00000000ff400000, 0x00000000ff400000|100%| O|  |TAMS 0x00000000ff400000| PB 0x00000000ff400000| Untracked 
| 244|0x00000000ff400000, 0x00000000ff500000, 0x00000000ff500000|100%| O|  |TAMS 0x00000000ff500000| PB 0x00000000ff500000| Untracked 
| 245|0x00000000ff500000, 0x00000000ff600000, 0x00000000ff600000|100%| O|  |TAMS 0x00000000ff600000| PB 0x00000000ff600000| Updating 
| 246|0x00000000ff600000, 0x00000000ff600000, 0x00000000ff700000|  0%| F|  |TAMS 0x00000000ff600000| PB 0x00000000ff600000| Untracked 
| 247|0x00000000ff700000, 0x00000000ff800000, 0x00000000ff800000|100%| O|  |TAMS 0x00000000ff800000| PB 0x00000000ff800000| Updating 
| 248|0x00000000ff800000, 0x00000000ff900000, 0x00000000ff900000|100%| O|  |TAMS 0x00000000ff900000| PB 0x00000000ff900000| Updating 
| 249|0x00000000ff900000, 0x00000000ff993e20, 0x00000000ffa00000| 57%| E|  |TAMS 0x00000000ff900000| PB 0x00000000ff900000| Complete 
| 250|0x00000000ffa00000, 0x00000000ffb00000, 0x00000000ffb00000|100%| O|  |TAMS 0x00000000ffb00000| PB 0x00000000ffb00000| Untracked 
| 251|0x00000000ffb00000, 0x00000000ffc00000, 0x00000000ffc00000|100%| O|  |TAMS 0x00000000ffc00000| PB 0x00000000ffc00000| Untracked 
| 252|0x00000000ffc00000, 0x00000000ffd00000, 0x00000000ffd00000|100%| O|  |TAMS 0x00000000ffd00000| PB 0x00000000ffd00000| Untracked 
| 253|0x00000000ffd00000, 0x00000000ffe00000, 0x00000000ffe00000|100%| O|  |TAMS 0x00000000ffe00000| PB 0x00000000ffe00000| Untracked 
| 254|0x00000000ffe00000, 0x00000000fff00000, 0x00000000fff00000|100%| E|  |TAMS 0x00000000ffe00000| PB 0x00000000ffe00000| Complete 
| 255|0x00000000fff00000, 0x0000000100000000, 0x0000000100000000|100%| O|  |TAMS 0x0000000100000000| PB 0x0000000100000000| Untracked 

Card table byte_map: [0x000001823a7c0000,0x000001823a840000] _byte_map_base: 0x000001823a040000

Marking Bits: (CMBitMap*) 0x000001823a8fb4c0
 Bits: [0x000001824cd60000, 0x000001824d160000)

Polling page: 0x0000018238700000

Metaspace:

Usage:
  Non-class:     93.13 MB used.
      Class:     15.24 MB used.
       Both:    108.38 MB used.

Virtual space:
  Non-class space:      128.00 MB reserved,      94.12 MB ( 74%) committed,  2 nodes.
      Class space:        1.00 GB reserved,      16.19 MB (  2%) committed,  1 nodes.
             Both:        1.12 GB reserved,     110.31 MB ( 10%) committed. 

Chunk freelists:
   Non-Class:  1.91 MB
       Class:  15.66 MB
        Both:  17.57 MB

MaxMetaspaceSize: unlimited
CompressedClassSpaceSize: 1.00 GB
Initial GC threshold: 21.00 MB
Current GC threshold: 173.69 MB
CDS: off
 - commit_granule_bytes: 65536.
 - commit_granule_words: 8192.
 - virtual_space_node_default_size: 8388608.
 - enlarge_chunks_in_place: 1.
 - use_allocation_guard: 0.


Internal statistics:

num_allocs_failed_limit: 6.
num_arena_births: 3734.
num_arena_deaths: 6.
num_vsnodes_births: 3.
num_vsnodes_deaths: 0.
num_space_committed: 1764.
num_space_uncommitted: 0.
num_chunks_returned_to_freelist: 14.
num_chunks_taken_from_freelist: 8239.
num_chunk_merges: 9.
num_chunk_splits: 5423.
num_chunks_enlarged: 3498.
num_inconsistent_stats: 0.

CodeHeap 'non-profiled nmethods': size=120000Kb used=6085Kb max_used=6279Kb free=113914Kb
 bounds [0x0000018245500000, 0x0000018245b30000, 0x000001824ca30000]
CodeHeap 'profiled nmethods': size=120000Kb used=20900Kb max_used=21697Kb free=99099Kb
 bounds [0x000001823da30000, 0x000001823ef70000, 0x0000018244f60000]
CodeHeap 'non-nmethods': size=5760Kb used=2677Kb max_used=2721Kb free=3082Kb
 bounds [0x0000018244f60000, 0x0000018245220000, 0x0000018245500000]
CodeCache: size=245760Kb, used=29662Kb, max_used=30697Kb, free=216095Kb
 total_blobs=12281, nmethods=11323, adapters=861, full_count=0
Compilation: enabled, stopped_count=0, restarted_count=0

Compilation events (20 events):
Event: 19.886 Thread 0x000001825406fce0 13364 %     3       java.math.MutableBigInteger::primitiveLeftShift @ 33 (89 bytes)
Event: 19.886 Thread 0x000001825406fce0 nmethod 13364% 0x000001823ef5b090 code [0x000001823ef5b260, 0x000001823ef5b5f0]
Event: 19.886 Thread 0x000001825406fce0 13360       3       java.math.SignedMutableBigInteger::signedAdd (34 bytes)
Event: 19.886 Thread 0x000001825406fce0 nmethod 13360 0x000001823ef5b810 code [0x000001823ef5b9e0, 0x000001823ef5bcd8]
Event: 19.886 Thread 0x000001825406fce0 13365       3       java.math.MutableBigInteger::subtract (220 bytes)
Event: 19.887 Thread 0x000001825406fce0 nmethod 13365 0x000001823ef5be10 code [0x000001823ef5c020, 0x000001823ef5c738]
Event: 19.887 Thread 0x000001825406fce0 13366       3       java.math.MutableBigInteger::primitiveLeftShift (89 bytes)
Event: 19.887 Thread 0x000001825406fce0 nmethod 13366 0x000001823ef5ca90 code [0x000001823ef5cc40, 0x000001823ef5ceb8]
Event: 19.888 Thread 0x000001825406fce0 13367       3       java.math.MutableBigInteger::mul (173 bytes)
Event: 19.888 Thread 0x000001825406fce0 nmethod 13367 0x000001823ef5d010 code [0x000001823ef5d220, 0x000001823ef5d870]
Event: 19.890 Thread 0x000001825406fce0 13371       3       java.math.MutableBigInteger::divWord (108 bytes)
Event: 19.890 Thread 0x000001825406fce0 nmethod 13371 0x000001823ef5db10 code [0x000001823ef5dce0, 0x000001823ef5e028]
Event: 19.890 Thread 0x000001825406fce0 13372       3       java.util.Arrays::copyOfRange (25 bytes)
Event: 19.891 Thread 0x000001825406fce0 nmethod 13372 0x000001823ef5e190 code [0x000001823ef5e440, 0x000001823ef5efa0]
Event: 19.891 Thread 0x000001825406fce0 13373       3       java.math.BigInteger::primitiveLeftShift (37 bytes)
Event: 19.891 Thread 0x000001825406fce0 nmethod 13373 0x000001823ef5f410 code [0x000001823ef5f600, 0x000001823ef5f9a8]
Event: 19.913 Thread 0x000001825406fce0 13376       3       java.math.BigInteger::bitLength (140 bytes)
Event: 19.913 Thread 0x000001825406fce0 nmethod 13376 0x000001823ef5fb10 code [0x000001823ef5fd00, 0x000001823ef60200]
Event: 19.914 Thread 0x0000018257fd6900 nmethod 13363 0x0000018245b20690 code [0x0000018245b20860, 0x0000018245b217d0]
Event: 19.914 Thread 0x0000018257fd6900 13370       4       java.math.BigInteger::montReduce (99 bytes)

GC Heap History (20 events):
Event: 13.404 GC heap before
{Heap before GC invocations=29 (full 0):
 garbage-first heap   total 140288K, used 129772K [0x00000000f0000000, 0x0000000100000000)
  region size 1024K, 46 young (47104K), 6 survivors (6144K)
 Metaspace       used 89565K, committed 91328K, reserved 1179648K
  class space    used 12548K, committed 13440K, reserved 1048576K
}
Event: 13.408 GC heap after
{Heap after GC invocations=30 (full 0):
 garbage-first heap   total 140288K, used 89630K [0x00000000f0000000, 0x0000000100000000)
  region size 1024K, 2 young (2048K), 2 survivors (2048K)
 Metaspace       used 89565K, committed 91328K, reserved 1179648K
  class space    used 12548K, committed 13440K, reserved 1048576K
}
Event: 13.869 GC heap before
{Heap before GC invocations=31 (full 0):
 garbage-first heap   total 150528K, used 130590K [0x00000000f0000000, 0x0000000100000000)
  region size 1024K, 42 young (43008K), 2 survivors (2048K)
 Metaspace       used 92629K, committed 94400K, reserved 1179648K
  class space    used 12998K, committed 13888K, reserved 1048576K
}
Event: 13.873 GC heap after
{Heap after GC invocations=32 (full 0):
 garbage-first heap   total 150528K, used 92017K [0x00000000f0000000, 0x0000000100000000)
  region size 1024K, 4 young (4096K), 4 survivors (4096K)
 Metaspace       used 92629K, committed 94400K, reserved 1179648K
  class space    used 12998K, committed 13888K, reserved 1048576K
}
Event: 14.382 GC heap before
{Heap before GC invocations=32 (full 0):
 garbage-first heap   total 150528K, used 140145K [0x00000000f0000000, 0x0000000100000000)
  region size 1024K, 51 young (52224K), 4 survivors (4096K)
 Metaspace       used 96619K, committed 98432K, reserved 1179648K
  class space    used 13602K, committed 14464K, reserved 1048576K
}
Event: 14.390 GC heap after
{Heap after GC invocations=33 (full 0):
 garbage-first heap   total 150528K, used 94090K [0x00000000f0000000, 0x0000000100000000)
  region size 1024K, 5 young (5120K), 5 survivors (5120K)
 Metaspace       used 96619K, committed 98432K, reserved 1179648K
  class space    used 13602K, committed 14464K, reserved 1048576K
}
Event: 15.017 GC heap before
{Heap before GC invocations=33 (full 0):
 garbage-first heap   total 150528K, used 141194K [0x00000000f0000000, 0x0000000100000000)
  region size 1024K, 51 young (52224K), 5 survivors (5120K)
 Metaspace       used 100599K, committed 102464K, reserved 1179648K
  class space    used 14130K, committed 15040K, reserved 1048576K
}
Event: 15.023 GC heap after
{Heap after GC invocations=34 (full 0):
 garbage-first heap   total 151552K, used 97936K [0x00000000f0000000, 0x0000000100000000)
  region size 1024K, 7 young (7168K), 7 survivors (7168K)
 Metaspace       used 100599K, committed 102464K, reserved 1179648K
  class space    used 14130K, committed 15040K, reserved 1048576K
}
Event: 16.065 GC heap before
{Heap before GC invocations=35 (full 0):
 garbage-first heap   total 165888K, used 139920K [0x00000000f0000000, 0x0000000100000000)
  region size 1024K, 49 young (50176K), 7 survivors (7168K)
 Metaspace       used 103923K, committed 105728K, reserved 1179648K
  class space    used 14792K, committed 15680K, reserved 1048576K
}
Event: 16.073 GC heap after
{Heap after GC invocations=36 (full 0):
 garbage-first heap   total 165888K, used 102723K [0x00000000f0000000, 0x0000000100000000)
  region size 1024K, 7 young (7168K), 7 survivors (7168K)
 Metaspace       used 103923K, committed 105728K, reserved 1179648K
  class space    used 14792K, committed 15680K, reserved 1048576K
}
Event: 16.750 GC heap before
{Heap before GC invocations=36 (full 0):
 garbage-first heap   total 165888K, used 151875K [0x00000000f0000000, 0x0000000100000000)
  region size 1024K, 56 young (57344K), 7 survivors (7168K)
 Metaspace       used 104254K, committed 106112K, reserved 1179648K
  class space    used 14803K, committed 15680K, reserved 1048576K
}
Event: 16.758 GC heap after
{Heap after GC invocations=37 (full 0):
 garbage-first heap   total 165888K, used 106496K [0x00000000f0000000, 0x0000000100000000)
  region size 1024K, 5 young (5120K), 5 survivors (5120K)
 Metaspace       used 104254K, committed 106112K, reserved 1179648K
  class space    used 14803K, committed 15680K, reserved 1048576K
}
Event: 17.260 GC heap before
{Heap before GC invocations=37 (full 0):
 garbage-first heap   total 165888K, used 152576K [0x00000000f0000000, 0x0000000100000000)
  region size 1024K, 51 young (52224K), 5 survivors (5120K)
 Metaspace       used 104778K, committed 106560K, reserved 1179648K
  class space    used 14857K, committed 15744K, reserved 1048576K
}
Event: 17.264 GC heap after
{Heap after GC invocations=38 (full 0):
 garbage-first heap   total 165888K, used 108563K [0x00000000f0000000, 0x0000000100000000)
  region size 1024K, 5 young (5120K), 5 survivors (5120K)
 Metaspace       used 104778K, committed 106560K, reserved 1179648K
  class space    used 14857K, committed 15744K, reserved 1048576K
}
Event: 17.923 GC heap before
{Heap before GC invocations=39 (full 0):
 garbage-first heap   total 183296K, used 156691K [0x00000000f0000000, 0x0000000100000000)
  region size 1024K, 48 young (49152K), 5 survivors (5120K)
 Metaspace       used 106298K, committed 108160K, reserved 1179648K
  class space    used 14971K, committed 15872K, reserved 1048576K
}
Event: 17.931 GC heap after
{Heap after GC invocations=40 (full 0):
 garbage-first heap   total 183296K, used 110217K [0x00000000f0000000, 0x0000000100000000)
  region size 1024K, 4 young (4096K), 4 survivors (4096K)
 Metaspace       used 106298K, committed 108160K, reserved 1179648K
  class space    used 14971K, committed 15872K, reserved 1048576K
}
Event: 18.774 GC heap before
{Heap before GC invocations=40 (full 0):
 garbage-first heap   total 183296K, used 168585K [0x00000000f0000000, 0x0000000100000000)
  region size 1024K, 62 young (63488K), 4 survivors (4096K)
 Metaspace       used 108412K, committed 110336K, reserved 1179648K
  class space    used 15276K, committed 16192K, reserved 1048576K
}
Event: 18.780 GC heap after
{Heap after GC invocations=41 (full 0):
 garbage-first heap   total 183296K, used 111326K [0x00000000f0000000, 0x0000000100000000)
  region size 1024K, 6 young (6144K), 6 survivors (6144K)
 Metaspace       used 108412K, committed 110336K, reserved 1179648K
  class space    used 15276K, committed 16192K, reserved 1048576K
}
Event: 19.776 GC heap before
{Heap before GC invocations=41 (full 0):
 garbage-first heap   total 183296K, used 164574K [0x00000000f0000000, 0x0000000100000000)
  region size 1024K, 60 young (61440K), 6 survivors (6144K)
 Metaspace       used 110832K, committed 112704K, reserved 1179648K
  class space    used 15587K, committed 16512K, reserved 1048576K
}
Event: 19.789 GC heap after
{Heap after GC invocations=42 (full 0):
 garbage-first heap   total 183296K, used 115617K [0x00000000f0000000, 0x0000000100000000)
  region size 1024K, 8 young (8192K), 8 survivors (8192K)
 Metaspace       used 110832K, committed 112704K, reserved 1179648K
  class space    used 15587K, committed 16512K, reserved 1048576K
}

Dll operation events (3 events):
Event: 0.016 Loaded shared library C:\Program Files\Android\Android Studio\jbr\bin\java.dll
Event: 0.024 Loaded shared library C:\Program Files\Android\Android Studio\jbr\bin\zip.dll
Event: 0.430 Loaded shared library C:\Program Files\Android\Android Studio\jbr\bin\verify.dll

Deoptimization events (20 events):
Event: 19.907 Thread 0x000001825873a400 DEOPT PACKING pc=0x000001823de128f0 sp=0x0000007ee61fcf00
Event: 19.907 Thread 0x000001825873a400 DEOPT UNPACKING pc=0x0000018244fb4b42 sp=0x0000007ee61fc380 mode 0
Event: 19.908 Thread 0x000001825873a400 DEOPT PACKING pc=0x000001823db0886b sp=0x0000007ee61fcdf0
Event: 19.908 Thread 0x000001825873a400 DEOPT UNPACKING pc=0x0000018244fb4b42 sp=0x0000007ee61fc270 mode 0
Event: 19.909 Thread 0x000001825873a400 DEOPT PACKING pc=0x000001823de128f0 sp=0x0000007ee61fcf00
Event: 19.909 Thread 0x000001825873a400 DEOPT UNPACKING pc=0x0000018244fb4b42 sp=0x0000007ee61fc380 mode 0
Event: 19.909 Thread 0x000001825873a400 DEOPT PACKING pc=0x000001823db0886b sp=0x0000007ee61fcdf0
Event: 19.909 Thread 0x000001825873a400 DEOPT UNPACKING pc=0x0000018244fb4b42 sp=0x0000007ee61fc270 mode 0
Event: 19.910 Thread 0x000001825873a400 DEOPT PACKING pc=0x000001823de128f0 sp=0x0000007ee61fcf00
Event: 19.910 Thread 0x000001825873a400 DEOPT UNPACKING pc=0x0000018244fb4b42 sp=0x0000007ee61fc380 mode 0
Event: 19.910 Thread 0x000001825873a400 DEOPT PACKING pc=0x000001823db0886b sp=0x0000007ee61fcdf0
Event: 19.910 Thread 0x000001825873a400 DEOPT UNPACKING pc=0x0000018244fb4b42 sp=0x0000007ee61fc270 mode 0
Event: 19.911 Thread 0x000001825873a400 DEOPT PACKING pc=0x000001823de128f0 sp=0x0000007ee61fcf00
Event: 19.911 Thread 0x000001825873a400 DEOPT UNPACKING pc=0x0000018244fb4b42 sp=0x0000007ee61fc380 mode 0
Event: 19.911 Thread 0x000001825873a400 DEOPT PACKING pc=0x000001823db0886b sp=0x0000007ee61fcdf0
Event: 19.911 Thread 0x000001825873a400 DEOPT UNPACKING pc=0x0000018244fb4b42 sp=0x0000007ee61fc270 mode 0
Event: 19.912 Thread 0x000001825873a400 DEOPT PACKING pc=0x000001823de128f0 sp=0x0000007ee61fcef0
Event: 19.912 Thread 0x000001825873a400 DEOPT UNPACKING pc=0x0000018244fb4b42 sp=0x0000007ee61fc370 mode 0
Event: 19.913 Thread 0x000001825873a400 DEOPT PACKING pc=0x000001823db0886b sp=0x0000007ee61fce30
Event: 19.913 Thread 0x000001825873a400 DEOPT UNPACKING pc=0x0000018244fb4b42 sp=0x0000007ee61fc2b0 mode 0

Classes loaded (20 events):
Event: 19.763 Loading class java/security/spec/MGF1ParameterSpec
Event: 19.763 Loading class java/security/spec/MGF1ParameterSpec done
Event: 19.771 Loading class java/util/concurrent/ForkJoinTask$AdaptedInterruptibleRunnable
Event: 19.772 Loading class java/util/concurrent/ForkJoinTask$InterruptibleTask
Event: 19.773 Loading class java/util/concurrent/ForkJoinTask$InterruptibleTask done
Event: 19.773 Loading class java/util/concurrent/ForkJoinTask$AdaptedInterruptibleRunnable done
Event: 19.773 Loading class java/util/concurrent/ForkJoinTask$Aux
Event: 19.773 Loading class java/util/concurrent/ForkJoinTask$Aux done
Event: 19.774 Loading class java/util/concurrent/ForkJoinPool$DefaultForkJoinWorkerThreadFactory$1
Event: 19.774 Loading class java/util/concurrent/ForkJoinPool$DefaultForkJoinWorkerThreadFactory$1 done
Event: 19.775 Loading class java/util/concurrent/CountedCompleter
Event: 19.776 Loading class java/util/concurrent/CountedCompleter done
Event: 19.879 Loading class java/nio/BufferUnderflowException
Event: 19.879 Loading class java/nio/BufferUnderflowException done
Event: 19.882 Loading class sun/security/rsa/RSACore$BlindingParameters
Event: 19.883 Loading class sun/security/rsa/RSACore$BlindingParameters done
Event: 19.883 Loading class sun/security/jca/JCAUtil$CachedSecureRandomHolder
Event: 19.883 Loading class sun/security/jca/JCAUtil$CachedSecureRandomHolder done
Event: 19.889 Loading class sun/security/rsa/RSACore$BlindingRandomPair
Event: 19.889 Loading class sun/security/rsa/RSACore$BlindingRandomPair done

Classes unloaded (3 events):
Event: 17.347 Thread 0x000001824fb88060 Unloading class 0x0000000100f30c00 'java/lang/invoke/LambdaForm$DMH+0x0000000100f30c00'
Event: 17.347 Thread 0x000001824fb88060 Unloading class 0x0000000100f30800 'java/lang/invoke/LambdaForm$DMH+0x0000000100f30800'
Event: 17.347 Thread 0x000001824fb88060 Unloading class 0x0000000100f30400 'java/lang/invoke/LambdaForm$DMH+0x0000000100f30400'

Classes redefined (0 events):
No events

Internal exceptions (20 events):
Event: 18.691 Thread 0x000001825b211d80 Exception <a 'sun/nio/fs/WindowsException'{0x00000000f6f51878}> (0x00000000f6f51878) 
thrown [s\src\hotspot\share\prims\jni.cpp, line 537]
Event: 18.693 Thread 0x000001825b211d80 Exception <a 'sun/nio/fs/WindowsException'{0x00000000f6f57310}> (0x00000000f6f57310) 
thrown [s\src\hotspot\share\prims\jni.cpp, line 537]
Event: 18.702 Thread 0x000001825b211d80 Exception <a 'sun/nio/fs/WindowsException'{0x00000000f6f71d98}> (0x00000000f6f71d98) 
thrown [s\src\hotspot\share\prims\jni.cpp, line 537]
Event: 18.702 Thread 0x000001825b211d80 Exception <a 'sun/nio/fs/WindowsException'{0x00000000f6f75350}> (0x00000000f6f75350) 
thrown [s\src\hotspot\share\prims\jni.cpp, line 537]
Event: 18.920 Thread 0x000001825b211d80 Exception <a 'sun/nio/fs/WindowsException'{0x00000000f92ea810}> (0x00000000f92ea810) 
thrown [s\src\hotspot\share\prims\jni.cpp, line 537]
Event: 18.920 Thread 0x000001825b211d80 Exception <a 'sun/nio/fs/WindowsException'{0x00000000f92eb378}> (0x00000000f92eb378) 
thrown [s\src\hotspot\share\prims\jni.cpp, line 537]
Event: 19.049 Thread 0x000001825b211d80 Exception <a 'sun/nio/fs/WindowsException'{0x00000000f898ca18}> (0x00000000f898ca18) 
thrown [s\src\hotspot\share\prims\jni.cpp, line 537]
Event: 19.050 Thread 0x000001825b211d80 Exception <a 'sun/nio/fs/WindowsException'{0x00000000f898d580}> (0x00000000f898d580) 
thrown [s\src\hotspot\share\prims\jni.cpp, line 537]
Event: 19.139 Thread 0x000001825b211d80 Exception <a 'java/lang/NoSuchMethodError'{0x00000000f8600ac8}: 'java.lang.Object java.lang.invoke.DirectMethodHandle$Holder.invokeSpecial(java.lang.Object, java.lang.Object, java.lang.Object, java.lang.Object, int, java.lang.Object)'> (0x00000000f8600ac8) 
thrown [s\src\hotspot\share\interpreter\linkResolver.cpp, line 784]
Event: 19.139 Thread 0x000001825b211d80 Exception <a 'java/lang/NoSuchMethodError'{0x00000000f8604ad0}: 'java.lang.Object java.lang.invoke.Invokers$Holder.invokeExact_MT(java.lang.Object, java.lang.Object, java.lang.Object, int, java.lang.Object, java.lang.Object)'> (0x00000000f8604ad0) 
thrown [s\src\hotspot\share\interpreter\linkResolver.cpp, line 784]
Event: 19.358 Thread 0x000001825b211d80 Exception <a 'java/lang/NoSuchMethodError'{0x00000000f7b11d90}: static [Ljava/lang/Object;.<clinit>()V> (0x00000000f7b11d90) 
thrown [s\src\hotspot\share\prims\jni.cpp, line 1144]
Event: 19.362 Thread 0x000001825b211d80 Exception <a 'java/lang/NoSuchMethodError'{0x00000000f7b4de30}: static Lcom/android/build/api/variant/impl/SerializableApplicationMultiOutputHandler;.<clinit>()V> (0x00000000f7b4de30) 
thrown [s\src\hotspot\share\prims\jni.cpp, line 1144]
Event: 19.364 Thread 0x000001825b211d80 Exception <a 'java/lang/NoSuchMethodError'{0x00000000f7b64f90}: static Lcom/android/build/api/variant/impl/VariantOutputImpl$SerializedForm;.<clinit>()V> (0x00000000f7b64f90) 
thrown [s\src\hotspot\share\prims\jni.cpp, line 1144]
Event: 19.365 Thread 0x000001825b211d80 Exception <a 'java/lang/NoSuchMethodError'{0x00000000f7b7acf8}: static Lcom/android/build/api/variant/impl/VariantOutputConfigurationImpl;.<clinit>()V> (0x00000000f7b7acf8) 
thrown [s\src\hotspot\share\prims\jni.cpp, line 1144]
Event: 19.430 Thread 0x000001825873a400 Exception <a 'sun/nio/fs/WindowsException'{0x00000000f780e050}> (0x00000000f780e050) 
thrown [s\src\hotspot\share\prims\jni.cpp, line 537]
Event: 19.522 Thread 0x000001825873a400 Exception <a 'java/lang/NoSuchMethodError'{0x00000000f78f3c68}: 'java.lang.Object java.lang.invoke.DirectMethodHandle$Holder.newInvokeSpecial(java.lang.Object, java.lang.Object, java.lang.Object, java.lang.Object, java.lang.Object, int, java.lang.Object)'> (0x00000000f78f3c68) 
thrown [s\src\hotspot\share\interpreter\linkResolver.cpp, line 784]
Event: 19.523 Thread 0x000001825873a400 Exception <a 'java/lang/NoSuchMethodError'{0x00000000f78fbb58}: 'java.lang.Object java.lang.invoke.Invokers$Holder.linkToTargetMethod(java.lang.Object, java.lang.Object, java.lang.Object, java.lang.Object, int, java.lang.Object, java.lang.Object)'> (0x00000000f78fbb58) 
thrown [s\src\hotspot\share\interpreter\linkResolver.cpp, line 784]
Event: 19.564 Thread 0x000001825873a400 Exception <a 'sun/nio/fs/WindowsException'{0x00000000f765c6a0}> (0x00000000f765c6a0) 
thrown [s\src\hotspot\share\prims\jni.cpp, line 537]
Event: 19.732 Thread 0x000001825873a400 Exception <a 'java/lang/NoSuchMethodError'{0x00000000f7114d58}: 'long java.lang.invoke.DirectMethodHandle$Holder.invokeStatic(java.lang.Object, java.lang.Object, int)'> (0x00000000f7114d58) 
thrown [s\src\hotspot\share\interpreter\linkResolver.cpp, line 784]
Event: 19.732 Thread 0x000001825873a400 Exception <a 'java/lang/NoSuchMethodError'{0x00000000f711f9e0}: 'java.lang.Object java.lang.invoke.DelegatingMethodHandle$Holder.reinvoke_L(java.lang.Object, int, long, java.lang.Object, java.lang.Object, int, java.lang.Object)'> (0x00000000f711f9e0) 
thrown [s\src\hotspot\share\interpreter\linkResolver.cpp, line 784]

ZGC Phase Switch (0 events):
No events

VM Operations (20 events):
Event: 18.411 Executing VM operation: HandshakeAllThreads (Deoptimize) done
Event: 18.543 Executing VM operation: ICBufferFull
Event: 18.543 Executing VM operation: ICBufferFull done
Event: 18.544 Executing VM operation: ICBufferFull
Event: 18.544 Executing VM operation: ICBufferFull done
Event: 18.774 Executing VM operation: G1CollectForAllocation (G1 Evacuation Pause)
Event: 18.780 Executing VM operation: G1CollectForAllocation (G1 Evacuation Pause) done
Event: 19.185 Executing VM operation: ICBufferFull
Event: 19.185 Executing VM operation: ICBufferFull done
Event: 19.424 Executing VM operation: HandshakeAllThreads (Deoptimize)
Event: 19.424 Executing VM operation: HandshakeAllThreads (Deoptimize) done
Event: 19.438 Executing VM operation: HandshakeAllThreads (Deoptimize)
Event: 19.439 Executing VM operation: HandshakeAllThreads (Deoptimize) done
Event: 19.443 Executing VM operation: HandshakeAllThreads (Deoptimize)
Event: 19.443 Executing VM operation: HandshakeAllThreads (Deoptimize) done
Event: 19.525 Executing VM operation: HandshakeAllThreads (Deoptimize)
Event: 19.525 Executing VM operation: HandshakeAllThreads (Deoptimize) done
Event: 19.776 Executing VM operation: G1TryInitiateConcMark (G1 Humongous Allocation)
Event: 19.789 Executing VM operation: G1TryInitiateConcMark (G1 Humongous Allocation) done
Event: 19.914 Executing VM operation: G1PauseRemark

Memory protections (0 events):
No events

Nmethod flushes (20 events):
Event: 19.918 Thread 0x000001824fb88060 flushing  nmethod 0x000001823eb17410
Event: 19.918 Thread 0x000001824fb88060 flushing  nmethod 0x000001823eb19c90
Event: 19.918 Thread 0x000001824fb88060 flushing  nmethod 0x000001823eb1a590
Event: 19.918 Thread 0x000001824fb88060 flushing  nmethod 0x000001823eb39010
Event: 19.918 Thread 0x000001824fb88060 flushing  nmethod 0x000001823eb39810
Event: 19.918 Thread 0x000001824fb88060 flushing  nmethod 0x000001823eb3a290
Event: 19.918 Thread 0x000001824fb88060 flushing  nmethod 0x000001823eb3c510
Event: 19.918 Thread 0x000001824fb88060 flushing  nmethod 0x000001823eb3c890
Event: 19.918 Thread 0x000001824fb88060 flushing  nmethod 0x000001823eb3d710
Event: 19.918 Thread 0x000001824fb88060 flushing  nmethod 0x000001823eb3df10
Event: 19.918 Thread 0x000001824fb88060 flushing  nmethod 0x000001823eb3ec10
Event: 19.918 Thread 0x000001824fb88060 flushing  nmethod 0x000001823eb53290
Event: 19.918 Thread 0x000001824fb88060 flushing  nmethod 0x000001823eb53a10
Event: 19.918 Thread 0x000001824fb88060 flushing  nmethod 0x000001823eb54810
Event: 19.918 Thread 0x000001824fb88060 flushing  nmethod 0x000001823eb56810
Event: 19.918 Thread 0x000001824fb88060 flushing  nmethod 0x000001823eb57910
Event: 19.918 Thread 0x000001824fb88060 flushing  nmethod 0x000001823eb59510
Event: 19.918 Thread 0x000001824fb88060 flushing  nmethod 0x000001823ebae090
Event: 19.918 Thread 0x000001824fb88060 flushing  nmethod 0x000001823ebd5510
Event: 19.918 Thread 0x000001824fb88060 flushing  nmethod 0x000001823ec7a690

Events (20 events):
Event: 18.341 Thread 0x000001825b2116f0 Thread added: 0x0000018258736f80
Event: 18.445 Thread 0x000001825b2116f0 Thread added: 0x00000182587368f0
Event: 18.445 Thread 0x000001825b2116f0 Thread added: 0x000001825873a400
Event: 18.446 Thread 0x000001825b2116f0 Thread added: 0x0000018258737610
Event: 18.446 Thread 0x000001825b2116f0 Thread added: 0x000001825ad6a790
Event: 18.446 Thread 0x000001825b2116f0 Thread added: 0x000001825ad6a100
Event: 18.505 Thread 0x000001825b211d80 Thread added: 0x000001825ad6bb40
Event: 18.506 Thread 0x000001825b211d80 Thread added: 0x000001825ad6dc10
Event: 18.506 Thread 0x000001825b211d80 Thread added: 0x000001825ad6e2a0
Event: 18.507 Thread 0x000001825b211d80 Thread added: 0x000001825ad6ae20
Event: 18.508 Thread 0x000001825b211d80 Thread added: 0x000001825ad6e930
Event: 18.508 Thread 0x000001825b211d80 Thread added: 0x000001825ad6b4b0
Event: 19.342 Thread 0x000001825406fce0 Thread added: 0x0000018257fd6900
Event: 19.774 Thread 0x000001825873a400 Thread added: 0x000001825ad6fce0
Event: 19.776 Thread 0x000001825ad6fce0 Thread added: 0x000001825ad70a00
Event: 19.790 Thread 0x000001825ad70a00 Thread added: 0x000001825ad6f650
Event: 19.791 Thread 0x000001825ad6f650 Thread added: 0x000001825ad71090
Event: 19.793 Thread 0x000001825ad71090 Thread added: 0x000001825ad70370
Event: 19.795 Thread 0x000001825ad70370 Thread added: 0x000001825a8eb170
Event: 19.801 Thread 0x000001825a8eb170 Thread added: 0x000001825a8eb800


Dynamic libraries:
0x00007ff717170000 - 0x00007ff71717a000 	C:\Program Files\Android\Android Studio\jbr\bin\java.exe
0x00007ffc4a300000 - 0x00007ffc4a566000 	C:\windows\SYSTEM32\ntdll.dll
0x00007ffbdf4c0000 - 0x00007ffbdf4e1000 	C:\Program Files\Avast Software\Avast\aswhook.dll
0x00007ffc486e0000 - 0x00007ffc487a9000 	C:\windows\System32\KERNEL32.DLL
0x00007ffc47760000 - 0x00007ffc47b5f000 	C:\windows\System32\KERNELBASE.dll
0x00007ffc475d0000 - 0x00007ffc4771c000 	C:\windows\System32\ucrtbase.dll
0x00007ffc25090000 - 0x00007ffc250ab000 	C:\Program Files\Android\Android Studio\jbr\bin\VCRUNTIME140.dll
0x00007ffc251e0000 - 0x00007ffc251f8000 	C:\Program Files\Android\Android Studio\jbr\bin\jli.dll
0x00007ffc48060000 - 0x00007ffc48226000 	C:\windows\System32\USER32.dll
0x00007ffc47730000 - 0x00007ffc47757000 	C:\windows\System32\win32u.dll
0x00007ffc49f70000 - 0x00007ffc49f9b000 	C:\windows\System32\GDI32.dll
0x00007ffc18770000 - 0x00007ffc18a01000 	C:\windows\WinSxS\amd64_microsoft.windows.common-controls_6595b64144ccf1df_6.0.26100.8972_none_3e0da176e32f9d4b\COMCTL32.dll
0x00007ffc47b70000 - 0x00007ffc47c99000 	C:\windows\System32\gdi32full.dll
0x00007ffc47ca0000 - 0x00007ffc47d43000 	C:\windows\System32\msvcp_win.dll
0x00007ffc48c20000 - 0x00007ffc48cc9000 	C:\windows\System32\msvcrt.dll
0x00007ffc48cd0000 - 0x00007ffc48d02000 	C:\windows\System32\IMM32.DLL
0x00007ffc3f080000 - 0x00007ffc3f08c000 	C:\Program Files\Android\Android Studio\jbr\bin\vcruntime140_1.dll
0x00007ffc162f0000 - 0x00007ffc1637d000 	C:\Program Files\Android\Android Studio\jbr\bin\msvcp140.dll
0x00007ffb96a60000 - 0x00007ffb976f6000 	C:\Program Files\Android\Android Studio\jbr\bin\server\jvm.dll
0x00007ffc4a030000 - 0x00007ffc4a0ec000 	C:\windows\System32\ADVAPI32.dll
0x00007ffc48630000 - 0x00007ffc486da000 	C:\windows\System32\sechost.dll
0x00007ffc49df0000 - 0x00007ffc49f08000 	C:\windows\System32\RPCRT4.dll
0x00007ffc48df0000 - 0x00007ffc48e72000 	C:\windows\System32\WS2_32.dll
0x00007ffc47370000 - 0x00007ffc473ce000 	C:\windows\SYSTEM32\POWRPROF.dll
0x00007ffc31e70000 - 0x00007ffc31e7b000 	C:\windows\SYSTEM32\VERSION.dll
0x00007ffc3f190000 - 0x00007ffc3f1c6000 	C:\windows\SYSTEM32\WINMM.dll
0x00007ffc47350000 - 0x00007ffc47365000 	C:\windows\SYSTEM32\UMPDC.dll
0x00007ffc46200000 - 0x00007ffc4621b000 	C:\windows\SYSTEM32\kernel.appcore.dll
0x00007ffc25b00000 - 0x00007ffc25b0a000 	C:\Program Files\Android\Android Studio\jbr\bin\jimage.dll
0x00007ffc44ab0000 - 0x00007ffc44cf2000 	C:\windows\SYSTEM32\DBGHELP.DLL
0x00007ffc48890000 - 0x00007ffc48c15000 	C:\windows\System32\combase.dll
0x00007ffc48d10000 - 0x00007ffc48de9000 	C:\windows\System32\OLEAUT32.dll
0x00007ffc30140000 - 0x00007ffc3017b000 	C:\windows\SYSTEM32\dbgcore.DLL
0x00007ffc47d50000 - 0x00007ffc47dfc000 	C:\windows\System32\bcryptPrimitives.dll
0x00007ffc24c20000 - 0x00007ffc24c2e000 	C:\Program Files\Android\Android Studio\jbr\bin\instrument.dll
0x00007ffc25070000 - 0x00007ffc25090000 	C:\Program Files\Android\Android Studio\jbr\bin\java.dll
0x00007ffc24fd0000 - 0x00007ffc24fe8000 	C:\Program Files\Android\Android Studio\jbr\bin\zip.dll
0x00007ffc495e0000 - 0x00007ffc49d68000 	C:\windows\System32\SHELL32.dll
0x00007ffc44f90000 - 0x00007ffc4582b000 	C:\windows\SYSTEM32\windows.storage.dll
0x00007ffc494e0000 - 0x00007ffc495d9000 	C:\windows\System32\SHCORE.dll
0x00007ffc49d80000 - 0x00007ffc49de6000 	C:\windows\System32\shlwapi.dll
0x00007ffc47430000 - 0x00007ffc47459000 	C:\windows\SYSTEM32\profapi.dll
0x00007ffc258a0000 - 0x00007ffc258b0000 	C:\Program Files\Android\Android Studio\jbr\bin\net.dll
0x00007ffc35880000 - 0x00007ffc359a8000 	C:\windows\SYSTEM32\WINHTTP.dll
0x00007ffc467b0000 - 0x00007ffc4681c000 	C:\windows\system32\mswsock.dll
0x00007ffc24fb0000 - 0x00007ffc24fc6000 	C:\Program Files\Android\Android Studio\jbr\bin\nio.dll
0x00007ffc251d0000 - 0x00007ffc251e0000 	C:\Program Files\Android\Android Studio\jbr\bin\verify.dll
0x00007ffc241c0000 - 0x00007ffc241e7000 	C:\Users\rajku\.gradle\native\c067742578af261105cb4f569cf0c3c89f3d7b1fecec35dd04571415982c5e48\windows-amd64\native-platform.dll
0x00007ffbe46e0000 - 0x00007ffbe4824000 	C:\Users\rajku\.gradle\native\38dada09dfb8b06ba9b0570ebf7e218e3eb74d4ef43ca46872605cf95ebc2f47\windows-amd64\native-platform-file-events.dll
0x00007ffc24fa0000 - 0x00007ffc24fa9000 	C:\Program Files\Android\Android Studio\jbr\bin\management.dll
0x00007ffc24f90000 - 0x00007ffc24f9b000 	C:\Program Files\Android\Android Studio\jbr\bin\management_ext.dll
0x00007ffc48440000 - 0x00007ffc48448000 	C:\windows\System32\PSAPI.DLL
0x00007ffc46ac0000 - 0x00007ffc46adb000 	C:\windows\SYSTEM32\CRYPTSP.dll
0x00007ffc46160000 - 0x00007ffc46199000 	C:\windows\system32\rsaenh.dll
0x00007ffc46860000 - 0x00007ffc46892000 	C:\windows\SYSTEM32\USERENV.dll
0x00007ffc47400000 - 0x00007ffc4742a000 	C:\windows\SYSTEM32\bcrypt.dll
0x00007ffc46aa0000 - 0x00007ffc46aac000 	C:\windows\SYSTEM32\CRYPTBASE.dll
0x00007ffc45b90000 - 0x00007ffc45bc3000 	C:\windows\SYSTEM32\IPHLPAPI.DLL
0x00007ffc48430000 - 0x00007ffc4843a000 	C:\windows\System32\NSI.dll
0x00007ffc24bf0000 - 0x00007ffc24bf9000 	C:\Program Files\Android\Android Studio\jbr\bin\extnet.dll
0x00007ffc12f20000 - 0x00007ffc12f28000 	C:\windows\system32\wshunix.dll
0x00007ffc19b20000 - 0x00007ffc19b38000 	C:\windows\system32\napinsp.dll
0x00007ffc45c20000 - 0x00007ffc45d78000 	C:\windows\SYSTEM32\DNSAPI.dll
0x00007ffc465b0000 - 0x00007ffc465bd000 	C:\windows\SYSTEM32\DSPARSE.dll
0x00007ffc18f80000 - 0x00007ffc18f93000 	C:\windows\System32\winrnr.dll
0x00007ffc18f50000 - 0x00007ffc18f72000 	C:\windows\system32\nlansp_c.dll
0x00007ffc35af0000 - 0x00007ffc35b06000 	C:\windows\system32\wshbth.dll
0x00007ffc33730000 - 0x00007ffc3373b000 	C:\Windows\System32\rasadhlp.dll
0x00007ffc36280000 - 0x00007ffc36306000 	C:\windows\System32\fwpuclnt.dll
0x00007ffc46330000 - 0x00007ffc46366000 	C:\windows\SYSTEM32\ntmarta.dll

JVMTI agents:
C:\Users\rajku\.gradle\wrapper\dists\gradle-8.5-bin\5t9huq95ubn472n8rpzujfbqh\gradle-8.5\lib\agents\gradle-instrumentation-agent-8.5.jar path:C:\Program Files\Android\Android Studio\jbr\bin\instrument.dll, loaded, initialized, instrumentlib options:none

dbghelp: loaded successfully - version: 4.0.5 - missing functions: none
symbol engine: initialized successfully - sym options: 0x614 - pdb path: .;C:\Program Files\Android\Android Studio\jbr\bin;C:\windows\SYSTEM32;C:\Program Files\Avast Software\Avast;C:\windows\WinSxS\amd64_microsoft.windows.common-controls_6595b64144ccf1df_6.0.26100.8972_none_3e0da176e32f9d4b;C:\Program Files\Android\Android Studio\jbr\bin\server;C:\Users\rajku\.gradle\native\c067742578af261105cb4f569cf0c3c89f3d7b1fecec35dd04571415982c5e48\windows-amd64;C:\Users\rajku\.gradle\native\38dada09dfb8b06ba9b0570ebf7e218e3eb74d4ef43ca46872605cf95ebc2f47\windows-amd64

VM Arguments:
jvm_args: --add-opens=java.base/java.util=ALL-UNNAMED --add-opens=java.base/java.lang=ALL-UNNAMED --add-opens=java.base/java.lang.invoke=ALL-UNNAMED --add-opens=java.prefs/java.util.prefs=ALL-UNNAMED --add-opens=java.base/java.nio.charset=ALL-UNNAMED --add-opens=java.base/java.net=ALL-UNNAMED --add-opens=java.base/java.util.concurrent.atomic=ALL-UNNAMED -Xmx256m -Dfile.encoding=UTF-8 -Duser.country=IN -Duser.language=en -Duser.variant -javaagent:C:\Users\rajku\.gradle\wrapper\dists\gradle-8.5-bin\5t9huq95ubn472n8rpzujfbqh\gradle-8.5\lib\agents\gradle-instrumentation-agent-8.5.jar 
java_command: org.gradle.launcher.daemon.bootstrap.GradleDaemon 8.5
java_class_path (initial): C:\Users\rajku\.gradle\wrapper\dists\gradle-8.5-bin\5t9huq95ubn472n8rpzujfbqh\gradle-8.5\lib\gradle-launcher-8.5.jar
Launcher Type: SUN_STANDARD

[Global flags]
     intx CICompilerCount                          = 4                                         {product} {ergonomic}
     uint ConcGCThreads                            = 2                                         {product} {ergonomic}
     uint G1ConcRefinementThreads                  = 8                                         {product} {ergonomic}
   size_t G1HeapRegionSize                         = 1048576                                   {product} {ergonomic}
    uintx GCDrainStackTargetSize                   = 64                                        {product} {ergonomic}
   size_t InitialHeapSize                          = 130023424                                 {product} {ergonomic}
   size_t MarkStackSize                            = 4194304                                   {product} {ergonomic}
   size_t MaxHeapSize                              = 268435456                                 {product} {command line}
   size_t MaxNewSize                               = 160432128                                 {product} {ergonomic}
   size_t MinHeapDeltaBytes                        = 1048576                                   {product} {ergonomic}
   size_t MinHeapSize                              = 8388608                                   {product} {ergonomic}
    uintx NonNMethodCodeHeapSize                   = 5839372                                {pd product} {ergonomic}
    uintx NonProfiledCodeHeapSize                  = 122909434                              {pd product} {ergonomic}
    uintx ProfiledCodeHeapSize                     = 122909434                              {pd product} {ergonomic}
    uintx ReservedCodeCacheSize                    = 251658240                              {pd product} {ergonomic}
     bool SegmentedCodeCache                       = true                                      {product} {ergonomic}
   size_t SoftMaxHeapSize                          = 268435456                              {manageable} {ergonomic}
     bool UseCompressedOops                        = true                           {product lp64_product} {ergonomic}
     bool UseG1GC                                  = true                                      {product} {ergonomic}
     bool UseLargePagesIndividualAllocation        = false                                  {pd product} {ergonomic}

Logging:
Log output configuration:
 #0: stdout all=warning uptime,level,tags foldmultilines=false
 #1: stderr all=off uptime,level,tags foldmultilines=false

Release file:
JAVA_VERSION="21.0.9" 
MODULES="java.base java.compiler java.datatransfer java.xml java.prefs java.desktop java.instrument java.logging java.management java.security.sasl java.naming java.rmi java.management.rmi java.net.http java.scripting java.security.jgss java.transaction.xa java.sql java.sql.rowset java.xml.crypto java.se java.smartcardio jdk.accessibility jdk.internal.jvmstat jdk.attach jdk.charsets jdk.internal.opt jdk.zipfs jdk.compiler jdk.crypto.ec jdk.crypto.cryptoki jdk.dynalink jdk.hotspot.agent jdk.httpserver jdk.internal.ed jdk.internal.le jdk.internal.vm.ci jdk.jartool jdk.javadoc jdk.jcmd jdk.jdeps jdk.jdwp.agent jdk.jdi jdk.jfr jdk.jlink jdk.jsobject jdk.localedata jdk.management jdk.management.agent jdk.management.jfr jdk.naming.dns jdk.naming.rmi jdk.net jdk.sctp jdk.security.auth jdk.security.jgss jdk.unsupported jdk.unsupported.desktop jdk.xml.dom" 
IMPLEMENTOR="JetBrains s.r.o." 
JAVA_RUNTIME_VERSION="21.0.9+-14787801-b1163.94" 
LIBC="default" 
OS_ARCH="x86_64" 
OS_NAME="Windows" 
SOURCE=".:git:0c757ddc9f2f" 

Environment Variables:
JAVA_HOME=C:\Program Files\Android\Android Studio\jbr
CLASSPATH=D:\itantra\mobile_app_apk\android\\gradle\wrapper\gradle-wrapper.jar
PATH=C:\Program Files\Android\Android Studio\jbr\bin;C:/Users/rajku/.gemini/antigravity/bin;C:\Users\rajku\AppData\Roaming\Antigravity\bin;C:\Python314\Scripts\;C:\Python314\;C:\windows\system32;C:\windows;C:\windows\System32\Wbem;C:\windows\System32\WindowsPowerShell\v1.0\;C:\windows\System32\OpenSSH\;C:\Program Files\Git\cmd;C:\Program Files (x86)\pcsuite\;C:\ProgramData\chocolatey\bin;C:\Users\rajku\;C:\Users\rajku\AppData\Local\Programs\Python\Python311\Scripts\;C:\Users\rajku\AppData\Local\Programs\Python\Python311\;C:\Users\rajku\AppData\Local\Microsoft\WindowsApps;C:\Users\rajku\AppData\Local\Programs\Microsoft VS Code\bin;C:\Program Files\MongoDB\Server\8.2\bin;%JAVA_HOME%\bin;C:\Users\rajku\AppData\Local\Programs\Antigravity\bin;C:\Users\rajku\AppData\Local\Google\Cloud SDK\google-cloud-sdk\bin;C:\Users\rajku\AppData\Roaming\npm;C:\Users\rajku\AppData\Local\Programs\Ollama
USERNAME=rajku
OS=Windows_NT
PROCESSOR_IDENTIFIER=Intel64 Family 6 Model 186 Stepping 3, GenuineIntel
TMP=C:\Users\rajku\AppData\Local\Temp
TEMP=C:\Users\rajku\AppData\Local\Temp




Periodic native trim disabled

JNI global refs:
JNI global refs: 28, weak refs: 0

JNI global refs memory usage: 835, weak refs: 833

Process memory usage:
Resident Set Size: 477640K (5% of 8023876K total physical memory with 455636K free physical memory)

OOME stack traces (most recent first):
Classloader memory used:
Loader org.gradle.internal.classloader.VisitableURLClassLoader                         : 39520K
Loader org.gradle.internal.classloader.VisitableURLClassLoader$InstrumentingVisitableURLClassLoader: 29913K
Loader bootstrap                                                                       : 29571K
Loader org.gradle.initialization.MixInLegacyTypesClassLoader                           : 10798K
Loader jdk.internal.loader.ClassLoaders$PlatformClassLoader                            : 521K
Loader jdk.internal.reflect.DelegatingClassLoader                                      : 247K
Loader jdk.internal.loader.ClassLoaders$AppClassLoader                                 : 227K
Loader org.gradle.groovy.scripts.internal.DefaultScriptCompilationHandler$ScriptClassLoader: 163K
Loader org.codehaus.groovy.runtime.callsite.CallSiteClassLoader                        : 10136B
Loader sun.reflect.misc.MethodUtil                                                     : 2984B

Classes loaded by more than one classloader:
Class com.google.common.base.PairwiseEquivalence                                      : loaded 2 times (x 83B)
Class com.google.common.base.Equivalence$Identity                                     : loaded 2 times (x 82B)
Class com.google.common.collect.RegularImmutableMap$KeySet                            : loaded 2 times (x 150B)
Class org.gradle.internal.classloader.FilteringClassLoader                            : loaded 2 times (x 105B)
Class com.google.common.io.FileWriteMode                                              : loaded 2 times (x 79B)
Class [Lcom.google.common.base.AbstractIterator$State;                                : loaded 2 times (x 69B)
Class com.google.common.base.CharMatcher$IsEither                                     : loaded 2 times (x 111B)
Class org.gradle.internal.classloader.ClassLoaderHierarchy                            : loaded 2 times (x 70B)
Class com.google.common.collect.AbstractMapBasedMultimap$WrappedCollection            : loaded 2 times (x 124B)
Class com.google.common.collect.ImmutableEnumSet                                      : loaded 2 times (x 146B)
Class com.google.common.util.concurrent.ExecutionError                                : loaded 2 times (x 82B)
Class com.google.common.collect.ImmutableList$1                                       : loaded 2 times (x 97B)
Class org.gradle.api.internal.classpath.ManifestUtil                                  : loaded 2 times (x 71B)
Class com.google.common.collect.RegularImmutableMap                                   : loaded 2 times (x 121B)
Class com.google.common.collect.ImmutableMap$MapViewOfValuesAsSingletonSets           : loaded 2 times (x 125B)
Class [Lorg.objectweb.asm.Symbol;                                                     : loaded 2 times (x 69B)
Class org.objectweb.asm.ClassVisitor                                                  : loaded 2 times (x 87B)
Class com.google.common.collect.UnmodifiableListIterator                              : loaded 2 times (x 95B)
Class org.objectweb.asm.MethodTooLargeException                                       : loaded 2 times (x 83B)
Class com.google.common.base.Platform$JdkPatternCompiler                              : loaded 2 times (x 75B)
Class [Lcom.google.common.cache.CacheBuilder$OneWeigher;                              : loaded 2 times (x 69B)
Class com.google.common.base.Suppliers                                                : loaded 2 times (x 71B)
Class org.gradle.internal.classloader.DefaultClassLoaderFactory                       : loaded 2 times (x 82B)
Class [Lcom.google.common.collect.AbstractIterator$State;                             : loaded 2 times (x 69B)
Class com.google.common.base.CharMatcher$None                                         : loaded 2 times (x 112B)
Class org.gradle.internal.classloader.ClassLoaderVisitor                              : loaded 2 times (x 76B)
Class [Lcom.google.common.collect.ImmutableMapEntry;                                  : loaded 2 times (x 69B)
Class org.gradle.api.internal.classpath.EffectiveClassPath                            : loaded 2 times (x 90B)
Class com.google.common.collect.AbstractIterator$1                                    : loaded 2 times (x 71B)
Class com.google.common.collect.ImmutableEnumMap                                      : loaded 2 times (x 125B)
Class com.google.common.collect.ListMultimap                                          : loaded 2 times (x 70B)
Class com.google.common.collect.Sets$1                                                : loaded 2 times (x 139B)
Class org.objectweb.asm.AnnotationVisitor                                             : loaded 2 times (x 77B)
Class com.google.common.base.Splitter                                                 : loaded 2 times (x 72B)
Class org.gradle.api.internal.DefaultClassPathProvider                                : loaded 2 times (x 76B)
Class [Lcom.google.common.base.Function;                                              : loaded 2 times (x 69B)
Class com.google.common.collect.Maps$ViewCachingAbstractMap                           : loaded 2 times (x 125B)
Class com.google.common.collect.Sets$2                                                : loaded 2 times (x 139B)
Class [Lorg.gradle.api.internal.ClassPathProvider;                                    : loaded 2 times (x 69B)
Class org.gradle.api.internal.ClassPathProvider                                       : loaded 2 times (x 70B)
Class com.google.common.collect.Sets$3                                                : loaded 2 times (x 139B)
Class com.google.common.util.concurrent.AbstractFuture$SafeAtomicHelper               : loaded 2 times (x 79B)
Class com.google.common.cache.LocalCache$LocalLoadingCache                            : loaded 2 times (x 134B)
Class com.google.common.base.AbstractIterator$State                                   : loaded 2 times (x 79B)
Class org.gradle.internal.service.UnknownServiceException                             : loaded 2 times (x 83B)
Class com.google.common.collect.Sets$4                                                : loaded 2 times (x 139B)
Class org.objectweb.asm.ModuleVisitor                                                 : loaded 2 times (x 80B)
Class com.google.common.cache.LocalCache$Strength$1                                   : loaded 2 times (x 81B)
Class com.google.common.collect.Collections2$FilteredCollection                       : loaded 2 times (x 119B)
Class com.google.common.util.concurrent.SettableFuture                                : loaded 2 times (x 114B)
Class com.google.common.cache.LocalCache$Strength$2                                   : loaded 2 times (x 81B)
Class [Lcom.google.common.collect.Maps$EntryFunction;                                 : loaded 2 times (x 69B)
Class com.google.common.collect.TransformedIterator                                   : loaded 2 times (x 80B)
Class com.google.common.cache.LocalCache$Strength$3                                   : loaded 2 times (x 81B)
Class com.google.common.collect.MapDifference                                         : loaded 2 times (x 70B)
Class com.google.common.base.Splitter$1                                               : loaded 2 times (x 77B)
Class org.objectweb.asm.FieldWriter                                                   : loaded 2 times (x 77B)
Class com.google.common.cache.CacheBuilder$NullListener                               : loaded 2 times (x 82B)
Class org.gradle.internal.classpath.TransformedClassPath                              : loaded 2 times (x 96B)
Class com.google.common.collect.Maps$IteratorBasedAbstractMap$1                       : loaded 2 times (x 138B)
Class com.google.common.cache.CacheLoader$FunctionToCacheLoader                       : loaded 2 times (x 75B)
Class com.google.common.collect.Iterators$ArrayItr                                    : loaded 2 times (x 97B)
Class com.google.common.collect.ImmutableCollection$Builder                           : loaded 2 times (x 76B)
Class com.google.common.base.Joiner                                                   : loaded 2 times (x 79B)
Class com.google.common.base.MoreObjects                                              : loaded 2 times (x 71B)
Class [Lorg.objectweb.asm.Type;                                                       : loaded 2 times (x 69B)
Class com.google.common.collect.Platform                                              : loaded 2 times (x 71B)
Class com.google.common.collect.UnmodifiableIterator                                  : loaded 2 times (x 80B)
Class org.gradle.internal.service.ServiceLocator                                      : loaded 2 times (x 70B)
Class com.google.common.base.Ascii                                                    : loaded 2 times (x 71B)
Class com.google.common.cache.LocalCache$1                                            : loaded 2 times (x 89B)
Class com.google.common.collect.AbstractMapEntry                                      : loaded 2 times (x 81B)
Class com.google.common.collect.Sets$ImprovedAbstractSet                              : loaded 2 times (x 135B)
Class com.google.common.collect.ImmutableList$Builder                                 : loaded 2 times (x 77B)
Class com.google.common.cache.LocalCache$2                                            : loaded 2 times (x 142B)
Class com.google.common.collect.AbstractMultimap                                      : loaded 2 times (x 123B)
Class com.google.common.util.concurrent.AbstractFuture$UnsafeAtomicHelper$1           : loaded 2 times (x 76B)
Class com.google.common.collect.RegularImmutableAsList                                : loaded 2 times (x 216B)
Class com.google.common.base.Optional                                                 : loaded 2 times (x 80B)
Class com.google.common.util.concurrent.AbstractFuture$Trusted                        : loaded 2 times (x 70B)
Class com.google.common.collect.Iterators                                             : loaded 2 times (x 71B)
Class com.google.common.base.CharMatcher$RangesMatcher                                : loaded 2 times (x 112B)
Class build_6q0ghfex2m7ky4eb05875xkei$_run_closure1                                   : loaded 2 times (x 139B)
Class com.google.common.io.ByteSink$AsCharSink                                        : loaded 2 times (x 80B)
Class com.google.common.util.concurrent.UncheckedExecutionException                   : loaded 2 times (x 82B)
Class com.google.common.collect.Lists$StringAsImmutableList                           : loaded 2 times (x 207B)
Class com.google.common.base.CharMatcher$JavaLetterOrDigit                            : loaded 2 times (x 111B)
Class org.gradle.internal.InternalTransformer                                         : loaded 2 times (x 70B)
Class com.google.common.collect.AbstractMapBasedMultimap$KeySet$1                     : loaded 2 times (x 82B)
Class org.objectweb.asm.ClassWriter                                                   : loaded 2 times (x 104B)
Class com.google.common.cache.CacheLoader$UnsupportedLoadingOperationException        : loaded 2 times (x 82B)
Class com.google.common.base.CharMatcher$And                                          : loaded 2 times (x 112B)
Class org.gradle.internal.classloader.ClasspathUtil$1                                 : loaded 2 times (x 76B)
Class com.google.common.collect.FluentIterable$1                                      : loaded 2 times (x 81B)
Class com.google.common.base.Objects                                                  : loaded 2 times (x 71B)
Class org.objectweb.asm.FieldVisitor                                                  : loaded 2 times (x 76B)
Class com.google.common.collect.IndexedImmutableSet                                   : loaded 2 times (x 150B)
Class com.google.common.collect.ImmutableMap$1                                        : loaded 2 times (x 81B)
Class com.google.common.collect.BiMap                                                 : loaded 2 times (x 70B)
Class settings_45oobmneggqzdycjcw65v8uef$_run_closure1                                : loaded 2 times (x 139B)
Class org.gradle.api.internal.classpath.DefaultModuleRegistry$DefaultModule           : loaded 2 times (x 86B)
Class com.google.common.collect.FluentIterable$2                                      : loaded 2 times (x 81B)
Class com.google.common.base.Absent                                                   : loaded 2 times (x 80B)
Class com.google.common.primitives.Ints                                               : loaded 2 times (x 71B)
Class com.google.common.collect.AbstractIterator                                      : loaded 2 times (x 82B)
Class com.google.common.collect.FluentIterable$3                                      : loaded 2 times (x 81B)
Class com.google.common.math.MathPreconditions                                        : loaded 2 times (x 71B)
Class com.google.common.collect.Multiset                                              : loaded 2 times (x 70B)
Class com.google.common.collect.ArrayListMultimapGwtSerializationDependencies         : loaded 2 times (x 172B)
Class com.google.common.collect.ObjectArrays                                          : loaded 2 times (x 71B)
Class com.google.common.collect.AbstractIndexedListIterator                           : loaded 2 times (x 96B)
Class com.google.common.collect.ImmutableMapEntrySet                                  : loaded 2 times (x 151B)
Class org.gradle.api.internal.classpath.Module                                        : loaded 2 times (x 70B)
Class com.google.common.cache.Weigher                                                 : loaded 2 times (x 70B)
Class org.gradle.api.internal.classpath.UnknownModuleException                        : loaded 2 times (x 82B)
Class org.gradle.cache.GlobalCache                                                    : loaded 2 times (x 70B)
Class com.google.common.base.Stopwatch                                                : loaded 2 times (x 72B)
Class com.google.common.cache.LocalCache$Strength                                     : loaded 2 times (x 81B)
Class com.google.common.cache.Cache                                                   : loaded 2 times (x 70B)
Class com.google.common.io.Files$2                                                    : loaded 2 times (x 76B)
Class com.google.common.util.concurrent.AbstractFuture$Cancellation                   : loaded 2 times (x 72B)
Class com.google.common.collect.ImmutableMap$Builder                                  : loaded 2 times (x 82B)
Class com.google.common.base.NullnessCasts                                            : loaded 2 times (x 71B)
Class com.google.common.collect.Maps$EntryFunction$1                                  : loaded 2 times (x 91B)
Class com.google.common.base.Present                                                  : loaded 2 times (x 81B)
Class com.google.common.collect.AbstractMapBasedMultimap$WrappedCollection$WrappedIterator: loaded 2 times (x 84B)
Class com.google.common.cache.RemovalListener                                         : loaded 2 times (x 70B)
Class org.gradle.api.internal.DefaultClassPathRegistry                                : loaded 2 times (x 76B)
Class com.google.common.collect.Maps$EntryFunction$2                                  : loaded 2 times (x 91B)
Class com.google.common.primitives.IntsMethodsForWeb                                  : loaded 2 times (x 71B)
Class com.google.common.collect.Multimap                                              : loaded 2 times (x 70B)
Class org.gradle.api.internal.ClassPathRegistry                                       : loaded 2 times (x 70B)
Class org.gradle.internal.classpath.DefaultClassPath$ImmutableUniqueList              : loaded 2 times (x 199B)
Class com.google.common.base.ExtraObjectsMethodsForWeb                                : loaded 2 times (x 71B)
Class com.google.common.io.ByteSink                                                   : loaded 2 times (x 76B)
Class com.google.common.cache.CacheBuilder                                            : loaded 2 times (x 72B)
Class com.google.common.collect.SingletonImmutableList                                : loaded 2 times (x 207B)
Class settings_45oobmneggqzdycjcw65v8uef$_run_closure1$_closure2                      : loaded 2 times (x 139B)
Class org.gradle.internal.classpath.ClassPath                                         : loaded 2 times (x 70B)
Class org.gradle.api.UncheckedIOException                                             : loaded 2 times (x 82B)
Class com.google.common.io.Files$FileByteSource                                       : loaded 2 times (x 85B)
Class com.google.common.collect.ImmutableList$ReverseImmutableList                    : loaded 2 times (x 208B)
Class com.google.common.base.JdkPattern                                               : loaded 2 times (x 75B)
Class org.objectweb.asm.SymbolTable$Entry                                             : loaded 2 times (x 74B)
Class com.google.common.util.concurrent.AbstractFuture$AtomicHelper                   : loaded 2 times (x 78B)
Class org.objectweb.asm.Edge                                                          : loaded 2 times (x 72B)
Class com.google.common.base.Suppliers$SupplierOfInstance                             : loaded 2 times (x 79B)
Class com.google.common.collect.Iterators$1                                           : loaded 2 times (x 81B)
Class com.google.common.cache.LocalCache$ComputingValueReference                      : loaded 2 times (x 96B)
Class com.google.common.collect.SingletonImmutableSet                                 : loaded 2 times (x 146B)
Class com.google.common.collect.ImmutableMap$IteratorBasedImmutableMap                : loaded 2 times (x 125B)
Class com.google.common.cache.LocalCache$Segment                                      : loaded 2 times (x 154B)
Class [Lorg.objectweb.asm.SymbolTable$Entry;                                          : loaded 2 times (x 69B)
Class com.google.common.cache.CacheLoader                                             : loaded 2 times (x 74B)
Class com.google.common.collect.Iterators$4                                           : loaded 2 times (x 82B)
Class com.google.common.collect.ImmutableBiMap                                        : loaded 2 times (x 143B)
Class com.google.common.collect.AbstractListMultimap                                  : loaded 2 times (x 172B)
Class org.gradle.internal.installation.GradleInstallation$1                           : loaded 2 times (x 75B)
Class org.gradle.api.internal.classpath.ModuleRegistry                                : loaded 2 times (x 70B)
Class com.google.common.util.concurrent.internal.InternalFutureFailureAccess          : loaded 2 times (x 72B)
Class com.google.common.collect.Iterators$5                                           : loaded 2 times (x 82B)
Class com.google.common.collect.ImmutableSet$JdkBackedSetBuilderImpl                  : loaded 2 times (x 76B)
Class com.google.common.base.Splitter$SplittingIterator                               : loaded 2 times (x 84B)
Class com.google.common.collect.Iterators$6                                           : loaded 2 times (x 81B)
Class com.google.common.io.Closer$SuppressingSuppressor                               : loaded 2 times (x 75B)
Class com.google.common.util.concurrent.AbstractFuture$UnsafeAtomicHelper             : loaded 2 times (x 78B)
Class com.google.common.cache.LocalCache$LocalManualCache$1                           : loaded 2 times (x 75B)
Class com.google.common.base.CharMatcher$ForPredicate                                 : loaded 2 times (x 112B)
Class com.google.common.collect.ImmutableCollection                                   : loaded 2 times (x 125B)
Class com.google.common.base.CharMatcher$AnyOf                                        : loaded 2 times (x 112B)
Class org.gradle.api.internal.classpath.DefaultModuleRegistry                         : loaded 2 times (x 86B)
Class com.google.common.util.concurrent.ListenableFuture                              : loaded 2 times (x 70B)
Class com.google.common.cache.ReferenceEntry                                          : loaded 2 times (x 70B)
Class com.google.common.collect.ImmutableSet$CachingAsList                            : loaded 2 times (x 147B)
Class com.google.common.base.Converter                                                : loaded 2 times (x 90B)
Class com.google.common.collect.Lists                                                 : loaded 2 times (x 71B)
Class com.google.common.base.CharMatcher$Any                                          : loaded 2 times (x 112B)
Class com.google.common.util.concurrent.AbstractFuture                                : loaded 2 times (x 106B)
Class com.google.common.base.FunctionalEquivalence                                    : loaded 2 times (x 83B)
Class com.google.common.collect.Iterators$9                                           : loaded 2 times (x 81B)
Class com.google.common.collect.AbstractMapBasedMultimap                              : loaded 2 times (x 139B)
Class com.google.common.collect.ImmutableAsList                                       : loaded 2 times (x 209B)
Class org.objectweb.asm.RecordComponentVisitor                                        : loaded 2 times (x 77B)
Class com.google.common.cache.CacheLoader$SupplierToCacheLoader                       : loaded 2 times (x 75B)
Class com.google.common.collect.Maps$EntryTransformer                                 : loaded 2 times (x 70B)
Class org.gradle.internal.service.ServiceLookupException                              : loaded 2 times (x 82B)
Class [Lcom.google.common.cache.LocalCache$EntryFactory;                              : loaded 2 times (x 69B)
Class com.google.common.base.CharMatcher$JavaLetter                                   : loaded 2 times (x 111B)
Class org.gradle.internal.classloader.ClassLoaderFactory                              : loaded 2 times (x 70B)
Class com.google.common.cache.LocalCache$LocalManualCache                             : loaded 2 times (x 99B)
Class com.google.common.base.CharMatcher$IsNot                                        : loaded 2 times (x 111B)
Class com.google.common.base.CommonPattern                                            : loaded 2 times (x 74B)
Class org.gradle.internal.service.CachingServiceLocator                               : loaded 2 times (x 82B)
Class com.google.common.collect.AbstractMapBasedMultimap$KeySet                       : loaded 2 times (x 137B)
Class com.google.common.math.IntMath                                                  : loaded 2 times (x 71B)
Class com.google.common.collect.Iterators$10                                          : loaded 2 times (x 81B)
Class com.google.common.collect.ImmutableMapEntry                                     : loaded 2 times (x 85B)
Class com.google.common.base.CharMatcher$JavaDigit                                    : loaded 2 times (x 111B)
Class com.google.common.base.Predicates                                               : loaded 2 times (x 71B)
Class com.google.common.base.Equivalence                                              : loaded 2 times (x 82B)
Class com.google.common.collect.ImmutableMapEntry$NonTerminalImmutableMapEntry        : loaded 2 times (x 85B)
Class com.google.common.base.Function                                                 : loaded 2 times (x 70B)
Class com.google.common.cache.CacheBuilder$OneWeigher                                 : loaded 2 times (x 82B)
Class com.google.common.collect.RegularImmutableList                                  : loaded 2 times (x 212B)
Class com.google.common.collect.Maps$EntryFunction                                    : loaded 2 times (x 91B)
Class com.google.common.collect.ImmutableBiMapFauxverideShim                          : loaded 2 times (x 120B)
Class org.gradle.internal.classloader.ClasspathUtil                                   : loaded 2 times (x 71B)
Class com.google.common.base.Charsets                                                 : loaded 2 times (x 71B)
Class com.google.common.util.concurrent.Uninterruptibles                              : loaded 2 times (x 71B)
Class com.google.common.collect.Maps                                                  : loaded 2 times (x 71B)
Class com.google.common.base.CharMatcher$JavaUpperCase                                : loaded 2 times (x 111B)
Class org.gradle.api.specs.Spec                                                       : loaded 2 times (x 70B)
Class [Lcom.google.common.collect.ImmutableEntry;                                     : loaded 2 times (x 69B)
Class com.google.common.cache.LocalCache$LoadingValueReference                        : loaded 2 times (x 96B)
Class com.google.common.base.Platform                                                 : loaded 2 times (x 71B)
Class com.google.common.collect.AbstractMapBasedMultimap$WrappedList                  : loaded 2 times (x 205B)
Class com.google.common.primitives.Ints$IntConverter                                  : loaded 2 times (x 90B)
Class com.google.common.collect.Maps$8                                                : loaded 2 times (x 82B)
Class com.google.common.base.Predicates$CompositionPredicate                          : loaded 2 times (x 88B)
Class com.google.common.collect.Sets$SetView                                          : loaded 2 times (x 138B)
Class com.google.common.cache.LocalCache$StrongValueReference                         : loaded 2 times (x 90B)
Class com.google.common.util.concurrent.AbstractFuture$SynchronizedHelper             : loaded 2 times (x 78B)
Class com.google.common.base.CharMatcher$Invisible                                    : loaded 2 times (x 112B)
Class com.google.common.graph.SuccessorsFunction                                      : loaded 2 times (x 70B)
Class org.objectweb.asm.Type                                                          : loaded 2 times (x 72B)
Class org.gradle.internal.classloader.VisitableURLClassLoader$InstrumentingVisitableURLClassLoader: loaded 2 times (x 123B)
Class com.google.common.io.Files$FileByteSink                                         : loaded 2 times (x 77B)
Class org.objectweb.asm.ByteVector                                                    : loaded 2 times (x 78B)
Class [Lcom.google.common.cache.CacheBuilder$NullListener;                            : loaded 2 times (x 69B)
Class com.google.common.math.IntMath$1                                                : loaded 2 times (x 71B)
Class org.gradle.internal.classloader.VisitableURLClassLoader$Spec                    : loaded 2 times (x 74B)
Class org.gradle.internal.classpath.DefaultClassPath                                  : loaded 2 times (x 90B)
Class org.objectweb.asm.Symbol                                                        : loaded 2 times (x 73B)
Class com.google.common.base.AbstractIterator                                         : loaded 2 times (x 80B)
Class com.google.common.collect.Sets$FilteredSet                                      : loaded 2 times (x 137B)
Class com.google.common.io.Closer                                                     : loaded 2 times (x 78B)
Class com.google.common.collect.ImmutableSet                                          : loaded 2 times (x 145B)
Class com.google.common.collect.RegularImmutableMap$Values                            : loaded 2 times (x 207B)
Class com.google.common.base.CharMatcher$BitSetMatcher                                : loaded 2 times (x 112B)
Class com.google.common.base.CharMatcher$Ascii                                        : loaded 2 times (x 112B)
Class org.gradle.internal.classloader.ClassLoaderSpec                                 : loaded 2 times (x 71B)
Class org.objectweb.asm.AnnotationWriter                                              : loaded 2 times (x 78B)
Class com.google.common.cache.CacheStats                                              : loaded 2 times (x 71B)
Class com.google.common.io.Closer$Suppressor                                          : loaded 2 times (x 70B)
Class com.google.common.io.LineProcessor                                              : loaded 2 times (x 70B)
Class org.objectweb.asm.RecordComponentWriter                                         : loaded 2 times (x 78B)
Class com.google.common.util.concurrent.AbstractFuture$Listener                       : loaded 2 times (x 72B)
Class com.google.common.base.CharMatcher$Or                                           : loaded 2 times (x 112B)
Class org.objectweb.asm.Attribute                                                     : loaded 2 times (x 77B)
Class com.google.common.base.Supplier                                                 : loaded 2 times (x 70B)
Class org.gradle.internal.classloader.VisitableURLClassLoader                         : loaded 2 times (x 117B)
Class com.google.common.util.concurrent.AbstractFuture$Waiter                         : loaded 2 times (x 72B)
Class org.gradle.internal.Cast                                                        : loaded 2 times (x 71B)
Class org.gradle.api.Action                                                           : loaded 2 times (x 70B)
Class com.google.common.collect.Sets                                                  : loaded 2 times (x 71B)
Class org.objectweb.asm.Handler                                                       : loaded 2 times (x 72B)
Class com.google.common.base.Strings                                                  : loaded 2 times (x 71B)
Class com.google.common.base.Ticker                                                   : loaded 2 times (x 72B)
Class com.google.common.base.CharMatcher$FastMatcher                                  : loaded 2 times (x 111B)
Class org.gradle.internal.agents.InstrumentingClassLoader                             : loaded 2 times (x 70B)
Class [Lcom.google.common.cache.LocalCache$Segment;                                   : loaded 2 times (x 69B)
Class [Lcom.google.common.cache.LocalCache$Strength;                                  : loaded 2 times (x 69B)
Class com.google.common.cache.CacheBuilder$1                                          : loaded 2 times (x 85B)
Class com.google.common.collect.ImmutableMap                                          : loaded 2 times (x 120B)
Class com.google.common.base.Predicate                                                : loaded 2 times (x 70B)
Class org.gradle.internal.classpath.DefaultClassPath$ImmutableUniqueList$Builder      : loaded 2 times (x 75B)
Class com.google.common.cache.LocalCache                                              : loaded 2 times (x 187B)
Class com.google.common.cache.CacheBuilder$2                                          : loaded 2 times (x 79B)
Class com.google.common.base.CharMatcher$NegatedFastMatcher                           : loaded 2 times (x 113B)
Class com.google.common.cache.CacheBuilder$3                                          : loaded 2 times (x 72B)
Class [Lcom.google.common.collect.AbstractMapEntry;                                   : loaded 2 times (x 69B)
Class com.google.common.collect.ImmutableEntry                                        : loaded 2 times (x 82B)
Class com.google.common.collect.ArrayListMultimap                                     : loaded 2 times (x 172B)
Class com.google.common.base.AbstractIterator$1                                       : loaded 2 times (x 71B)
Class com.google.common.base.CharMatcher$Digit                                        : loaded 2 times (x 112B)
Class org.gradle.api.GradleException                                                  : loaded 2 times (x 82B)
Class build_93tkcne4o3x68w9v4mkydah3e                                                 : loaded 2 times (x 180B)
Class com.google.common.collect.CollectPreconditions                                  : loaded 2 times (x 71B)
Class com.google.common.base.CharMatcher$JavaIsoControl                               : loaded 2 times (x 112B)
Class build_93tkcne4o3x68w9v4mkydah3e$_run_closure1                                   : loaded 2 times (x 139B)
Class com.google.common.collect.Maps$AbstractFilteredMap                              : loaded 2 times (x 127B)
Class [Lcom.google.common.io.FileWriteMode;                                           : loaded 2 times (x 69B)
Class com.google.common.collect.SortedMapDifference                                   : loaded 2 times (x 70B)
Class com.google.common.base.CharMatcher$JavaLowerCase                                : loaded 2 times (x 111B)
Class build_6q0ghfex2m7ky4eb05875xkei                                                 : loaded 2 times (x 180B)
Class com.google.common.io.Files                                                      : loaded 2 times (x 71B)
Class com.google.common.cache.LocalCache$EntryFactory                                 : loaded 2 times (x 83B)
Class com.google.common.collect.Iterables$5                                           : loaded 2 times (x 81B)
Class com.google.common.cache.LocalCache$AbstractReferenceEntry                       : loaded 2 times (x 107B)
Class com.google.common.base.Splitter$1$1                                             : loaded 2 times (x 86B)
Class com.google.common.base.CharMatcher$Whitespace                                   : loaded 2 times (x 112B)
Class org.gradle.internal.IoActions                                                   : loaded 2 times (x 71B)
Class org.objectweb.asm.SymbolTable                                                   : loaded 2 times (x 72B)
Class com.google.common.cache.CacheLoader$InvalidCacheLoadException                   : loaded 2 times (x 82B)
Class com.google.common.collect.ImmutableSet$RegularSetBuilderImpl                    : loaded 2 times (x 77B)
Class com.google.common.base.CharMatcher$SingleWidth                                  : loaded 2 times (x 112B)
Class org.gradle.internal.classloader.SystemClassLoaderSpec                           : loaded 2 times (x 71B)
Class com.google.common.collect.FluentIterable                                        : loaded 2 times (x 81B)
Class com.google.common.cache.LocalCache$StrongEntry                                  : loaded 2 times (x 108B)
Class com.google.common.util.concurrent.AbstractFuture$TrustedFuture                  : loaded 2 times (x 114B)
Class com.google.common.cache.LoadingCache                                            : loaded 2 times (x 70B)
Class org.objectweb.asm.MethodWriter                                                  : loaded 2 times (x 105B)
Class [Lcom.google.common.cache.Weigher;                                              : loaded 2 times (x 69B)
Class com.google.common.collect.RegularImmutableMap$BucketOverflowException           : loaded 2 times (x 82B)
Class com.google.common.collect.AbstractMapBasedMultimap$RandomAccessWrappedList      : loaded 2 times (x 205B)
Class com.google.common.collect.AbstractIterator$State                                : loaded 2 times (x 79B)
Class com.google.common.cache.LocalCache$ValueReference                               : loaded 2 times (x 70B)
Class com.google.common.base.CharMatcher$Negated                                      : loaded 2 times (x 113B)
Class com.google.common.base.CharMatcher$Is                                           : loaded 2 times (x 111B)
Class com.google.common.hash.PrimitiveSink                                            : loaded 2 times (x 70B)
Class com.google.common.util.concurrent.AbstractFuture$Failure                        : loaded 2 times (x 72B)
Class com.google.common.base.PatternCompiler                                          : loaded 2 times (x 70B)
Class com.google.common.base.Equivalence$Equals                                       : loaded 2 times (x 82B)
Class com.google.common.collect.Hashing                                               : loaded 2 times (x 71B)
Class com.google.common.base.Preconditions                                            : loaded 2 times (x 71B)
Class settings_45oobmneggqzdycjcw65v8uef                                              : loaded 2 times (x 179B)
Class com.google.common.io.CharSink                                                   : loaded 2 times (x 79B)
Class com.google.common.base.Joiner$1                                                 : loaded 2 times (x 80B)
Class org.objectweb.asm.Label                                                         : loaded 2 times (x 73B)
Class org.objectweb.asm.CurrentFrame                                                  : loaded 2 times (x 73B)
Class org.objectweb.asm.ClassTooLargeException                                        : loaded 2 times (x 83B)
Class com.google.common.collect.PeekingIterator                                       : loaded 2 times (x 70B)
Class com.google.common.base.CharMatcher                                              : loaded 2 times (x 111B)
Class com.google.common.collect.Maps$IteratorBasedAbstractMap                         : loaded 2 times (x 125B)
Class com.google.common.base.Joiner$2                                                 : loaded 2 times (x 79B)
Class org.objectweb.asm.Frame                                                         : loaded 2 times (x 73B)
Class org.objectweb.asm.MethodVisitor                                                 : loaded 2 times (x 104B)
Class com.google.common.cache.LocalCache$EntryFactory$1                               : loaded 2 times (x 83B)
Class [Lcom.google.common.cache.RemovalListener;                                      : loaded 2 times (x 69B)
Class com.google.common.base.CharMatcher$1                                            : loaded 2 times (x 113B)
Class com.google.common.base.CharMatcher$NamedFastMatcher                             : loaded 2 times (x 112B)
Class com.google.common.cache.LocalCache$EntryFactory$2                               : loaded 2 times (x 83B)
Class org.objectweb.asm.ModuleWriter                                                  : loaded 2 times (x 81B)
Class com.google.common.cache.LocalCache$EntryFactory$3                               : loaded 2 times (x 83B)
Class com.google.common.base.Ticker$1                                                 : loaded 2 times (x 72B)
Class com.google.common.collect.ImmutableMapEntrySet$RegularEntrySet                  : loaded 2 times (x 151B)
Class com.google.common.collect.Maps$BiMapConverter                                   : loaded 2 times (x 90B)
Class com.google.common.cache.LocalCache$EntryFactory$4                               : loaded 2 times (x 83B)
Class com.google.common.collect.ImmutableSet$Builder                                  : loaded 2 times (x 85B)
Class com.google.common.base.CharMatcher$InRange                                      : loaded 2 times (x 111B)
Class com.google.common.cache.LocalCache$EntryFactory$5                               : loaded 2 times (x 83B)
Class com.google.common.cache.LocalCache$EntryFactory$6                               : loaded 2 times (x 83B)
Class org.gradle.internal.installation.CurrentGradleInstallationLocator               : loaded 2 times (x 71B)
Class com.google.common.collect.Maps$KeySet                                           : loaded 2 times (x 137B)
Class com.google.common.cache.LocalCache$EntryFactory$7                               : loaded 2 times (x 83B)
Class com.google.common.collect.ImmutableSet$EmptySetBuilderImpl                      : loaded 2 times (x 76B)
Class com.google.common.collect.ImmutableList                                         : loaded 2 times (x 206B)
Class org.gradle.internal.service.DefaultServiceLocator                               : loaded 2 times (x 83B)
Class com.google.common.collect.Maps$EntrySet                                         : loaded 2 times (x 136B)
Class com.google.common.cache.LocalCache$EntryFactory$8                               : loaded 2 times (x 83B)
Class com.google.common.collect.ImmutableSet$SetBuilderImpl                           : loaded 2 times (x 76B)
Class org.gradle.internal.installation.CurrentGradleInstallation                      : loaded 2 times (x 73B)
Class com.google.common.cache.CacheLoader$1                                           : loaded 2 times (x 75B)
Class com.google.common.collect.ImmutableList$SubList                                 : loaded 2 times (x 208B)
Class org.gradle.util.internal.GUtil                                                  : loaded 2 times (x 71B)
Class com.google.common.io.ByteSource                                                 : loaded 2 times (x 84B)
Class com.google.common.util.concurrent.AbstractFuture$SetFuture                      : loaded 2 times (x 75B)
Class com.google.common.cache.AbstractCache$StatsCounter                              : loaded 2 times (x 70B)
Class com.google.common.collect.Iterators$MergingIterator                             : loaded 2 times (x 81B)
Class com.google.common.collect.RegularImmutableSet                                   : loaded 2 times (x 148B)
Class org.gradle.internal.installation.GradleInstallation                             : loaded 2 times (x 75B)
Class com.google.common.collect.Iterables                                             : loaded 2 times (x 71B)
Class com.google.common.base.Splitter$Strategy                                        : loaded 2 times (x 70B)

---------------  S Y S T E M  ---------------

OS:
 Windows 11 , 64 bit Build 26100 (10.0.26100.9168)
OS uptime: 0 days 10:40 hours
Hyper-V role detected

CPU: total 8 (initial active 8) (4 cores per cpu, 2 threads per core) family 6 model 186 stepping 3 microcode 0x6134, cx8, cmov, fxsr, ht, mmx, 3dnowpref, sse, sse2, sse3, ssse3, sse4.1, sse4.2, popcnt, lzcnt, tsc, tscinvbit, avx, avx2, aes, erms, clmul, bmi1, bmi2, adx, sha, fma, vzeroupper, clflush, clflushopt, clwb, hv, serialize, rdtscp, rdpid, fsrm, f16c, cet_ibt, cet_ss
Processor Information for the first 8 processors :
  Max Mhz: 1200, Current Mhz: 1200, Mhz Limit: 1200

Memory: 4k page, system-wide physical 7835M (443M free)
TotalPageFile size 31387M (AvailPageFile size 20M)
current process WorkingSet (physical memory assigned to process): 469M, peak: 487M
current process commit charge ("private bytes"): 503M, peak: 567M

vm_info: OpenJDK 64-Bit Server VM (21.0.9+-14787801-b1163.94) for windows-amd64 JRE (21.0.9+-14787801-b1163.94), built on 2026-01-27T21:15:44Z by "builder" with MS VC++ 16.10 / 16.11 (VS2019)

END.
