#
# There is insufficient memory for the Java Runtime Environment to continue.
# Native memory allocation (malloc) failed to allocate 1061456 bytes. Error detail: Chunk::new
# Possible reasons:
#   The system is out of physical RAM or swap space
#   This process is running with CompressedOops enabled, and the Java Heap may be blocking the growth of the native heap
# Possible solutions:
#   Reduce memory load on the system
#   Increase physical memory or swap space
#   Check if swap backing store is full
#   Decrease Java heap size (-Xmx/-Xms)
#   Decrease number of Java threads
#   Decrease Java thread stack sizes (-Xss)
#   Set larger code cache with -XX:ReservedCodeCacheSize=
#   JVM is running with Unscaled Compressed Oops mode in which the Java heap is
#     placed in the first 4GB address space. The Java Heap base address is the
#     maximum limit for the native heap growth. Please use -XX:HeapBaseMinAddress
#     to set the Java Heap base and to place the Java Heap above 4GB virtual address.
# This output file may be truncated or incomplete.
#
#  Out of Memory Error (arena.cpp:168), pid=4272, tid=6440
#
# JRE version: OpenJDK Runtime Environment (21.0.9) (build 21.0.9+-14787801-b1163.94)
# Java VM: OpenJDK 64-Bit Server VM (21.0.9+-14787801-b1163.94, mixed mode, tiered, compressed oops, compressed class ptrs, g1 gc, windows-amd64)
# No core dump will be written. Minidumps are not enabled by default on client versions of Windows
#

---------------  S U M M A R Y ------------

Command Line: --add-opens=java.base/java.util=ALL-UNNAMED --add-opens=java.base/java.lang=ALL-UNNAMED --add-opens=java.base/java.lang.invoke=ALL-UNNAMED --add-opens=java.prefs/java.util.prefs=ALL-UNNAMED --add-opens=java.base/java.nio.charset=ALL-UNNAMED --add-opens=java.base/java.net=ALL-UNNAMED --add-opens=java.base/java.util.concurrent.atomic=ALL-UNNAMED -Xmx256m -Dfile.encoding=UTF-8 -Duser.country=IN -Duser.language=en -Duser.variant -javaagent:C:\Users\rajku\.gradle\wrapper\dists\gradle-8.5-bin\5t9huq95ubn472n8rpzujfbqh\gradle-8.5\lib\agents\gradle-instrumentation-agent-8.5.jar org.gradle.launcher.daemon.bootstrap.GradleDaemon 8.5

Host: 13th Gen Intel(R) Core(TM) i3-1315U, 8 cores, 7G,  Windows 11 , 64 bit Build 26100 (10.0.26100.9168)
Time: Wed Aug 26 23:34:43 2026 India Standard Time elapsed time: 14.264468 seconds (0d 0h 0m 14s)

---------------  T H R E A D  ---------------

Current thread (0x00000205ce0a0630):  JavaThread "C2 CompilerThread1" daemon [_thread_in_native, id=6440, stack(0x000000ce17900000,0x000000ce17a00000) (1024K)]


Current CompileTask:
C2:14264 10890       4       org.gradle.cache.internal.btree.CachingBlockStore::read (56 bytes)

Stack: [0x000000ce17900000,0x000000ce17a00000]
Native frames: (J=compiled Java code, j=interpreted, Vv=VM code, C=native code)
V  [jvm.dll+0x6d6c99]
V  [jvm.dll+0x866b83]
V  [jvm.dll+0x8691ae]
V  [jvm.dll+0x869893]
V  [jvm.dll+0x280776]
V  [jvm.dll+0xc07cd]
V  [jvm.dll+0xc0d03]
V  [jvm.dll+0x3b9831]
V  [jvm.dll+0x3856a7]
V  [jvm.dll+0x384b1a]
V  [jvm.dll+0x249462]
V  [jvm.dll+0x248a31]
V  [jvm.dll+0x1c7344]
V  [jvm.dll+0x2581ae]
V  [jvm.dll+0x2566f6]
V  [jvm.dll+0x3f48a6]
V  [jvm.dll+0x80f118]
V  [jvm.dll+0x6d54ed]
C  [ucrtbase.dll+0x2cd30]
C  [KERNEL32.DLL+0x2ccb7]
C  [ntdll.dll+0xaad6c]


---------------  P R O C E S S  ---------------

Threads class SMR info:
_java_thread_list=0x00000205ce43d420, length=68, elements={
0x00000205aec9aef0, 0x00000205c65b1160, 0x00000205c65b8c40, 0x00000205c65b96a0,
0x00000205c65b4e60, 0x00000205c65b58c0, 0x00000205c65de520, 0x00000205c65deb90,
0x00000205c65e14d0, 0x00000205c65e1f70, 0x00000205c68aeca0, 0x00000205cbacef40,
0x00000205ccd31be0, 0x00000205ccd92dc0, 0x00000205cc5ab550, 0x00000205cc5ad9f0,
0x00000205ccf3ae40, 0x00000205ccf3d4c0, 0x00000205cc599b40, 0x00000205cc598790,
0x00000205cc598100, 0x00000205cc59b580, 0x00000205cc598e20, 0x00000205cc59a1d0,
0x00000205cc5994b0, 0x00000205cc59aef0, 0x00000205cf3ee700, 0x00000205cf3eb910,
0x00000205cf3ebfa0, 0x00000205cf3ee070, 0x00000205cf3ef420, 0x00000205cf3ec630,
0x00000205cf3f0140, 0x00000205cf3eccc0, 0x00000205cf3f07d0, 0x00000205cf3f14f0,
0x00000205cf3f2f30, 0x00000205cf3f28a0, 0x00000205cf0137c0, 0x00000205cf013130,
0x00000205cf0116f0, 0x00000205cf013e50, 0x00000205cf0144e0, 0x00000205cf011060,
0x00000205cf014b70, 0x00000205cf015200, 0x00000205cf012410, 0x00000205cf011d80,
0x00000205cf015890, 0x00000205cf012aa0, 0x00000205d0447720, 0x00000205cdd89cb0,
0x00000205cdd88900, 0x00000205cdd88f90, 0x00000205cdd88270, 0x00000205cdd8a9d0,
0x00000205cdd89620, 0x00000205cdd87be0, 0x00000205cdd8b6f0, 0x00000205cdd8caa0,
0x00000205cdd8eb70, 0x00000205cdd8d130, 0x00000205cdd8d7c0, 0x00000205cdd8f200,
0x00000205cdd8e4e0, 0x00000205cdd8de50, 0x00000205cdd8bd80, 0x00000205ce0a0630
}

Java Threads: ( => current thread )
  0x00000205aec9aef0 JavaThread "main"                              [_thread_blocked, id=27992, stack(0x000000ce12700000,0x000000ce12800000) (1024K)]
  0x00000205c65b1160 JavaThread "Common-Cleaner"             daemon [_thread_blocked, id=5280, stack(0x000000ce12f00000,0x000000ce13000000) (1024K)]
  0x00000205c65b8c40 JavaThread "Reference Handler"          daemon [_thread_blocked, id=32728, stack(0x000000ce13000000,0x000000ce13100000) (1024K)]
  0x00000205c65b96a0 JavaThread "Finalizer"                  daemon [_thread_blocked, id=32264, stack(0x000000ce13100000,0x000000ce13200000) (1024K)]
  0x00000205c65b4e60 JavaThread "Signal Dispatcher"          daemon [_thread_blocked, id=20572, stack(0x000000ce13200000,0x000000ce13300000) (1024K)]
  0x00000205c65b58c0 JavaThread "Attach Listener"            daemon [_thread_blocked, id=25664, stack(0x000000ce13300000,0x000000ce13400000) (1024K)]
  0x00000205c65de520 JavaThread "Service Thread"             daemon [_thread_blocked, id=25660, stack(0x000000ce13400000,0x000000ce13500000) (1024K)]
  0x00000205c65deb90 JavaThread "Monitor Deflation Thread"   daemon [_thread_blocked, id=10292, stack(0x000000ce13500000,0x000000ce13600000) (1024K)]
  0x00000205c65e14d0 JavaThread "C2 CompilerThread0"         daemon [_thread_in_native, id=2352, stack(0x000000ce13600000,0x000000ce13700000) (1024K)]
  0x00000205c65e1f70 JavaThread "C1 CompilerThread0"         daemon [_thread_in_native, id=19756, stack(0x000000ce13700000,0x000000ce13800000) (1024K)]
  0x00000205c68aeca0 JavaThread "Notification Thread"        daemon [_thread_blocked, id=29776, stack(0x000000ce13800000,0x000000ce13900000) (1024K)]
  0x00000205cbacef40 JavaThread "Daemon health stats"               [_thread_blocked, id=28880, stack(0x000000ce13e00000,0x000000ce13f00000) (1024K)]
  0x00000205ccd31be0 JavaThread "Incoming local TCP Connector on port 54613"        [_thread_in_native, id=24000, stack(0x000000ce13f00000,0x000000ce14000000) (1024K)]
  0x00000205ccd92dc0 JavaThread "Daemon periodic checks"            [_thread_blocked, id=28368, stack(0x000000ce14000000,0x000000ce14100000) (1024K)]
  0x00000205cc5ab550 JavaThread "Daemon"                            [_thread_blocked, id=15776, stack(0x000000ce14100000,0x000000ce14200000) (1024K)]
  0x00000205cc5ad9f0 JavaThread "Handler for socket connection from /127.0.0.1:54613 to /127.0.0.1:54614"        [_thread_in_native, id=30452, stack(0x000000ce14200000,0x000000ce14300000) (1024K)]
  0x00000205ccf3ae40 JavaThread "Cancel handler"                    [_thread_blocked, id=34284, stack(0x000000ce14300000,0x000000ce14400000) (1024K)]
  0x00000205ccf3d4c0 JavaThread "Daemon worker"                     [_thread_blocked, id=12904, stack(0x000000ce14400000,0x000000ce14500000) (1024K)]
  0x00000205cc599b40 JavaThread "Asynchronous log dispatcher for DefaultDaemonConnection: socket connection from /127.0.0.1:54613 to /127.0.0.1:54614"        [_thread_blocked, id=29684, stack(0x000000ce14500000,0x000000ce14600000) (1024K)]
  0x00000205cc598790 JavaThread "Stdin handler"                     [_thread_blocked, id=32456, stack(0x000000ce14600000,0x000000ce14700000) (1024K)]
  0x00000205cc598100 JavaThread "Daemon client event forwarder"        [_thread_blocked, id=1960, stack(0x000000ce14700000,0x000000ce14800000) (1024K)]
  0x00000205cc59b580 JavaThread "Cache worker for journal cache (C:\Users\rajku\.gradle\caches\journal-1)"        [_thread_blocked, id=25336, stack(0x000000ce14c00000,0x000000ce14d00000) (1024K)]
  0x00000205cc598e20 JavaThread "File lock request listener"        [_thread_in_native, id=9008, stack(0x000000ce14d00000,0x000000ce14e00000) (1024K)]
  0x00000205cc59a1d0 JavaThread "Cache worker for file hash cache (C:\Users\rajku\.gradle\caches\8.5\fileHashes)"        [_thread_in_native, id=14188, stack(0x000000ce14e00000,0x000000ce14f00000) (1024K)] _threads_hazard_ptr=0x00000205ce43d420
  0x00000205cc5994b0 JavaThread "File watcher server"        daemon [_thread_in_native, id=35432, stack(0x000000ce14f00000,0x000000ce15000000) (1024K)]
  0x00000205cc59aef0 JavaThread "File watcher consumer"      daemon [_thread_blocked, id=31048, stack(0x000000ce15000000,0x000000ce15100000) (1024K)]
  0x00000205cf3ee700 JavaThread "Cache worker for checksums cache (D:\itantra\mobile_app_apk\android\.gradle\8.5\checksums)"        [_thread_blocked, id=34044, stack(0x000000ce15100000,0x000000ce15200000) (1024K)]
  0x00000205cf3eb910 JavaThread "Cache worker for file hash cache (D:\itantra\mobile_app_apk\android\.gradle\8.5\fileHashes)"        [_thread_blocked, id=1808, stack(0x000000ce15200000,0x000000ce15300000) (1024K)]
  0x00000205cf3ebfa0 JavaThread "Cache worker for cache directory md-supplier (C:\Users\rajku\.gradle\caches\8.5\md-supplier)"        [_thread_blocked, id=14472, stack(0x000000ce15300000,0x000000ce15400000) (1024K)]
  0x00000205cf3ee070 JavaThread "Cache worker for cache directory md-rule (C:\Users\rajku\.gradle\caches\8.5\md-rule)"        [_thread_blocked, id=2740, stack(0x000000ce15400000,0x000000ce15500000) (1024K)]
  0x00000205cf3ef420 JavaThread "Cache worker for file content cache (C:\Users\rajku\.gradle\caches\8.5\fileContent)"        [_thread_blocked, id=37560, stack(0x000000ce15500000,0x000000ce15600000) (1024K)]
  0x00000205cf3ec630 JavaThread "Cache worker for execution history cache (C:\Users\rajku\.gradle\caches\8.5\executionHistory)"        [_thread_blocked, id=11388, stack(0x000000ce15600000,0x000000ce15700000) (1024K)]
  0x00000205cf3f0140 JavaThread "jar transforms"                    [_thread_blocked, id=612, stack(0x000000ce13900000,0x000000ce13a00000) (1024K)]
  0x00000205cf3eccc0 JavaThread "jar transforms Thread 2"           [_thread_blocked, id=2160, stack(0x000000ce15700000,0x000000ce15800000) (1024K)]
  0x00000205cf3f07d0 JavaThread "Cache worker for dependencies-accessors (D:\itantra\mobile_app_apk\android\.gradle\8.5\dependencies-accessors)"        [_thread_blocked, id=26252, stack(0x000000ce15800000,0x000000ce15900000) (1024K)]
  0x00000205cf3f14f0 JavaThread "jar transforms Thread 3"           [_thread_blocked, id=32464, stack(0x000000ce15900000,0x000000ce15a00000) (1024K)]
  0x00000205cf3f2f30 JavaThread "Cache worker for Build Output Cleanup Cache (D:\itantra\mobile_app_apk\android\.gradle\buildOutputCleanup)"        [_thread_blocked, id=20328, stack(0x000000ce15a00000,0x000000ce15b00000) (1024K)]
  0x00000205cf3f28a0 JavaThread "Unconstrained build operations"        [_thread_blocked, id=30332, stack(0x000000ce15b00000,0x000000ce15c00000) (1024K)]
  0x00000205cf0137c0 JavaThread "Unconstrained build operations Thread 2"        [_thread_blocked, id=18296, stack(0x000000ce15c00000,0x000000ce15d00000) (1024K)]
  0x00000205cf013130 JavaThread "Unconstrained build operations Thread 3"        [_thread_blocked, id=12324, stack(0x000000ce15d00000,0x000000ce15e00000) (1024K)]
  0x00000205cf0116f0 JavaThread "Unconstrained build operations Thread 4"        [_thread_blocked, id=12072, stack(0x000000ce15e00000,0x000000ce15f00000) (1024K)]
  0x00000205cf013e50 JavaThread "Unconstrained build operations Thread 5"        [_thread_blocked, id=13944, stack(0x000000ce15f00000,0x000000ce16000000) (1024K)]
  0x00000205cf0144e0 JavaThread "Unconstrained build operations Thread 6"        [_thread_blocked, id=23292, stack(0x000000ce16000000,0x000000ce16100000) (1024K)]
  0x00000205cf011060 JavaThread "Unconstrained build operations Thread 7"        [_thread_blocked, id=23496, stack(0x000000ce16100000,0x000000ce16200000) (1024K)]
  0x00000205cf014b70 JavaThread "jar transforms Thread 4"           [_thread_blocked, id=34584, stack(0x000000ce16200000,0x000000ce16300000) (1024K)]
  0x00000205cf015200 JavaThread "jar transforms Thread 5"           [_thread_blocked, id=22628, stack(0x000000ce16300000,0x000000ce16400000) (1024K)]
  0x00000205cf012410 JavaThread "jar transforms Thread 6"           [_thread_blocked, id=2844, stack(0x000000ce16400000,0x000000ce16500000) (1024K)]
  0x00000205cf011d80 JavaThread "jar transforms Thread 7"           [_thread_blocked, id=23192, stack(0x000000ce16500000,0x000000ce16600000) (1024K)]
  0x00000205cf015890 JavaThread "jar transforms Thread 8"           [_thread_blocked, id=12928, stack(0x000000ce16600000,0x000000ce16700000) (1024K)]
  0x00000205cf012aa0 JavaThread "Memory manager"                    [_thread_blocked, id=22560, stack(0x000000ce16800000,0x000000ce16900000) (1024K)]
  0x00000205d0447720 JavaThread "build event listener"              [_thread_blocked, id=22096, stack(0x000000ce16900000,0x000000ce16a00000) (1024K)]
  0x00000205cdd89cb0 JavaThread "included builds"                   [_thread_blocked, id=37820, stack(0x000000ce16700000,0x000000ce16800000) (1024K)]
  0x00000205cdd88900 JavaThread "Execution worker"                  [_thread_blocked, id=32436, stack(0x000000ce16a00000,0x000000ce16b00000) (1024K)]
  0x00000205cdd88f90 JavaThread "Execution worker Thread 2"         [_thread_blocked, id=31472, stack(0x000000ce16b00000,0x000000ce16c00000) (1024K)]
  0x00000205cdd88270 JavaThread "Execution worker Thread 3"         [_thread_blocked, id=11252, stack(0x000000ce16c00000,0x000000ce16d00000) (1024K)]
  0x00000205cdd8a9d0 JavaThread "Execution worker Thread 4"         [_thread_blocked, id=8372, stack(0x000000ce16d00000,0x000000ce16e00000) (1024K)]
  0x00000205cdd89620 JavaThread "Execution worker Thread 5"         [_thread_blocked, id=23620, stack(0x000000ce16e00000,0x000000ce16f00000) (1024K)]
  0x00000205cdd87be0 JavaThread "Execution worker Thread 6"         [_thread_blocked, id=27240, stack(0x000000ce16f00000,0x000000ce17000000) (1024K)]
  0x00000205cdd8b6f0 JavaThread "Execution worker Thread 7"         [_thread_blocked, id=5760, stack(0x000000ce17000000,0x000000ce17100000) (1024K)]
  0x00000205cdd8caa0 JavaThread "Cache worker for execution history cache (D:\itantra\mobile_app_apk\android\.gradle\8.5\executionHistory)"        [_thread_blocked, id=11364, stack(0x000000ce17100000,0x000000ce17200000) (1024K)]
  0x00000205cdd8eb70 JavaThread "Unconstrained build operations Thread 8"        [_thread_blocked, id=21636, stack(0x000000ce17200000,0x000000ce17300000) (1024K)]
  0x00000205cdd8d130 JavaThread "Unconstrained build operations Thread 9"        [_thread_in_Java, id=2772, stack(0x000000ce17300000,0x000000ce17400000) (1024K)]
  0x00000205cdd8d7c0 JavaThread "Unconstrained build operations Thread 10"        [_thread_blocked, id=12712, stack(0x000000ce17400000,0x000000ce17500000) (1024K)]
  0x00000205cdd8f200 JavaThread "Unconstrained build operations Thread 11"        [_thread_blocked, id=23224, stack(0x000000ce17500000,0x000000ce17600000) (1024K)]
  0x00000205cdd8e4e0 JavaThread "Unconstrained build operations Thread 12"        [_thread_blocked, id=22660, stack(0x000000ce17600000,0x000000ce17700000) (1024K)]
  0x00000205cdd8de50 JavaThread "Unconstrained build operations Thread 13"        [_thread_blocked, id=1304, stack(0x000000ce17700000,0x000000ce17800000) (1024K)]
  0x00000205cdd8bd80 JavaThread "Unconstrained build operations Thread 14"        [_thread_blocked, id=7816, stack(0x000000ce17800000,0x000000ce17900000) (1024K)]
=>0x00000205ce0a0630 JavaThread "C2 CompilerThread1"         daemon [_thread_in_native, id=6440, stack(0x000000ce17900000,0x000000ce17a00000) (1024K)]
Total: 68

Other Threads:
  0x00000205c6405cd0 VMThread "VM Thread"                           [id=476, stack(0x000000ce12e00000,0x000000ce12f00000) (1024K)]
  0x00000205c6398570 WatcherThread "VM Periodic Task Thread"        [id=3860, stack(0x000000ce12d00000,0x000000ce12e00000) (1024K)]
  0x00000205b1139090 WorkerThread "GC Thread#0"                     [id=1768, stack(0x000000ce12800000,0x000000ce12900000) (1024K)]
  0x00000205cb5b2ae0 WorkerThread "GC Thread#1"                     [id=3564, stack(0x000000ce13a00000,0x000000ce13b00000) (1024K)]
  0x00000205cb985a20 WorkerThread "GC Thread#2"                     [id=5180, stack(0x000000ce13b00000,0x000000ce13c00000) (1024K)]
  0x00000205cbab04a0 WorkerThread "GC Thread#3"                     [id=19416, stack(0x000000ce13c00000,0x000000ce13d00000) (1024K)]
  0x00000205cbb6b150 WorkerThread "GC Thread#4"                     [id=33052, stack(0x000000ce13d00000,0x000000ce13e00000) (1024K)]
  0x00000205cce85a10 WorkerThread "GC Thread#5"                     [id=36748, stack(0x000000ce14800000,0x000000ce14900000) (1024K)]
  0x00000205cd050f10 WorkerThread "GC Thread#6"                     [id=29316, stack(0x000000ce14900000,0x000000ce14a00000) (1024K)]
  0x00000205cd051ad0 WorkerThread "GC Thread#7"                     [id=33080, stack(0x000000ce14a00000,0x000000ce14b00000) (1024K)]
  0x00000205b113bf80 ConcurrentGCThread "G1 Main Marker"            [id=24864, stack(0x000000ce12900000,0x000000ce12a00000) (1024K)]
  0x00000205b113c990 WorkerThread "G1 Conc#0"                       [id=23736, stack(0x000000ce12a00000,0x000000ce12b00000) (1024K)]
  0x00000205ccdf8a60 WorkerThread "G1 Conc#1"                       [id=28872, stack(0x000000ce14b00000,0x000000ce14c00000) (1024K)]
  0x00000205b11ce0a0 ConcurrentGCThread "G1 Refine#0"               [id=17888, stack(0x000000ce12b00000,0x000000ce12c00000) (1024K)]
  0x00000205b11ce8c0 ConcurrentGCThread "G1 Service"                [id=5796, stack(0x000000ce12c00000,0x000000ce12d00000) (1024K)]
Total: 15

Threads with active compile tasks:
C2 CompilerThread0  15356 10898       4       org.gradle.cache.internal.btree.FreeListBlockStore::read (12 bytes)
C2 CompilerThread1  15357 10890       4       org.gradle.cache.internal.btree.CachingBlockStore::read (56 bytes)
Total: 2

VM state: not at safepoint (normal execution)

VM Mutex/Monitor currently owned by a thread: None

Heap address: 0x00000000f0000000, size: 256 MB, Compressed Oops mode: 32-bit

CDS archive(s) not mapped
Compressed class space mapped at: 0x0000000100000000-0x0000000140000000, reserved size: 1073741824
Narrow klass base: 0x0000000000000000, Narrow klass shift: 3, Narrow klass range: 0x140000000

GC Precious Log:
 CardTable entry size: 512
 Card Set container configuration: InlinePtr #cards 5 size 8 Array Of Cards #cards 12 size 40 Howl #buckets 4 coarsen threshold 1843 Howl Bitmap #cards 512 size 80 coarsen threshold 460 Card regions per heap region 1 cards per card region 2048
 CPUs: 8 total, 8 available
 Memory: 7835M
 Large Page Support: Disabled
 NUMA Support: Disabled
 Compressed Oops: Enabled (32-bit)
 Heap Region Size: 1M
 Heap Min Capacity: 8M
 Heap Initial Capacity: 124M
 Heap Max Capacity: 256M
 Pre-touch: Disabled
 Parallel Workers: 8
 Concurrent Workers: 2
 Concurrent Refinement Workers: 8
 Periodic GC: Disabled

Heap:
 garbage-first heap   total 163840K, used 121811K [0x00000000f0000000, 0x0000000100000000)
  region size 1024K, 26 young (26624K), 5 survivors (5120K)
 Metaspace       used 104021K, committed 105856K, reserved 1179648K
  class space    used 14811K, committed 15680K, reserved 1048576K

Heap Regions: E=young(eden), S=young(survivor), O=old, HS=humongous(starts), HC=humongous(continues), CS=collection set, F=free, TAMS=top-at-mark-start, PB=parsable bottom
|   0|0x00000000f0000000, 0x00000000f0100000, 0x00000000f0100000|100%| O|  |TAMS 0x00000000f0000000| PB 0x00000000f0000000| Untracked 
|   1|0x00000000f0100000, 0x00000000f0200000, 0x00000000f0200000|100%| O|  |TAMS 0x00000000f0100000| PB 0x00000000f0100000| Untracked 
|   2|0x00000000f0200000, 0x00000000f0300000, 0x00000000f0300000|100%|HS|  |TAMS 0x00000000f0200000| PB 0x00000000f0200000| Complete 
|   3|0x00000000f0300000, 0x00000000f0400000, 0x00000000f0400000|100%|HC|  |TAMS 0x00000000f0300000| PB 0x00000000f0300000| Complete 
|   4|0x00000000f0400000, 0x00000000f0500000, 0x00000000f0500000|100%|HC|  |TAMS 0x00000000f0400000| PB 0x00000000f0400000| Complete 
|   5|0x00000000f0500000, 0x00000000f0600000, 0x00000000f0600000|100%|HC|  |TAMS 0x00000000f0500000| PB 0x00000000f0500000| Complete 
|   6|0x00000000f0600000, 0x00000000f0700000, 0x00000000f0700000|100%| O|  |TAMS 0x00000000f0600000| PB 0x00000000f0600000| Untracked 
|   7|0x00000000f0700000, 0x00000000f0800000, 0x00000000f0800000|100%| O|  |TAMS 0x00000000f0700000| PB 0x00000000f0700000| Untracked 
|   8|0x00000000f0800000, 0x00000000f0900000, 0x00000000f0900000|100%| O|  |TAMS 0x00000000f0800000| PB 0x00000000f0800000| Untracked 
|   9|0x00000000f0900000, 0x00000000f0a00000, 0x00000000f0a00000|100%| O|  |TAMS 0x00000000f0900000| PB 0x00000000f0900000| Untracked 
|  10|0x00000000f0a00000, 0x00000000f0b00000, 0x00000000f0b00000|100%| O|  |TAMS 0x00000000f0a00000| PB 0x00000000f0a00000| Untracked 
|  11|0x00000000f0b00000, 0x00000000f0c00000, 0x00000000f0c00000|100%| O|  |TAMS 0x00000000f0b00000| PB 0x00000000f0b00000| Untracked 
|  12|0x00000000f0c00000, 0x00000000f0d00000, 0x00000000f0d00000|100%| O|  |TAMS 0x00000000f0c00000| PB 0x00000000f0c00000| Untracked 
|  13|0x00000000f0d00000, 0x00000000f0e00000, 0x00000000f0e00000|100%| O|  |TAMS 0x00000000f0d00000| PB 0x00000000f0d00000| Untracked 
|  14|0x00000000f0e00000, 0x00000000f0f00000, 0x00000000f0f00000|100%| O|  |TAMS 0x00000000f0e00000| PB 0x00000000f0e00000| Untracked 
|  15|0x00000000f0f00000, 0x00000000f1000000, 0x00000000f1000000|100%| O|  |TAMS 0x00000000f0f00000| PB 0x00000000f0f00000| Untracked 
|  16|0x00000000f1000000, 0x00000000f1100000, 0x00000000f1100000|100%| O|  |TAMS 0x00000000f1000000| PB 0x00000000f1000000| Untracked 
|  17|0x00000000f1100000, 0x00000000f1200000, 0x00000000f1200000|100%| O|  |TAMS 0x00000000f1100000| PB 0x00000000f1100000| Untracked 
|  18|0x00000000f1200000, 0x00000000f1300000, 0x00000000f1300000|100%| O|  |TAMS 0x00000000f1200000| PB 0x00000000f1200000| Untracked 
|  19|0x00000000f1300000, 0x00000000f1400000, 0x00000000f1400000|100%|HS|  |TAMS 0x00000000f1300000| PB 0x00000000f1300000| Complete 
|  20|0x00000000f1400000, 0x00000000f1500000, 0x00000000f1500000|100%|HS|  |TAMS 0x00000000f1400000| PB 0x00000000f1400000| Complete 
|  21|0x00000000f1500000, 0x00000000f1600000, 0x00000000f1600000|100%| O|  |TAMS 0x00000000f1500000| PB 0x00000000f1500000| Untracked 
|  22|0x00000000f1600000, 0x00000000f1700000, 0x00000000f1700000|100%| O|  |TAMS 0x00000000f1600000| PB 0x00000000f1600000| Untracked 
|  23|0x00000000f1700000, 0x00000000f1800000, 0x00000000f1800000|100%| O|  |TAMS 0x00000000f1700000| PB 0x00000000f1700000| Untracked 
|  24|0x00000000f1800000, 0x00000000f1900000, 0x00000000f1900000|100%|HS|  |TAMS 0x00000000f1800000| PB 0x00000000f1800000| Complete 
|  25|0x00000000f1900000, 0x00000000f1a00000, 0x00000000f1a00000|100%|HC|  |TAMS 0x00000000f1900000| PB 0x00000000f1900000| Complete 
|  26|0x00000000f1a00000, 0x00000000f1b00000, 0x00000000f1b00000|100%|HS|  |TAMS 0x00000000f1a00000| PB 0x00000000f1a00000| Complete 
|  27|0x00000000f1b00000, 0x00000000f1c00000, 0x00000000f1c00000|100%| O|  |TAMS 0x00000000f1b00000| PB 0x00000000f1b00000| Untracked 
|  28|0x00000000f1c00000, 0x00000000f1d00000, 0x00000000f1d00000|100%|HS|  |TAMS 0x00000000f1c00000| PB 0x00000000f1c00000| Complete 
|  29|0x00000000f1d00000, 0x00000000f1e00000, 0x00000000f1e00000|100%|HS|  |TAMS 0x00000000f1d00000| PB 0x00000000f1d00000| Complete 
|  30|0x00000000f1e00000, 0x00000000f1f00000, 0x00000000f1f00000|100%| O|  |TAMS 0x00000000f1e00000| PB 0x00000000f1e00000| Untracked 
|  31|0x00000000f1f00000, 0x00000000f2000000, 0x00000000f2000000|100%| O|  |TAMS 0x00000000f1f00000| PB 0x00000000f1f00000| Untracked 
|  32|0x00000000f2000000, 0x00000000f2100000, 0x00000000f2100000|100%| O|  |TAMS 0x00000000f2000000| PB 0x00000000f2000000| Untracked 
|  33|0x00000000f2100000, 0x00000000f2200000, 0x00000000f2200000|100%| O|  |TAMS 0x00000000f2100000| PB 0x00000000f2100000| Untracked 
|  34|0x00000000f2200000, 0x00000000f2300000, 0x00000000f2300000|100%| O|  |TAMS 0x00000000f2200000| PB 0x00000000f2200000| Untracked 
|  35|0x00000000f2300000, 0x00000000f2400000, 0x00000000f2400000|100%| O|  |TAMS 0x00000000f2300000| PB 0x00000000f2300000| Untracked 
|  36|0x00000000f2400000, 0x00000000f2500000, 0x00000000f2500000|100%| O|  |TAMS 0x00000000f2400000| PB 0x00000000f2400000| Untracked 
|  37|0x00000000f2500000, 0x00000000f2600000, 0x00000000f2600000|100%| O|  |TAMS 0x00000000f2500000| PB 0x00000000f2500000| Untracked 
|  38|0x00000000f2600000, 0x00000000f2700000, 0x00000000f2700000|100%| O|  |TAMS 0x00000000f2600000| PB 0x00000000f2600000| Untracked 
|  39|0x00000000f2700000, 0x00000000f2800000, 0x00000000f2800000|100%| O|Cm|TAMS 0x00000000f2700000| PB 0x00000000f2700000| Complete 
|  40|0x00000000f2800000, 0x00000000f2900000, 0x00000000f2900000|100%|HS|  |TAMS 0x00000000f2800000| PB 0x00000000f2800000| Complete 
|  41|0x00000000f2900000, 0x00000000f2a00000, 0x00000000f2a00000|100%|HC|  |TAMS 0x00000000f2900000| PB 0x00000000f2900000| Complete 
|  42|0x00000000f2a00000, 0x00000000f2b00000, 0x00000000f2b00000|100%| O|  |TAMS 0x00000000f2a00000| PB 0x00000000f2a00000| Untracked 
|  43|0x00000000f2b00000, 0x00000000f2c00000, 0x00000000f2c00000|100%|HS|  |TAMS 0x00000000f2b00000| PB 0x00000000f2b00000| Complete 
|  44|0x00000000f2c00000, 0x00000000f2d00000, 0x00000000f2d00000|100%|HC|  |TAMS 0x00000000f2c00000| PB 0x00000000f2c00000| Complete 
|  45|0x00000000f2d00000, 0x00000000f2e00000, 0x00000000f2e00000|100%|HC|  |TAMS 0x00000000f2d00000| PB 0x00000000f2d00000| Complete 
|  46|0x00000000f2e00000, 0x00000000f2f00000, 0x00000000f2f00000|100%|HC|  |TAMS 0x00000000f2e00000| PB 0x00000000f2e00000| Complete 
|  47|0x00000000f2f00000, 0x00000000f3000000, 0x00000000f3000000|100%| O|  |TAMS 0x00000000f2f00000| PB 0x00000000f2f00000| Untracked 
|  48|0x00000000f3000000, 0x00000000f3100000, 0x00000000f3100000|100%| O|  |TAMS 0x00000000f3000000| PB 0x00000000f3000000| Untracked 
|  49|0x00000000f3100000, 0x00000000f3200000, 0x00000000f3200000|100%| O|  |TAMS 0x00000000f3100000| PB 0x00000000f3100000| Untracked 
|  50|0x00000000f3200000, 0x00000000f3300000, 0x00000000f3300000|100%| O|  |TAMS 0x00000000f3200000| PB 0x00000000f3200000| Untracked 
|  51|0x00000000f3300000, 0x00000000f3400000, 0x00000000f3400000|100%| O|  |TAMS 0x00000000f3300000| PB 0x00000000f3300000| Untracked 
|  52|0x00000000f3400000, 0x00000000f3500000, 0x00000000f3500000|100%| O|  |TAMS 0x00000000f3400000| PB 0x00000000f3400000| Untracked 
|  53|0x00000000f3500000, 0x00000000f3600000, 0x00000000f3600000|100%| O|  |TAMS 0x00000000f3500000| PB 0x00000000f3500000| Untracked 
|  54|0x00000000f3600000, 0x00000000f3700000, 0x00000000f3700000|100%| O|  |TAMS 0x00000000f3600000| PB 0x00000000f3600000| Untracked 
|  55|0x00000000f3700000, 0x00000000f3800000, 0x00000000f3800000|100%| O|  |TAMS 0x00000000f3700000| PB 0x00000000f3700000| Untracked 
|  56|0x00000000f3800000, 0x00000000f3900000, 0x00000000f3900000|100%| O|  |TAMS 0x00000000f3800000| PB 0x00000000f3800000| Untracked 
|  57|0x00000000f3900000, 0x00000000f3a00000, 0x00000000f3a00000|100%| O|  |TAMS 0x00000000f3900000| PB 0x00000000f3900000| Untracked 
|  58|0x00000000f3a00000, 0x00000000f3b00000, 0x00000000f3b00000|100%| O|  |TAMS 0x00000000f3a00000| PB 0x00000000f3a00000| Untracked 
|  59|0x00000000f3b00000, 0x00000000f3c00000, 0x00000000f3c00000|100%| O|  |TAMS 0x00000000f3b00000| PB 0x00000000f3b00000| Untracked 
|  60|0x00000000f3c00000, 0x00000000f3d00000, 0x00000000f3d00000|100%| O|  |TAMS 0x00000000f3c00000| PB 0x00000000f3c00000| Untracked 
|  61|0x00000000f3d00000, 0x00000000f3e00000, 0x00000000f3e00000|100%| O|  |TAMS 0x00000000f3d00000| PB 0x00000000f3d00000| Untracked 
|  62|0x00000000f3e00000, 0x00000000f3f00000, 0x00000000f3f00000|100%| O|  |TAMS 0x00000000f3e00000| PB 0x00000000f3e00000| Untracked 
|  63|0x00000000f3f00000, 0x00000000f4000000, 0x00000000f4000000|100%|HS|  |TAMS 0x00000000f3f00000| PB 0x00000000f3f00000| Complete 
|  64|0x00000000f4000000, 0x00000000f4100000, 0x00000000f4100000|100%|HC|  |TAMS 0x00000000f4000000| PB 0x00000000f4000000| Complete 
|  65|0x00000000f4100000, 0x00000000f4200000, 0x00000000f4200000|100%|HC|  |TAMS 0x00000000f4100000| PB 0x00000000f4100000| Complete 
|  66|0x00000000f4200000, 0x00000000f4300000, 0x00000000f4300000|100%|HC|  |TAMS 0x00000000f4200000| PB 0x00000000f4200000| Complete 
|  67|0x00000000f4300000, 0x00000000f4400000, 0x00000000f4400000|100%| O|  |TAMS 0x00000000f4300000| PB 0x00000000f4300000| Untracked 
|  68|0x00000000f4400000, 0x00000000f4500000, 0x00000000f4500000|100%| O|Cm|TAMS 0x00000000f4400000| PB 0x00000000f4400000| Complete 
|  69|0x00000000f4500000, 0x00000000f4600000, 0x00000000f4600000|100%| O|  |TAMS 0x00000000f4500000| PB 0x00000000f4500000| Untracked 
|  70|0x00000000f4600000, 0x00000000f4700000, 0x00000000f4700000|100%| O|  |TAMS 0x00000000f4600000| PB 0x00000000f4600000| Untracked 
|  71|0x00000000f4700000, 0x00000000f4800000, 0x00000000f4800000|100%| O|  |TAMS 0x00000000f4700000| PB 0x00000000f4700000| Untracked 
|  72|0x00000000f4800000, 0x00000000f4900000, 0x00000000f4900000|100%| O|  |TAMS 0x00000000f4800000| PB 0x00000000f4800000| Untracked 
|  73|0x00000000f4900000, 0x00000000f4a00000, 0x00000000f4a00000|100%| O|  |TAMS 0x00000000f4900000| PB 0x00000000f4900000| Untracked 
|  74|0x00000000f4a00000, 0x00000000f4b00000, 0x00000000f4b00000|100%| O|  |TAMS 0x00000000f4a00000| PB 0x00000000f4a00000| Untracked 
|  75|0x00000000f4b00000, 0x00000000f4c00000, 0x00000000f4c00000|100%| O|  |TAMS 0x00000000f4b00000| PB 0x00000000f4b00000| Untracked 
|  76|0x00000000f4c00000, 0x00000000f4d00000, 0x00000000f4d00000|100%| O|  |TAMS 0x00000000f4c00000| PB 0x00000000f4c00000| Untracked 
|  77|0x00000000f4d00000, 0x00000000f4e00000, 0x00000000f4e00000|100%| O|  |TAMS 0x00000000f4d00000| PB 0x00000000f4d00000| Untracked 
|  78|0x00000000f4e00000, 0x00000000f4f00000, 0x00000000f4f00000|100%| O|  |TAMS 0x00000000f4e00000| PB 0x00000000f4e00000| Untracked 
|  79|0x00000000f4f00000, 0x00000000f5000000, 0x00000000f5000000|100%| O|  |TAMS 0x00000000f4f00000| PB 0x00000000f4f00000| Untracked 
|  80|0x00000000f5000000, 0x00000000f5100000, 0x00000000f5100000|100%| O|  |TAMS 0x00000000f5000000| PB 0x00000000f5000000| Untracked 
|  81|0x00000000f5100000, 0x00000000f5200000, 0x00000000f5200000|100%| O|  |TAMS 0x00000000f5100000| PB 0x00000000f5100000| Untracked 
|  82|0x00000000f5200000, 0x00000000f5300000, 0x00000000f5300000|100%| O|  |TAMS 0x00000000f5200000| PB 0x00000000f5200000| Untracked 
|  83|0x00000000f5300000, 0x00000000f5400000, 0x00000000f5400000|100%| O|  |TAMS 0x00000000f5300000| PB 0x00000000f5300000| Untracked 
|  84|0x00000000f5400000, 0x00000000f54f4fa8, 0x00000000f5500000| 95%| O|  |TAMS 0x00000000f5400000| PB 0x00000000f5400000| Untracked 
|  85|0x00000000f5500000, 0x00000000f5500000, 0x00000000f5600000|  0%| F|  |TAMS 0x00000000f5500000| PB 0x00000000f5500000| Untracked 
|  86|0x00000000f5600000, 0x00000000f5600000, 0x00000000f5700000|  0%| F|  |TAMS 0x00000000f5600000| PB 0x00000000f5600000| Untracked 
|  87|0x00000000f5700000, 0x00000000f5700000, 0x00000000f5800000|  0%| F|  |TAMS 0x00000000f5700000| PB 0x00000000f5700000| Untracked 
|  88|0x00000000f5800000, 0x00000000f5800000, 0x00000000f5900000|  0%| F|  |TAMS 0x00000000f5800000| PB 0x00000000f5800000| Untracked 
|  89|0x00000000f5900000, 0x00000000f5900000, 0x00000000f5a00000|  0%| F|  |TAMS 0x00000000f5900000| PB 0x00000000f5900000| Untracked 
|  90|0x00000000f5a00000, 0x00000000f5a00000, 0x00000000f5b00000|  0%| F|  |TAMS 0x00000000f5a00000| PB 0x00000000f5a00000| Untracked 
|  91|0x00000000f5b00000, 0x00000000f5b00000, 0x00000000f5c00000|  0%| F|  |TAMS 0x00000000f5b00000| PB 0x00000000f5b00000| Untracked 
|  92|0x00000000f5c00000, 0x00000000f5c00000, 0x00000000f5d00000|  0%| F|  |TAMS 0x00000000f5c00000| PB 0x00000000f5c00000| Untracked 
|  93|0x00000000f5d00000, 0x00000000f5d00000, 0x00000000f5e00000|  0%| F|  |TAMS 0x00000000f5d00000| PB 0x00000000f5d00000| Untracked 
|  94|0x00000000f5e00000, 0x00000000f5e00000, 0x00000000f5f00000|  0%| F|  |TAMS 0x00000000f5e00000| PB 0x00000000f5e00000| Untracked 
|  95|0x00000000f5f00000, 0x00000000f5f00000, 0x00000000f6000000|  0%| F|  |TAMS 0x00000000f5f00000| PB 0x00000000f5f00000| Untracked 
|  96|0x00000000f6000000, 0x00000000f6000000, 0x00000000f6100000|  0%| F|  |TAMS 0x00000000f6000000| PB 0x00000000f6000000| Untracked 
|  97|0x00000000f6100000, 0x00000000f6100000, 0x00000000f6200000|  0%| F|  |TAMS 0x00000000f6100000| PB 0x00000000f6100000| Untracked 
|  98|0x00000000f6200000, 0x00000000f6200000, 0x00000000f6300000|  0%| F|  |TAMS 0x00000000f6200000| PB 0x00000000f6200000| Untracked 
|  99|0x00000000f6300000, 0x00000000f6300000, 0x00000000f6400000|  0%| F|  |TAMS 0x00000000f6300000| PB 0x00000000f6300000| Untracked 
| 100|0x00000000f6400000, 0x00000000f6400000, 0x00000000f6500000|  0%| F|  |TAMS 0x00000000f6400000| PB 0x00000000f6400000| Untracked 
| 101|0x00000000f6500000, 0x00000000f6500000, 0x00000000f6600000|  0%| F|  |TAMS 0x00000000f6500000| PB 0x00000000f6500000| Untracked 
| 102|0x00000000f6600000, 0x00000000f6600000, 0x00000000f6700000|  0%| F|  |TAMS 0x00000000f6600000| PB 0x00000000f6600000| Untracked 
| 103|0x00000000f6700000, 0x00000000f6700000, 0x00000000f6800000|  0%| F|  |TAMS 0x00000000f6700000| PB 0x00000000f6700000| Untracked 
| 104|0x00000000f6800000, 0x00000000f6900000, 0x00000000f6900000|100%| S|CS|TAMS 0x00000000f6800000| PB 0x00000000f6800000| Complete 
| 105|0x00000000f6900000, 0x00000000f6a00000, 0x00000000f6a00000|100%| S|CS|TAMS 0x00000000f6900000| PB 0x00000000f6900000| Complete 
| 106|0x00000000f6a00000, 0x00000000f6b00000, 0x00000000f6b00000|100%| S|CS|TAMS 0x00000000f6a00000| PB 0x00000000f6a00000| Complete 
| 107|0x00000000f6b00000, 0x00000000f6c00000, 0x00000000f6c00000|100%| S|CS|TAMS 0x00000000f6b00000| PB 0x00000000f6b00000| Complete 
| 108|0x00000000f6c00000, 0x00000000f6d00000, 0x00000000f6d00000|100%| S|CS|TAMS 0x00000000f6c00000| PB 0x00000000f6c00000| Complete 
| 109|0x00000000f6d00000, 0x00000000f6d00000, 0x00000000f6e00000|  0%| F|  |TAMS 0x00000000f6d00000| PB 0x00000000f6d00000| Untracked 
| 110|0x00000000f6e00000, 0x00000000f6e00000, 0x00000000f6f00000|  0%| F|  |TAMS 0x00000000f6e00000| PB 0x00000000f6e00000| Untracked 
| 111|0x00000000f6f00000, 0x00000000f6f00000, 0x00000000f7000000|  0%| F|  |TAMS 0x00000000f6f00000| PB 0x00000000f6f00000| Untracked 
| 112|0x00000000f7000000, 0x00000000f7000000, 0x00000000f7100000|  0%| F|  |TAMS 0x00000000f7000000| PB 0x00000000f7000000| Untracked 
| 113|0x00000000f7100000, 0x00000000f7100000, 0x00000000f7200000|  0%| F|  |TAMS 0x00000000f7100000| PB 0x00000000f7100000| Untracked 
| 114|0x00000000f7200000, 0x00000000f7200000, 0x00000000f7300000|  0%| F|  |TAMS 0x00000000f7200000| PB 0x00000000f7200000| Untracked 
| 115|0x00000000f7300000, 0x00000000f7300000, 0x00000000f7400000|  0%| F|  |TAMS 0x00000000f7300000| PB 0x00000000f7300000| Untracked 
| 116|0x00000000f7400000, 0x00000000f7400000, 0x00000000f7500000|  0%| F|  |TAMS 0x00000000f7400000| PB 0x00000000f7400000| Untracked 
| 117|0x00000000f7500000, 0x00000000f7500000, 0x00000000f7600000|  0%| F|  |TAMS 0x00000000f7500000| PB 0x00000000f7500000| Untracked 
| 118|0x00000000f7600000, 0x00000000f7600000, 0x00000000f7700000|  0%| F|  |TAMS 0x00000000f7600000| PB 0x00000000f7600000| Untracked 
| 119|0x00000000f7700000, 0x00000000f7700000, 0x00000000f7800000|  0%| F|  |TAMS 0x00000000f7700000| PB 0x00000000f7700000| Untracked 
| 120|0x00000000f7800000, 0x00000000f7800000, 0x00000000f7900000|  0%| F|  |TAMS 0x00000000f7800000| PB 0x00000000f7800000| Untracked 
| 121|0x00000000f7900000, 0x00000000f7900000, 0x00000000f7a00000|  0%| F|  |TAMS 0x00000000f7900000| PB 0x00000000f7900000| Untracked 
| 122|0x00000000f7a00000, 0x00000000f7a00000, 0x00000000f7b00000|  0%| F|  |TAMS 0x00000000f7a00000| PB 0x00000000f7a00000| Untracked 
| 123|0x00000000f7b00000, 0x00000000f7b00000, 0x00000000f7c00000|  0%| F|  |TAMS 0x00000000f7b00000| PB 0x00000000f7b00000| Untracked 
| 124|0x00000000f7c00000, 0x00000000f7c00000, 0x00000000f7d00000|  0%| F|  |TAMS 0x00000000f7c00000| PB 0x00000000f7c00000| Untracked 
| 125|0x00000000f7d00000, 0x00000000f7d00000, 0x00000000f7e00000|  0%| F|  |TAMS 0x00000000f7d00000| PB 0x00000000f7d00000| Untracked 
| 126|0x00000000f7e00000, 0x00000000f7e00000, 0x00000000f7f00000|  0%| F|  |TAMS 0x00000000f7e00000| PB 0x00000000f7e00000| Untracked 
| 127|0x00000000f7f00000, 0x00000000f7f00000, 0x00000000f8000000|  0%| F|  |TAMS 0x00000000f7f00000| PB 0x00000000f7f00000| Untracked 
| 128|0x00000000f8000000, 0x00000000f80b19e8, 0x00000000f8100000| 69%| E|  |TAMS 0x00000000f8000000| PB 0x00000000f8000000| Complete 
| 129|0x00000000f8100000, 0x00000000f8200000, 0x00000000f8200000|100%| E|CS|TAMS 0x00000000f8100000| PB 0x00000000f8100000| Complete 
| 130|0x00000000f8200000, 0x00000000f8300000, 0x00000000f8300000|100%| E|CS|TAMS 0x00000000f8200000| PB 0x00000000f8200000| Complete 
| 131|0x00000000f8300000, 0x00000000f8400000, 0x00000000f8400000|100%| E|CS|TAMS 0x00000000f8300000| PB 0x00000000f8300000| Complete 
| 132|0x00000000f8400000, 0x00000000f8500000, 0x00000000f8500000|100%| E|CS|TAMS 0x00000000f8400000| PB 0x00000000f8400000| Complete 
| 133|0x00000000f8500000, 0x00000000f8600000, 0x00000000f8600000|100%| E|CS|TAMS 0x00000000f8500000| PB 0x00000000f8500000| Complete 
| 134|0x00000000f8600000, 0x00000000f8700000, 0x00000000f8700000|100%| E|CS|TAMS 0x00000000f8600000| PB 0x00000000f8600000| Complete 
| 135|0x00000000f8700000, 0x00000000f8800000, 0x00000000f8800000|100%| E|CS|TAMS 0x00000000f8700000| PB 0x00000000f8700000| Complete 
| 136|0x00000000f8800000, 0x00000000f8900000, 0x00000000f8900000|100%| E|CS|TAMS 0x00000000f8800000| PB 0x00000000f8800000| Complete 
| 137|0x00000000f8900000, 0x00000000f8a00000, 0x00000000f8a00000|100%| E|CS|TAMS 0x00000000f8900000| PB 0x00000000f8900000| Complete 
| 138|0x00000000f8a00000, 0x00000000f8b00000, 0x00000000f8b00000|100%| E|CS|TAMS 0x00000000f8a00000| PB 0x00000000f8a00000| Complete 
| 139|0x00000000f8b00000, 0x00000000f8c00000, 0x00000000f8c00000|100%| E|  |TAMS 0x00000000f8b00000| PB 0x00000000f8b00000| Complete 
| 140|0x00000000f8c00000, 0x00000000f8d00000, 0x00000000f8d00000|100%| E|CS|TAMS 0x00000000f8c00000| PB 0x00000000f8c00000| Complete 
| 141|0x00000000f8d00000, 0x00000000f8e00000, 0x00000000f8e00000|100%| E|CS|TAMS 0x00000000f8d00000| PB 0x00000000f8d00000| Complete 
| 142|0x00000000f8e00000, 0x00000000f8f00000, 0x00000000f8f00000|100%| E|CS|TAMS 0x00000000f8e00000| PB 0x00000000f8e00000| Complete 
| 143|0x00000000f8f00000, 0x00000000f9000000, 0x00000000f9000000|100%| E|CS|TAMS 0x00000000f8f00000| PB 0x00000000f8f00000| Complete 
| 144|0x00000000f9000000, 0x00000000f9100000, 0x00000000f9100000|100%| E|CS|TAMS 0x00000000f9000000| PB 0x00000000f9000000| Complete 
| 145|0x00000000f9100000, 0x00000000f9200000, 0x00000000f9200000|100%| E|CS|TAMS 0x00000000f9100000| PB 0x00000000f9100000| Complete 
| 146|0x00000000f9200000, 0x00000000f9300000, 0x00000000f9300000|100%| E|CS|TAMS 0x00000000f9200000| PB 0x00000000f9200000| Complete 
| 243|0x00000000ff300000, 0x00000000ff400000, 0x00000000ff400000|100%| E|CS|TAMS 0x00000000ff300000| PB 0x00000000ff300000| Complete 
| 244|0x00000000ff400000, 0x00000000ff500000, 0x00000000ff500000|100%| O|  |TAMS 0x00000000ff400000| PB 0x00000000ff400000| Untracked 
| 245|0x00000000ff500000, 0x00000000ff600000, 0x00000000ff600000|100%| O|  |TAMS 0x00000000ff500000| PB 0x00000000ff500000| Untracked 
| 246|0x00000000ff600000, 0x00000000ff700000, 0x00000000ff700000|100%| O|  |TAMS 0x00000000ff600000| PB 0x00000000ff600000| Untracked 
| 247|0x00000000ff700000, 0x00000000ff800000, 0x00000000ff800000|100%| O|  |TAMS 0x00000000ff700000| PB 0x00000000ff700000| Untracked 
| 248|0x00000000ff800000, 0x00000000ff900000, 0x00000000ff900000|100%| O|  |TAMS 0x00000000ff800000| PB 0x00000000ff800000| Untracked 
| 249|0x00000000ff900000, 0x00000000ffa00000, 0x00000000ffa00000|100%| O|  |TAMS 0x00000000ff900000| PB 0x00000000ff900000| Untracked 
| 250|0x00000000ffa00000, 0x00000000ffb00000, 0x00000000ffb00000|100%| E|CS|TAMS 0x00000000ffa00000| PB 0x00000000ffa00000| Complete 
| 251|0x00000000ffb00000, 0x00000000ffc00000, 0x00000000ffc00000|100%| O|  |TAMS 0x00000000ffb00000| PB 0x00000000ffb00000| Untracked 
| 252|0x00000000ffc00000, 0x00000000ffd00000, 0x00000000ffd00000|100%| E|CS|TAMS 0x00000000ffc00000| PB 0x00000000ffc00000| Complete 
| 253|0x00000000ffd00000, 0x00000000ffe00000, 0x00000000ffe00000|100%| O|  |TAMS 0x00000000ffd00000| PB 0x00000000ffd00000| Untracked 
| 254|0x00000000ffe00000, 0x00000000fff00000, 0x00000000fff00000|100%| O|  |TAMS 0x00000000ffe00000| PB 0x00000000ffe00000| Untracked 
| 255|0x00000000fff00000, 0x0000000100000000, 0x0000000100000000|100%| O|  |TAMS 0x00000000fff00000| PB 0x00000000fff00000| Untracked 

Card table byte_map: [0x00000205b1020000,0x00000205b10a0000] _byte_map_base: 0x00000205b08a0000

Marking Bits: (CMBitMap*) 0x00000205b11396a0
 Bits: [0x00000205c35a0000, 0x00000205c39a0000)

Polling page: 0x00000205aeeb0000

Metaspace:

Usage:
  Non-class:     87.12 MB used.
      Class:     14.46 MB used.
       Both:    101.59 MB used.

Virtual space:
  Non-class space:      128.00 MB reserved,      88.06 MB ( 69%) committed,  2 nodes.
      Class space:        1.00 GB reserved,      15.31 MB (  1%) committed,  1 nodes.
             Both:        1.12 GB reserved,     103.38 MB (  9%) committed. 

Chunk freelists:
   Non-Class:  7.94 MB
       Class:  704.00 KB
        Both:  8.62 MB

MaxMetaspaceSize: unlimited
CompressedClassSpaceSize: 1.00 GB
Initial GC threshold: 21.00 MB
Current GC threshold: 167.44 MB
CDS: off
 - commit_granule_bytes: 65536.
 - commit_granule_words: 8192.
 - virtual_space_node_default_size: 8388608.
 - enlarge_chunks_in_place: 1.
 - use_allocation_guard: 0.


Internal statistics:

num_allocs_failed_limit: 6.
num_arena_births: 3630.
num_arena_deaths: 0.
num_vsnodes_births: 3.
num_vsnodes_deaths: 0.
num_space_committed: 1654.
num_space_uncommitted: 0.
num_chunks_returned_to_freelist: 6.
num_chunks_taken_from_freelist: 7780.
num_chunk_merges: 6.
num_chunk_splits: 5144.
num_chunks_enlarged: 3355.
num_inconsistent_stats: 0.

CodeHeap 'non-profiled nmethods': size=120000Kb used=5636Kb max_used=5636Kb free=114363Kb
 bounds [0x00000205bbd40000, 0x00000205bc2d0000, 0x00000205c3270000]
CodeHeap 'profiled nmethods': size=120000Kb used=17626Kb max_used=17626Kb free=102373Kb
 bounds [0x00000205b4270000, 0x00000205b53b0000, 0x00000205bb7a0000]
CodeHeap 'non-nmethods': size=5760Kb used=2647Kb max_used=2697Kb free=3112Kb
 bounds [0x00000205bb7a0000, 0x00000205bba60000, 0x00000205bbd40000]
CodeCache: size=245760Kb, used=25909Kb, max_used=25959Kb, free=219848Kb
 total_blobs=10315, nmethods=9379, adapters=839, full_count=0
Compilation: enabled, stopped_count=0, restarted_count=0

Compilation events (20 events):
Event: 13.227 Thread 0x00000205c65e1f70 10906       3       com.google.common.cache.LocalCache$EntryFactory::copyAccessEntry (37 bytes)
Event: 13.227 Thread 0x00000205c65e1f70 nmethod 10906 0x00000205b5387610 code [0x00000205b5387880, 0x00000205b53882c8]
Event: 13.227 Thread 0x00000205c65e1f70 10901   !   3       org.gradle.internal.snapshot.impl.DirectorySnapshotter$PathVisitor::doVisitFile (195 bytes)
Event: 13.229 Thread 0x00000205c65e1f70 nmethod 10901 0x00000205b5388590 code [0x00000205b5388a00, 0x00000205b538acd8]
Event: 13.229 Thread 0x00000205c65e1f70 10909       3       org.gradle.internal.snapshot.FileSystemLocationSnapshot$$Lambda/0x000000010067d298::compare (12 bytes)
Event: 13.229 Thread 0x00000205c65e1f70 nmethod 10909 0x00000205b538bd90 code [0x00000205b538bf80, 0x00000205b538c488]
Event: 13.229 Thread 0x00000205c65e1f70 10910       3       org.gradle.internal.snapshot.PathUtil::compareFileNames (20 bytes)
Event: 13.229 Thread 0x00000205c65e1f70 nmethod 10910 0x00000205b538c690 code [0x00000205b538c860, 0x00000205b538cb18]
Event: 13.229 Thread 0x00000205c65e1f70 10902       3       org.gradle.internal.snapshot.impl.DirectorySnapshotter$PathVisitor::snapshotFile (142 bytes)
Event: 13.230 Thread 0x00000205c65e1f70 nmethod 10902 0x00000205b538cc90 code [0x00000205b538d060, 0x00000205b538e9d8]
Event: 13.230 Thread 0x00000205c65e1f70 10907       1       com.google.common.cache.RemovalCause$5::wasEvicted (2 bytes)
Event: 13.230 Thread 0x00000205c65e1f70 nmethod 10907 0x00000205bc2bf610 code [0x00000205bc2bf7a0, 0x00000205bc2bf868]
Event: 13.230 Thread 0x00000205c65e1f70 10908       1       com.google.common.cache.LocalCache$StrongValueReference::isLoading (2 bytes)
Event: 13.230 Thread 0x00000205c65e1f70 nmethod 10908 0x00000205bc2bf910 code [0x00000205bc2bfaa0, 0x00000205bc2bfb68]
Event: 13.271 Thread 0x00000205c65e1f70 10914       3       java.nio.file.FileTreeWalker$Event::<init> (9 bytes)
Event: 13.271 Thread 0x00000205c65e1f70 nmethod 10914 0x00000205b538f390 code [0x00000205b538f540, 0x00000205b538f848]
Event: 13.281 Thread 0x00000205c65e1f70 10916       3       java.util.ArrayDeque::getLast (33 bytes)
Event: 13.281 Thread 0x00000205c65e1f70 nmethod 10916 0x00000205b538f990 code [0x00000205b538fb60, 0x00000205b538fe88]
Event: 13.287 Thread 0x00000205c65e1f70 10917       3       org.gradle.internal.snapshot.impl.DirectorySnapshotterStatistics$CollectingFileVisitor::preVisitDirectory (14 bytes)
Event: 14.257 Thread 0x00000205c65e1f70 nmethod 10917 0x00000205b5390010 code [0x00000205b53901e0, 0x00000205b5390410]

GC Heap History (20 events):
Event: 9.268 GC heap before
{Heap before GC invocations=28 (full 0):
 garbage-first heap   total 128000K, used 109156K [0x00000000f0000000, 0x0000000100000000)
  region size 1024K, 33 young (33792K), 4 survivors (4096K)
 Metaspace       used 78641K, committed 80256K, reserved 1179648K
  class space    used 10851K, committed 11648K, reserved 1048576K
}
Event: 9.271 GC heap after
{Heap after GC invocations=29 (full 0):
 garbage-first heap   total 128000K, used 80839K [0x00000000f0000000, 0x0000000100000000)
  region size 1024K, 3 young (3072K), 3 survivors (3072K)
 Metaspace       used 78641K, committed 80256K, reserved 1179648K
  class space    used 10851K, committed 11648K, reserved 1048576K
}
Event: 9.602 GC heap before
{Heap before GC invocations=29 (full 0):
 garbage-first heap   total 128000K, used 111559K [0x00000000f0000000, 0x0000000100000000)
  region size 1024K, 33 young (33792K), 3 survivors (3072K)
 Metaspace       used 81951K, committed 83584K, reserved 1179648K
  class space    used 11278K, committed 12096K, reserved 1048576K
}
Event: 9.608 GC heap after
{Heap after GC invocations=30 (full 0):
 garbage-first heap   total 128000K, used 81908K [0x00000000f0000000, 0x0000000100000000)
  region size 1024K, 4 young (4096K), 4 survivors (4096K)
 Metaspace       used 81951K, committed 83584K, reserved 1179648K
  class space    used 11278K, committed 12096K, reserved 1048576K
}
Event: 9.842 GC heap before
{Heap before GC invocations=30 (full 0):
 garbage-first heap   total 128000K, used 112628K [0x00000000f0000000, 0x0000000100000000)
  region size 1024K, 34 young (34816K), 4 survivors (4096K)
 Metaspace       used 82985K, committed 84672K, reserved 1179648K
  class space    used 11437K, committed 12288K, reserved 1048576K
}
Event: 9.846 GC heap after
{Heap after GC invocations=31 (full 0):
 garbage-first heap   total 128000K, used 84485K [0x00000000f0000000, 0x0000000100000000)
  region size 1024K, 4 young (4096K), 4 survivors (4096K)
 Metaspace       used 82985K, committed 84672K, reserved 1179648K
  class space    used 11437K, committed 12288K, reserved 1048576K
}
Event: 10.065 GC heap before
{Heap before GC invocations=32 (full 0):
 garbage-first heap   total 142336K, used 115205K [0x00000000f0000000, 0x0000000100000000)
  region size 1024K, 34 young (34816K), 4 survivors (4096K)
 Metaspace       used 84082K, committed 85760K, reserved 1179648K
  class space    used 11589K, committed 12416K, reserved 1048576K
}
Event: 10.069 GC heap after
{Heap after GC invocations=33 (full 0):
 garbage-first heap   total 142336K, used 86992K [0x00000000f0000000, 0x0000000100000000)
  region size 1024K, 5 young (5120K), 5 survivors (5120K)
 Metaspace       used 84082K, committed 85760K, reserved 1179648K
  class space    used 11589K, committed 12416K, reserved 1048576K
}
Event: 10.420 GC heap before
{Heap before GC invocations=33 (full 0):
 garbage-first heap   total 142336K, used 124880K [0x00000000f0000000, 0x0000000100000000)
  region size 1024K, 42 young (43008K), 5 survivors (5120K)
 Metaspace       used 87132K, committed 88896K, reserved 1179648K
  class space    used 12079K, committed 12928K, reserved 1048576K
}
Event: 10.427 GC heap after
{Heap after GC invocations=34 (full 0):
 garbage-first heap   total 142336K, used 87870K [0x00000000f0000000, 0x0000000100000000)
  region size 1024K, 4 young (4096K), 4 survivors (4096K)
 Metaspace       used 87132K, committed 88896K, reserved 1179648K
  class space    used 12079K, committed 12928K, reserved 1048576K
}
Event: 10.821 GC heap before
{Heap before GC invocations=34 (full 0):
 garbage-first heap   total 142336K, used 126782K [0x00000000f0000000, 0x0000000100000000)
  region size 1024K, 42 young (43008K), 4 survivors (4096K)
 Metaspace       used 90313K, committed 92032K, reserved 1179648K
  class space    used 12652K, committed 13504K, reserved 1048576K
}
Event: 10.824 GC heap after
{Heap after GC invocations=35 (full 0):
 garbage-first heap   total 142336K, used 89490K [0x00000000f0000000, 0x0000000100000000)
  region size 1024K, 3 young (3072K), 3 survivors (3072K)
 Metaspace       used 90313K, committed 92032K, reserved 1179648K
  class space    used 12652K, committed 13504K, reserved 1048576K
}
Event: 11.250 GC heap before
{Heap before GC invocations=36 (full 0):
 garbage-first heap   total 150528K, used 129426K [0x00000000f0000000, 0x0000000100000000)
  region size 1024K, 42 young (43008K), 3 survivors (3072K)
 Metaspace       used 93403K, committed 95232K, reserved 1179648K
  class space    used 13116K, committed 14016K, reserved 1048576K
}
Event: 11.254 GC heap after
{Heap after GC invocations=37 (full 0):
 garbage-first heap   total 150528K, used 92483K [0x00000000f0000000, 0x0000000100000000)
  region size 1024K, 6 young (6144K), 6 survivors (6144K)
 Metaspace       used 93403K, committed 95232K, reserved 1179648K
  class space    used 13116K, committed 14016K, reserved 1048576K
}
Event: 11.757 GC heap before
{Heap before GC invocations=37 (full 0):
 garbage-first heap   total 150528K, used 136515K [0x00000000f0000000, 0x0000000100000000)
  region size 1024K, 49 young (50176K), 6 survivors (6144K)
 Metaspace       used 97012K, committed 98816K, reserved 1179648K
  class space    used 13694K, committed 14592K, reserved 1048576K
}
Event: 11.762 GC heap after
{Heap after GC invocations=38 (full 0):
 garbage-first heap   total 150528K, used 94042K [0x00000000f0000000, 0x0000000100000000)
  region size 1024K, 5 young (5120K), 5 survivors (5120K)
 Metaspace       used 97012K, committed 98816K, reserved 1179648K
  class space    used 13694K, committed 14592K, reserved 1048576K
}
Event: 12.390 GC heap before
{Heap before GC invocations=38 (full 0):
 garbage-first heap   total 150528K, used 138074K [0x00000000f0000000, 0x0000000100000000)
  region size 1024K, 48 young (49152K), 5 survivors (5120K)
 Metaspace       used 100709K, committed 102528K, reserved 1179648K
  class space    used 14155K, committed 15040K, reserved 1048576K
}
Event: 12.396 GC heap after
{Heap after GC invocations=39 (full 0):
 garbage-first heap   total 150528K, used 97267K [0x00000000f0000000, 0x0000000100000000)
  region size 1024K, 6 young (6144K), 6 survivors (6144K)
 Metaspace       used 100709K, committed 102528K, reserved 1179648K
  class space    used 14155K, committed 15040K, reserved 1048576K
}
Event: 13.137 GC heap before
{Heap before GC invocations=40 (full 0):
 garbage-first heap   total 163840K, used 138227K [0x00000000f0000000, 0x0000000100000000)
  region size 1024K, 47 young (48128K), 6 survivors (6144K)
 Metaspace       used 103947K, committed 105792K, reserved 1179648K
  class space    used 14811K, committed 15680K, reserved 1048576K
}
Event: 13.145 GC heap after
{Heap after GC invocations=41 (full 0):
 garbage-first heap   total 163840K, used 102355K [0x00000000f0000000, 0x0000000100000000)
  region size 1024K, 5 young (5120K), 5 survivors (5120K)
 Metaspace       used 103947K, committed 105792K, reserved 1179648K
  class space    used 14811K, committed 15680K, reserved 1048576K
}

Dll operation events (3 events):
Event: 0.013 Loaded shared library C:\Program Files\Android\Android Studio\jbr\bin\java.dll
Event: 0.016 Loaded shared library C:\Program Files\Android\Android Studio\jbr\bin\zip.dll
Event: 0.423 Loaded shared library C:\Program Files\Android\Android Studio\jbr\bin\verify.dll

Deoptimization events (20 events):
Event: 13.160 Thread 0x00000205cf3ec630 Uncommon trap: trap_request=0xffffffd6 fr.pc=0x00000205bc2ace08 relative=0x0000000000000ec8
Event: 13.160 Thread 0x00000205cf3ec630 Uncommon trap: reason=array_check action=maybe_recompile pc=0x00000205bc2ace08 method=com.google.common.collect.RegularImmutableMap.fromEntryArrayCheckingBucketOverflow(I[Ljava/util/Map$Entry;Z)Lcom/google/common/collect/ImmutableMap; @ 220 c2
Event: 13.160 Thread 0x00000205cf3ec630 DEOPT PACKING pc=0x00000205bc2ace08 sp=0x000000ce156fe330
Event: 13.160 Thread 0x00000205cf3ec630 DEOPT UNPACKING pc=0x00000205bb7f43a2 sp=0x000000ce156fe138 mode 2
Event: 13.164 Thread 0x00000205cf3ec630 Uncommon trap: trap_request=0xffffffd6 fr.pc=0x00000205bc2ace08 relative=0x0000000000000ec8
Event: 13.164 Thread 0x00000205cf3ec630 Uncommon trap: reason=array_check action=maybe_recompile pc=0x00000205bc2ace08 method=com.google.common.collect.RegularImmutableMap.fromEntryArrayCheckingBucketOverflow(I[Ljava/util/Map$Entry;Z)Lcom/google/common/collect/ImmutableMap; @ 220 c2
Event: 13.164 Thread 0x00000205cf3ec630 DEOPT PACKING pc=0x00000205bc2ace08 sp=0x000000ce156fe330
Event: 13.164 Thread 0x00000205cf3ec630 DEOPT UNPACKING pc=0x00000205bb7f43a2 sp=0x000000ce156fe138 mode 2
Event: 13.171 Thread 0x00000205cf3ec630 DEOPT PACKING pc=0x00000205b4d175b6 sp=0x000000ce156fe090
Event: 13.171 Thread 0x00000205cf3ec630 DEOPT UNPACKING pc=0x00000205bb7f4b42 sp=0x000000ce156fd600 mode 0
Event: 13.171 Thread 0x00000205cf3ec630 Uncommon trap: trap_request=0xffffffd6 fr.pc=0x00000205bc2ace08 relative=0x0000000000000ec8
Event: 13.171 Thread 0x00000205cf3ec630 Uncommon trap: reason=array_check action=maybe_recompile pc=0x00000205bc2ace08 method=com.google.common.collect.RegularImmutableMap.fromEntryArrayCheckingBucketOverflow(I[Ljava/util/Map$Entry;Z)Lcom/google/common/collect/ImmutableMap; @ 220 c2
Event: 13.171 Thread 0x00000205cf3ec630 DEOPT PACKING pc=0x00000205bc2ace08 sp=0x000000ce156fe330
Event: 13.171 Thread 0x00000205cf3ec630 DEOPT UNPACKING pc=0x00000205bb7f43a2 sp=0x000000ce156fe138 mode 2
Event: 13.179 Thread 0x00000205cf3ec630 Uncommon trap: trap_request=0xffffffd6 fr.pc=0x00000205bc2ace08 relative=0x0000000000000ec8
Event: 13.179 Thread 0x00000205cf3ec630 Uncommon trap: reason=array_check action=maybe_recompile pc=0x00000205bc2ace08 method=com.google.common.collect.RegularImmutableMap.fromEntryArrayCheckingBucketOverflow(I[Ljava/util/Map$Entry;Z)Lcom/google/common/collect/ImmutableMap; @ 220 c2
Event: 13.179 Thread 0x00000205cf3ec630 DEOPT PACKING pc=0x00000205bc2ace08 sp=0x000000ce156fe330
Event: 13.179 Thread 0x00000205cf3ec630 DEOPT UNPACKING pc=0x00000205bb7f43a2 sp=0x000000ce156fe138 mode 2
Event: 13.193 Thread 0x00000205cc59a1d0 DEOPT PACKING pc=0x00000205b4d175b6 sp=0x000000ce14efdd70
Event: 13.193 Thread 0x00000205cc59a1d0 DEOPT UNPACKING pc=0x00000205bb7f4b42 sp=0x000000ce14efd2e0 mode 0

Classes loaded (20 events):
Event: 12.526 Loading class java/util/IdentityHashMap$IdentityHashMapIterator done
Event: 12.526 Loading class java/util/IdentityHashMap$KeyIterator done
Event: 12.533 Loading class java/util/TreeMap$KeySpliterator
Event: 12.533 Loading class java/util/TreeMap$TreeMapSpliterator
Event: 12.533 Loading class java/util/TreeMap$TreeMapSpliterator done
Event: 12.533 Loading class java/util/TreeMap$KeySpliterator done
Event: 12.770 Loading class java/io/CharArrayWriter
Event: 12.770 Loading class java/io/CharArrayWriter done
Event: 12.775 Loading class java/io/SequenceInputStream
Event: 12.775 Loading class java/io/SequenceInputStream done
Event: 13.055 Loading class java/util/stream/ReferencePipeline$4
Event: 13.055 Loading class java/util/stream/IntPipeline$StatelessOp
Event: 13.055 Loading class java/util/stream/IntPipeline$StatelessOp done
Event: 13.055 Loading class java/util/stream/ReferencePipeline$4 done
Event: 13.055 Loading class java/util/stream/ReduceOps$6
Event: 13.056 Loading class java/util/stream/ReduceOps$6 done
Event: 13.056 Loading class java/util/stream/ReduceOps$5ReducingSink
Event: 13.056 Loading class java/util/stream/ReduceOps$5ReducingSink done
Event: 13.056 Loading class java/util/stream/ReferencePipeline$4$1
Event: 13.056 Loading class java/util/stream/ReferencePipeline$4$1 done

Classes unloaded (0 events):
No events

Classes redefined (0 events):
No events

Internal exceptions (20 events):
Event: 12.958 Thread 0x00000205cdd89cb0 Exception <a 'sun/nio/fs/WindowsException'{0x00000000f7b3a3a0}> (0x00000000f7b3a3a0) 
thrown [s\src\hotspot\share\prims\jni.cpp, line 537]
Event: 12.964 Thread 0x00000205cdd89cb0 Exception <a 'sun/nio/fs/WindowsException'{0x00000000f7b4e630}> (0x00000000f7b4e630) 
thrown [s\src\hotspot\share\prims\jni.cpp, line 537]
Event: 12.968 Thread 0x00000205cdd89cb0 Exception <a 'sun/nio/fs/WindowsException'{0x00000000f7b5ef38}> (0x00000000f7b5ef38) 
thrown [s\src\hotspot\share\prims\jni.cpp, line 537]
Event: 12.970 Thread 0x00000205cdd89cb0 Exception <a 'sun/nio/fs/WindowsException'{0x00000000f7b69f50}> (0x00000000f7b69f50) 
thrown [s\src\hotspot\share\prims\jni.cpp, line 537]
Event: 12.971 Thread 0x00000205cdd89cb0 Exception <a 'sun/nio/fs/WindowsException'{0x00000000f7b75060}> (0x00000000f7b75060) 
thrown [s\src\hotspot\share\prims\jni.cpp, line 537]
Event: 12.976 Thread 0x00000205cdd89cb0 Exception <a 'sun/nio/fs/WindowsException'{0x00000000f7b9c768}> (0x00000000f7b9c768) 
thrown [s\src\hotspot\share\prims\jni.cpp, line 537]
Event: 12.981 Thread 0x00000205cdd89cb0 Exception <a 'sun/nio/fs/WindowsException'{0x00000000f7badd68}> (0x00000000f7badd68) 
thrown [s\src\hotspot\share\prims\jni.cpp, line 537]
Event: 12.985 Thread 0x00000205cdd89cb0 Exception <a 'sun/nio/fs/WindowsException'{0x00000000f7a1eb00}> (0x00000000f7a1eb00) 
thrown [s\src\hotspot\share\prims\jni.cpp, line 537]
Event: 12.989 Thread 0x00000205cdd89cb0 Exception <a 'sun/nio/fs/WindowsException'{0x00000000f7a38c30}> (0x00000000f7a38c30) 
thrown [s\src\hotspot\share\prims\jni.cpp, line 537]
Event: 12.991 Thread 0x00000205cdd89cb0 Exception <a 'sun/nio/fs/WindowsException'{0x00000000f7a494f8}> (0x00000000f7a494f8) 
thrown [s\src\hotspot\share\prims\jni.cpp, line 537]
Event: 12.993 Thread 0x00000205cdd89cb0 Exception <a 'sun/nio/fs/WindowsException'{0x00000000f7a5bc28}> (0x00000000f7a5bc28) 
thrown [s\src\hotspot\share\prims\jni.cpp, line 537]
Event: 12.996 Thread 0x00000205cdd89cb0 Exception <a 'sun/nio/fs/WindowsException'{0x00000000f7a6ada0}> (0x00000000f7a6ada0) 
thrown [s\src\hotspot\share\prims\jni.cpp, line 537]
Event: 13.019 Thread 0x00000205cdd89cb0 Exception <a 'java/lang/NoSuchMethodError'{0x00000000f79cd3d8}: 'void java.lang.invoke.DirectMethodHandle$Holder.invokeStatic(java.lang.Object, java.lang.Object, java.lang.Object, java.lang.Object, int, java.lang.Object, java.lang.Object)'> (0x00000000f79cd3d8) 
thrown [s\src\hotspot\share\interpreter\linkResolver.cpp, line 784]
Event: 13.042 Thread 0x00000205cdd8f200 Exception <a 'java/lang/NoSuchMethodError'{0x00000000f77a1070}: 'java.lang.Object java.lang.invoke.DirectMethodHandle$Holder.invokeSpecialIFC(java.lang.Object, java.lang.Object, java.lang.Object)'> (0x00000000f77a1070) 
thrown [s\src\hotspot\share\interpreter\linkResolver.cpp, line 784]
Event: 13.042 Thread 0x00000205cdd8eb70 Exception <a 'java/lang/NoSuchMethodError'{0x00000000f760b0e8}: 'java.lang.Object java.lang.invoke.DirectMethodHandle$Holder.invokeSpecialIFC(java.lang.Object, java.lang.Object, java.lang.Object)'> (0x00000000f760b0e8) 
thrown [s\src\hotspot\share\interpreter\linkResolver.cpp, line 784]
Event: 13.042 Thread 0x00000205cdd8de50 Exception <a 'java/lang/NoSuchMethodError'{0x00000000f7735820}: 'java.lang.Object java.lang.invoke.DirectMethodHandle$Holder.invokeSpecialIFC(java.lang.Object, java.lang.Object, java.lang.Object)'> (0x00000000f7735820) 
thrown [s\src\hotspot\share\interpreter\linkResolver.cpp, line 784]
Event: 13.042 Thread 0x00000205cdd8d7c0 Exception <a 'java/lang/NoSuchMethodError'{0x00000000f7636e68}: 'java.lang.Object java.lang.invoke.DirectMethodHandle$Holder.invokeSpecialIFC(java.lang.Object, java.lang.Object, java.lang.Object)'> (0x00000000f7636e68) 
thrown [s\src\hotspot\share\interpreter\linkResolver.cpp, line 784]
Event: 13.042 Thread 0x00000205cdd8d130 Exception <a 'java/lang/NoSuchMethodError'{0x00000000f78ba338}: 'java.lang.Object java.lang.invoke.DirectMethodHandle$Holder.invokeSpecialIFC(java.lang.Object, java.lang.Object, java.lang.Object)'> (0x00000000f78ba338) 
thrown [s\src\hotspot\share\interpreter\linkResolver.cpp, line 784]
Event: 13.047 Thread 0x00000205cdd8f200 Exception <a 'sun/nio/fs/WindowsException'{0x00000000f766d8a0}> (0x00000000f766d8a0) 
thrown [s\src\hotspot\share\prims\jni.cpp, line 537]
Event: 13.071 Thread 0x00000205cdd8d130 Exception <a 'java/lang/NoSuchMethodError'{0x00000000f730e0f0}: 'int java.lang.invoke.DirectMethodHandle$Holder.invokeStaticInit(java.lang.Object, java.lang.Object, java.lang.Object, java.lang.Object, java.lang.Object)'> (0x00000000f730e0f0) 
thrown [s\src\hotspot\share\interpreter\linkResolver.cpp, line 784]

ZGC Phase Switch (0 events):
No events

VM Operations (20 events):
Event: 12.623 Executing VM operation: HandshakeAllThreads (Deoptimize) done
Event: 12.637 Executing VM operation: HandshakeAllThreads (Deoptimize)
Event: 12.638 Executing VM operation: HandshakeAllThreads (Deoptimize) done
Event: 12.716 Executing VM operation: HandshakeAllThreads (Deoptimize)
Event: 12.716 Executing VM operation: HandshakeAllThreads (Deoptimize) done
Event: 12.802 Executing VM operation: ICBufferFull
Event: 12.802 Executing VM operation: ICBufferFull done
Event: 13.027 Executing VM operation: HandshakeAllThreads (Deoptimize)
Event: 13.028 Executing VM operation: HandshakeAllThreads (Deoptimize) done
Event: 13.055 Executing VM operation: HandshakeAllThreads (Deoptimize)
Event: 13.055 Executing VM operation: HandshakeAllThreads (Deoptimize) done
Event: 13.056 Executing VM operation: HandshakeAllThreads (Deoptimize)
Event: 13.056 Executing VM operation: HandshakeAllThreads (Deoptimize) done
Event: 13.072 Executing VM operation: ICBufferFull
Event: 13.072 Executing VM operation: ICBufferFull done
Event: 13.120 Executing VM operation: HandshakeAllThreads (Deoptimize)
Event: 13.120 Executing VM operation: HandshakeAllThreads (Deoptimize) done
Event: 13.137 Executing VM operation: G1CollectForAllocation (G1 Evacuation Pause)
Event: 13.145 Executing VM operation: G1CollectForAllocation (G1 Evacuation Pause) done
Event: 14.146 Executing VM operation: Cleanup

Memory protections (0 events):
No events

Nmethod flushes (20 events):
Event: 12.456 Thread 0x00000205c6405cd0 flushing  nmethod 0x00000205b4b1cd10
Event: 12.456 Thread 0x00000205c6405cd0 flushing  nmethod 0x00000205b4b21010
Event: 12.456 Thread 0x00000205c6405cd0 flushing  nmethod 0x00000205b4b22b10
Event: 12.456 Thread 0x00000205c6405cd0 flushing  nmethod 0x00000205b4b6d690
Event: 12.456 Thread 0x00000205c6405cd0 flushing  nmethod 0x00000205b4b72c10
Event: 12.456 Thread 0x00000205c6405cd0 flushing  nmethod 0x00000205b4c11410
Event: 12.456 Thread 0x00000205c6405cd0 flushing  nmethod 0x00000205b4c45d10
Event: 12.456 Thread 0x00000205c6405cd0 flushing  nmethod 0x00000205b4c4ad90
Event: 12.456 Thread 0x00000205c6405cd0 flushing  nmethod 0x00000205b4e36a10
Event: 12.456 Thread 0x00000205c6405cd0 flushing  nmethod 0x00000205b4f08410
Event: 12.456 Thread 0x00000205c6405cd0 flushing  nmethod 0x00000205bc146b10
Event: 12.456 Thread 0x00000205c6405cd0 flushing  nmethod 0x00000205b4312e10
Event: 12.456 Thread 0x00000205c6405cd0 flushing  nmethod 0x00000205b4314410
Event: 12.456 Thread 0x00000205c6405cd0 flushing  nmethod 0x00000205b43b0710
Event: 12.456 Thread 0x00000205c6405cd0 flushing  nmethod 0x00000205b44ead10
Event: 12.456 Thread 0x00000205c6405cd0 flushing  nmethod 0x00000205b47ba510
Event: 12.456 Thread 0x00000205c6405cd0 flushing  nmethod 0x00000205b49cc690
Event: 12.456 Thread 0x00000205c6405cd0 flushing  nmethod 0x00000205b4ad4490
Event: 12.456 Thread 0x00000205c6405cd0 flushing  nmethod 0x00000205b4b1a490
Event: 12.456 Thread 0x00000205c6405cd0 flushing  nmethod 0x00000205b4b1b290

Events (20 events):
Event: 7.928 Thread 0x00000205ccf3d4c0 Thread added: 0x00000205cf012aa0
Event: 8.897 Thread 0x00000205ccf3d4c0 Thread added: 0x00000205d0447720
Event: 10.527 Thread 0x00000205cd865ea0 Thread exited: 0x00000205cd865ea0
Event: 12.543 Thread 0x00000205ccf3d4c0 Thread added: 0x00000205cdd89cb0
Event: 12.553 Thread 0x00000205cdd89cb0 Thread added: 0x00000205cdd88900
Event: 12.553 Thread 0x00000205cdd89cb0 Thread added: 0x00000205cdd88f90
Event: 12.553 Thread 0x00000205cdd89cb0 Thread added: 0x00000205cdd88270
Event: 12.553 Thread 0x00000205cdd89cb0 Thread added: 0x00000205cdd8a9d0
Event: 12.553 Thread 0x00000205cdd89cb0 Thread added: 0x00000205cdd89620
Event: 12.553 Thread 0x00000205cdd89cb0 Thread added: 0x00000205cdd87be0
Event: 12.553 Thread 0x00000205cdd89cb0 Thread added: 0x00000205cdd8b6f0
Event: 12.575 Thread 0x00000205cdd89cb0 Thread added: 0x00000205cdd8caa0
Event: 13.031 Thread 0x00000205cdd89cb0 Thread added: 0x00000205cdd8eb70
Event: 13.032 Thread 0x00000205cdd89cb0 Thread added: 0x00000205cdd8d130
Event: 13.032 Thread 0x00000205cdd89cb0 Thread added: 0x00000205cdd8d7c0
Event: 13.032 Thread 0x00000205cdd89cb0 Thread added: 0x00000205cdd8f200
Event: 13.032 Thread 0x00000205cdd89cb0 Thread added: 0x00000205cdd8e4e0
Event: 13.032 Thread 0x00000205cdd89cb0 Thread added: 0x00000205cdd8de50
Event: 13.032 Thread 0x00000205cdd89cb0 Thread added: 0x00000205cdd8bd80
Event: 13.112 Thread 0x00000205c65e1f70 Thread added: 0x00000205ce0a0630


Dynamic libraries:
0x00007ff6423d0000 - 0x00007ff6423da000 	C:\Program Files\Android\Android Studio\jbr\bin\java.exe
0x00007ffc4a300000 - 0x00007ffc4a566000 	C:\windows\SYSTEM32\ntdll.dll
0x00007ffc486e0000 - 0x00007ffc487a9000 	C:\windows\System32\KERNEL32.DLL
0x00007ffc47760000 - 0x00007ffc47b5f000 	C:\windows\System32\KERNELBASE.dll
0x00007ffc475d0000 - 0x00007ffc4771c000 	C:\windows\System32\ucrtbase.dll
0x00007ffc25070000 - 0x00007ffc2508b000 	C:\Program Files\Android\Android Studio\jbr\bin\VCRUNTIME140.dll
0x00007ffc24fb0000 - 0x00007ffc24fc8000 	C:\Program Files\Android\Android Studio\jbr\bin\jli.dll
0x00007ffc48060000 - 0x00007ffc48226000 	C:\windows\System32\USER32.dll
0x00007ffc18770000 - 0x00007ffc18a01000 	C:\windows\WinSxS\amd64_microsoft.windows.common-controls_6595b64144ccf1df_6.0.26100.8972_none_3e0da176e32f9d4b\COMCTL32.dll
0x00007ffc47730000 - 0x00007ffc47757000 	C:\windows\System32\win32u.dll
0x00007ffc48c20000 - 0x00007ffc48cc9000 	C:\windows\System32\msvcrt.dll
0x00007ffc49f70000 - 0x00007ffc49f9b000 	C:\windows\System32\GDI32.dll
0x00007ffc47b70000 - 0x00007ffc47c99000 	C:\windows\System32\gdi32full.dll
0x00007ffc47ca0000 - 0x00007ffc47d43000 	C:\windows\System32\msvcp_win.dll
0x00007ffc48cd0000 - 0x00007ffc48d02000 	C:\windows\System32\IMM32.DLL
0x00007ffc25c30000 - 0x00007ffc25c3c000 	C:\Program Files\Android\Android Studio\jbr\bin\vcruntime140_1.dll
0x00007ffc17720000 - 0x00007ffc177ad000 	C:\Program Files\Android\Android Studio\jbr\bin\msvcp140.dll
0x00007ffbb6910000 - 0x00007ffbb75a6000 	C:\Program Files\Android\Android Studio\jbr\bin\server\jvm.dll
0x00007ffc4a030000 - 0x00007ffc4a0ec000 	C:\windows\System32\ADVAPI32.dll
0x00007ffc48630000 - 0x00007ffc486da000 	C:\windows\System32\sechost.dll
0x00007ffc49df0000 - 0x00007ffc49f08000 	C:\windows\System32\RPCRT4.dll
0x00007ffc48df0000 - 0x00007ffc48e72000 	C:\windows\System32\WS2_32.dll
0x00007ffc47370000 - 0x00007ffc473ce000 	C:\windows\SYSTEM32\POWRPROF.dll
0x00007ffc31e70000 - 0x00007ffc31e7b000 	C:\windows\SYSTEM32\VERSION.dll
0x00007ffc3f190000 - 0x00007ffc3f1c6000 	C:\windows\SYSTEM32\WINMM.dll
0x00007ffc47350000 - 0x00007ffc47365000 	C:\windows\SYSTEM32\UMPDC.dll
0x00007ffc46200000 - 0x00007ffc4621b000 	C:\windows\SYSTEM32\kernel.appcore.dll
0x00007ffc25be0000 - 0x00007ffc25bea000 	C:\Program Files\Android\Android Studio\jbr\bin\jimage.dll
0x00007ffc44ab0000 - 0x00007ffc44cf2000 	C:\windows\SYSTEM32\DBGHELP.DLL
0x00007ffc48890000 - 0x00007ffc48c15000 	C:\windows\System32\combase.dll
0x00007ffc48d10000 - 0x00007ffc48de9000 	C:\windows\System32\OLEAUT32.dll
0x00007ffc30140000 - 0x00007ffc3017b000 	C:\windows\SYSTEM32\dbgcore.DLL
0x00007ffc47d50000 - 0x00007ffc47dfc000 	C:\windows\System32\bcryptPrimitives.dll
0x00007ffc25370000 - 0x00007ffc2537e000 	C:\Program Files\Android\Android Studio\jbr\bin\instrument.dll
0x00007ffc24f90000 - 0x00007ffc24fb0000 	C:\Program Files\Android\Android Studio\jbr\bin\java.dll
0x00007ffc24b50000 - 0x00007ffc24b68000 	C:\Program Files\Android\Android Studio\jbr\bin\zip.dll
0x00007ffc495e0000 - 0x00007ffc49d68000 	C:\windows\System32\SHELL32.dll
0x00007ffc44f90000 - 0x00007ffc4582b000 	C:\windows\SYSTEM32\windows.storage.dll
0x00007ffc494e0000 - 0x00007ffc495d9000 	C:\windows\System32\SHCORE.dll
0x00007ffc49d80000 - 0x00007ffc49de6000 	C:\windows\System32\shlwapi.dll
0x00007ffc47430000 - 0x00007ffc47459000 	C:\windows\SYSTEM32\profapi.dll
0x00007ffc25b40000 - 0x00007ffc25b50000 	C:\Program Files\Android\Android Studio\jbr\bin\net.dll
0x00007ffc35880000 - 0x00007ffc359a8000 	C:\windows\SYSTEM32\WINHTTP.dll
0x00007ffc467b0000 - 0x00007ffc4681c000 	C:\windows\system32\mswsock.dll
0x00007ffc24ab0000 - 0x00007ffc24ac6000 	C:\Program Files\Android\Android Studio\jbr\bin\nio.dll
0x00007ffc25b00000 - 0x00007ffc25b10000 	C:\Program Files\Android\Android Studio\jbr\bin\verify.dll
0x00007ffc248f0000 - 0x00007ffc24917000 	C:\Users\rajku\.gradle\native\c067742578af261105cb4f569cf0c3c89f3d7b1fecec35dd04571415982c5e48\windows-amd64\native-platform.dll
0x00007ffc175d0000 - 0x00007ffc17714000 	C:\Users\rajku\.gradle\native\38dada09dfb8b06ba9b0570ebf7e218e3eb74d4ef43ca46872605cf95ebc2f47\windows-amd64\native-platform-file-events.dll
0x00007ffc258a0000 - 0x00007ffc258a9000 	C:\Program Files\Android\Android Studio\jbr\bin\management.dll
0x00007ffc253b0000 - 0x00007ffc253bb000 	C:\Program Files\Android\Android Studio\jbr\bin\management_ext.dll
0x00007ffc48440000 - 0x00007ffc48448000 	C:\windows\System32\PSAPI.DLL
0x00007ffc46ac0000 - 0x00007ffc46adb000 	C:\windows\SYSTEM32\CRYPTSP.dll
0x00007ffc46160000 - 0x00007ffc46199000 	C:\windows\system32\rsaenh.dll
0x00007ffc46860000 - 0x00007ffc46892000 	C:\windows\SYSTEM32\USERENV.dll
0x00007ffc47400000 - 0x00007ffc4742a000 	C:\windows\SYSTEM32\bcrypt.dll
0x00007ffc46aa0000 - 0x00007ffc46aac000 	C:\windows\SYSTEM32\CRYPTBASE.dll
0x00007ffc45b90000 - 0x00007ffc45bc3000 	C:\windows\SYSTEM32\IPHLPAPI.DLL
0x00007ffc48430000 - 0x00007ffc4843a000 	C:\windows\System32\NSI.dll
0x00007ffc25120000 - 0x00007ffc25129000 	C:\Program Files\Android\Android Studio\jbr\bin\extnet.dll
0x00007ffc12f20000 - 0x00007ffc12f28000 	C:\windows\system32\wshunix.dll
0x00007ffc19b20000 - 0x00007ffc19b38000 	C:\windows\system32\napinsp.dll
0x00007ffc45c20000 - 0x00007ffc45d78000 	C:\windows\SYSTEM32\DNSAPI.dll
0x00007ffc465b0000 - 0x00007ffc465bd000 	C:\windows\SYSTEM32\DSPARSE.dll
0x00007ffc18f80000 - 0x00007ffc18f93000 	C:\windows\System32\winrnr.dll
0x00007ffc18f50000 - 0x00007ffc18f72000 	C:\windows\system32\nlansp_c.dll
0x00007ffc35af0000 - 0x00007ffc35b06000 	C:\windows\system32\wshbth.dll
0x00007ffc33730000 - 0x00007ffc3373b000 	C:\Windows\System32\rasadhlp.dll
0x00007ffc36280000 - 0x00007ffc36306000 	C:\windows\System32\fwpuclnt.dll

JVMTI agents:
C:\Users\rajku\.gradle\wrapper\dists\gradle-8.5-bin\5t9huq95ubn472n8rpzujfbqh\gradle-8.5\lib\agents\gradle-instrumentation-agent-8.5.jar path:C:\Program Files\Android\Android Studio\jbr\bin\instrument.dll, loaded, initialized, instrumentlib options:none

dbghelp: loaded successfully - version: 4.0.5 - missing functions: none
symbol engine: initialized successfully - sym options: 0x614 - pdb path: .;C:\Program Files\Android\Android Studio\jbr\bin;C:\windows\SYSTEM32;C:\windows\WinSxS\amd64_microsoft.windows.common-controls_6595b64144ccf1df_6.0.26100.8972_none_3e0da176e32f9d4b;C:\Program Files\Android\Android Studio\jbr\bin\server;C:\Users\rajku\.gradle\native\c067742578af261105cb4f569cf0c3c89f3d7b1fecec35dd04571415982c5e48\windows-amd64;C:\Users\rajku\.gradle\native\38dada09dfb8b06ba9b0570ebf7e218e3eb74d4ef43ca46872605cf95ebc2f47\windows-amd64

VM Arguments:
jvm_args: --add-opens=java.base/java.util=ALL-UNNAMED --add-opens=java.base/java.lang=ALL-UNNAMED --add-opens=java.base/java.lang.invoke=ALL-UNNAMED --add-opens=java.prefs/java.util.prefs=ALL-UNNAMED --add-opens=java.base/java.nio.charset=ALL-UNNAMED --add-opens=java.base/java.net=ALL-UNNAMED --add-opens=java.base/java.util.concurrent.atomic=ALL-UNNAMED -Xmx256m -Dfile.encoding=UTF-8 -Duser.country=IN -Duser.language=en -Duser.variant -javaagent:C:\Users\rajku\.gradle\wrapper\dists\gradle-8.5-bin\5t9huq95ubn472n8rpzujfbqh\gradle-8.5\lib\agents\gradle-instrumentation-agent-8.5.jar 
java_command: org.gradle.launcher.daemon.bootstrap.GradleDaemon 8.5
java_class_path (initial): C:\Users\rajku\.gradle\wrapper\dists\gradle-8.5-bin\5t9huq95ubn472n8rpzujfbqh\gradle-8.5\lib\gradle-launcher-8.5.jar
Launcher Type: SUN_STANDARD

[Global flags]
     intx CICompilerCount                          = 4                                         {product} {ergonomic}
     uint ConcGCThreads                            = 2                                         {product} {ergonomic}
     uint G1ConcRefinementThreads                  = 8                                         {product} {ergonomic}
   size_t G1HeapRegionSize                         = 1048576                                   {product} {ergonomic}
    uintx GCDrainStackTargetSize                   = 64                                        {product} {ergonomic}
   size_t InitialHeapSize                          = 130023424                                 {product} {ergonomic}
   size_t MarkStackSize                            = 4194304                                   {product} {ergonomic}
   size_t MaxHeapSize                              = 268435456                                 {product} {command line}
   size_t MaxNewSize                               = 160432128                                 {product} {ergonomic}
   size_t MinHeapDeltaBytes                        = 1048576                                   {product} {ergonomic}
   size_t MinHeapSize                              = 8388608                                   {product} {ergonomic}
    uintx NonNMethodCodeHeapSize                   = 5839372                                {pd product} {ergonomic}
    uintx NonProfiledCodeHeapSize                  = 122909434                              {pd product} {ergonomic}
    uintx ProfiledCodeHeapSize                     = 122909434                              {pd product} {ergonomic}
    uintx ReservedCodeCacheSize                    = 251658240                              {pd product} {ergonomic}
     bool SegmentedCodeCache                       = true                                      {product} {ergonomic}
   size_t SoftMaxHeapSize                          = 268435456                              {manageable} {ergonomic}
     bool UseCompressedOops                        = true                           {product lp64_product} {ergonomic}
     bool UseG1GC                                  = true                                      {product} {ergonomic}
     bool UseLargePagesIndividualAllocation        = false                                  {pd product} {ergonomic}

Logging:
Log output configuration:
 #0: stdout all=warning uptime,level,tags foldmultilines=false
 #1: stderr all=off uptime,level,tags foldmultilines=false

Release file:
JAVA_VERSION="21.0.9" 
MODULES="java.base java.compiler java.datatransfer java.xml java.prefs java.desktop java.instrument java.logging java.management java.security.sasl java.naming java.rmi java.management.rmi java.net.http java.scripting java.security.jgss java.transaction.xa java.sql java.sql.rowset java.xml.crypto java.se java.smartcardio jdk.accessibility jdk.internal.jvmstat jdk.attach jdk.charsets jdk.internal.opt jdk.zipfs jdk.compiler jdk.crypto.ec jdk.crypto.cryptoki jdk.dynalink jdk.hotspot.agent jdk.httpserver jdk.internal.ed jdk.internal.le jdk.internal.vm.ci jdk.jartool jdk.javadoc jdk.jcmd jdk.jdeps jdk.jdwp.agent jdk.jdi jdk.jfr jdk.jlink jdk.jsobject jdk.localedata jdk.management jdk.management.agent jdk.management.jfr jdk.naming.dns jdk.naming.rmi jdk.net jdk.sctp jdk.security.auth jdk.security.jgss jdk.unsupported jdk.unsupported.desktop jdk.xml.dom" 
IMPLEMENTOR="JetBrains s.r.o." 
JAVA_RUNTIME_VERSION="21.0.9+-14787801-b1163.94" 
LIBC="default" 
OS_ARCH="x86_64" 
OS_NAME="Windows" 
SOURCE=".:git:0c757ddc9f2f" 

Environment Variables:
JAVA_HOME=C:\Program Files\Android\Android Studio\jbr
CLASSPATH=D:\itantra\mobile_app_apk\android\\gradle\wrapper\gradle-wrapper.jar
PATH=C:\Program Files\Android\Android Studio\jbr\bin;C:/Users/rajku/.gemini/antigravity/bin;C:\Users\rajku\AppData\Roaming\Antigravity\bin;C:\Python314\Scripts\;C:\Python314\;C:\windows\system32;C:\windows;C:\windows\System32\Wbem;C:\windows\System32\WindowsPowerShell\v1.0\;C:\windows\System32\OpenSSH\;C:\Program Files\Git\cmd;C:\Program Files (x86)\pcsuite\;C:\ProgramData\chocolatey\bin;C:\Users\rajku\;C:\Users\rajku\AppData\Local\Programs\Python\Python311\Scripts\;C:\Users\rajku\AppData\Local\Programs\Python\Python311\;C:\Users\rajku\AppData\Local\Microsoft\WindowsApps;C:\Users\rajku\AppData\Local\Programs\Microsoft VS Code\bin;C:\Program Files\MongoDB\Server\8.2\bin;%JAVA_HOME%\bin;C:\Users\rajku\AppData\Local\Programs\Antigravity\bin;C:\Users\rajku\AppData\Local\Google\Cloud SDK\google-cloud-sdk\bin;C:\Users\rajku\AppData\Roaming\npm;C:\Users\rajku\AppData\Local\Programs\Ollama
USERNAME=rajku
OS=Windows_NT
PROCESSOR_IDENTIFIER=Intel64 Family 6 Model 186 Stepping 3, GenuineIntel
TMP=C:\Users\rajku\AppData\Local\Temp
TEMP=C:\Users\rajku\AppData\Local\Temp




Periodic native trim disabled

JNI global refs:
JNI global refs: 29, weak refs: 8

JNI global refs memory usage: 835, weak refs: 833

Process memory usage:
Resident Set Size: 441996K (5% of 8023876K total physical memory with 406476K free physical memory)

OOME stack traces (most recent first):
Classloader memory used:
Loader org.gradle.internal.classloader.VisitableURLClassLoader                         : 38329K
Loader bootstrap                                                                       : 28460K
Loader org.gradle.internal.classloader.VisitableURLClassLoader$InstrumentingVisitableURLClassLoader: 25799K
Loader org.gradle.initialization.MixInLegacyTypesClassLoader                           : 10410K
Loader jdk.internal.loader.ClassLoaders$PlatformClassLoader                            : 520K
Loader jdk.internal.loader.ClassLoaders$AppClassLoader                                 : 227K
Loader org.gradle.groovy.scripts.internal.DefaultScriptCompilationHandler$ScriptClassLoader: 160K
Loader jdk.internal.reflect.DelegatingClassLoader                                      : 105K
Loader org.codehaus.groovy.runtime.callsite.CallSiteClassLoader                        : 10192B
Loader sun.reflect.misc.MethodUtil                                                     : 2984B

Classes loaded by more than one classloader:
Class com.google.common.base.PairwiseEquivalence                                      : loaded 2 times (x 83B)
Class com.google.common.base.Equivalence$Identity                                     : loaded 2 times (x 82B)
Class com.google.common.collect.RegularImmutableMap$KeySet                            : loaded 2 times (x 150B)
Class org.gradle.internal.classloader.FilteringClassLoader                            : loaded 2 times (x 105B)
Class [Lcom.google.common.base.AbstractIterator$State;                                : loaded 2 times (x 69B)
Class com.google.common.base.CharMatcher$IsEither                                     : loaded 2 times (x 111B)
Class org.gradle.internal.classloader.ClassLoaderHierarchy                            : loaded 2 times (x 70B)
Class com.google.common.collect.ImmutableEnumSet                                      : loaded 2 times (x 146B)
Class com.google.common.util.concurrent.ExecutionError                                : loaded 2 times (x 82B)
Class com.google.common.collect.ImmutableList$1                                       : loaded 2 times (x 97B)
Class org.gradle.api.internal.classpath.ManifestUtil                                  : loaded 2 times (x 71B)
Class com.google.common.collect.RegularImmutableMap                                   : loaded 2 times (x 121B)
Class com.google.common.collect.ImmutableMap$MapViewOfValuesAsSingletonSets           : loaded 2 times (x 125B)
Class [Lorg.objectweb.asm.Symbol;                                                     : loaded 2 times (x 69B)
Class org.objectweb.asm.ClassVisitor                                                  : loaded 2 times (x 87B)
Class com.google.common.collect.UnmodifiableListIterator                              : loaded 2 times (x 95B)
Class org.objectweb.asm.MethodTooLargeException                                       : loaded 2 times (x 83B)
Class com.google.common.base.Platform$JdkPatternCompiler                              : loaded 2 times (x 75B)
Class [Lcom.google.common.cache.CacheBuilder$OneWeigher;                              : loaded 2 times (x 69B)
Class com.google.common.base.Suppliers                                                : loaded 2 times (x 71B)
Class org.gradle.internal.classloader.DefaultClassLoaderFactory                       : loaded 2 times (x 82B)
Class com.google.common.base.CharMatcher$None                                         : loaded 2 times (x 112B)
Class org.gradle.internal.classloader.ClassLoaderVisitor                              : loaded 2 times (x 76B)
Class [Lcom.google.common.collect.ImmutableMapEntry;                                  : loaded 2 times (x 69B)
Class org.gradle.api.internal.classpath.EffectiveClassPath                            : loaded 2 times (x 90B)
Class com.google.common.collect.ImmutableEnumMap                                      : loaded 2 times (x 125B)
Class com.google.common.collect.ListMultimap                                          : loaded 2 times (x 70B)
Class com.google.common.collect.Sets$1                                                : loaded 2 times (x 139B)
Class org.objectweb.asm.AnnotationVisitor                                             : loaded 2 times (x 77B)
Class com.google.common.base.Splitter                                                 : loaded 2 times (x 72B)
Class org.gradle.api.internal.DefaultClassPathProvider                                : loaded 2 times (x 76B)
Class com.google.common.collect.Sets$2                                                : loaded 2 times (x 139B)
Class [Lorg.gradle.api.internal.ClassPathProvider;                                    : loaded 2 times (x 69B)
Class org.gradle.api.internal.ClassPathProvider                                       : loaded 2 times (x 70B)
Class com.google.common.collect.Sets$3                                                : loaded 2 times (x 139B)
Class com.google.common.util.concurrent.AbstractFuture$SafeAtomicHelper               : loaded 2 times (x 79B)
Class com.google.common.cache.LocalCache$LocalLoadingCache                            : loaded 2 times (x 134B)
Class com.google.common.base.AbstractIterator$State                                   : loaded 2 times (x 79B)
Class org.gradle.internal.service.UnknownServiceException                             : loaded 2 times (x 83B)
Class com.google.common.collect.Sets$4                                                : loaded 2 times (x 139B)
Class org.objectweb.asm.ModuleVisitor                                                 : loaded 2 times (x 80B)
Class com.google.common.cache.LocalCache$Strength$1                                   : loaded 2 times (x 81B)
Class com.google.common.util.concurrent.SettableFuture                                : loaded 2 times (x 114B)
Class com.google.common.cache.LocalCache$Strength$2                                   : loaded 2 times (x 81B)
Class com.google.common.cache.LocalCache$Strength$3                                   : loaded 2 times (x 81B)
Class com.google.common.collect.MapDifference                                         : loaded 2 times (x 70B)
Class com.google.common.base.Splitter$1                                               : loaded 2 times (x 77B)
Class org.objectweb.asm.FieldWriter                                                   : loaded 2 times (x 77B)
Class com.google.common.cache.CacheBuilder$NullListener                               : loaded 2 times (x 82B)
Class org.gradle.internal.classpath.TransformedClassPath                              : loaded 2 times (x 96B)
Class com.google.common.cache.CacheLoader$FunctionToCacheLoader                       : loaded 2 times (x 75B)
Class com.google.common.collect.Iterators$ArrayItr                                    : loaded 2 times (x 97B)
Class com.google.common.collect.ImmutableCollection$Builder                           : loaded 2 times (x 76B)
Class com.google.common.base.Joiner                                                   : loaded 2 times (x 79B)
Class com.google.common.base.MoreObjects                                              : loaded 2 times (x 71B)
Class [Lorg.objectweb.asm.Type;                                                       : loaded 2 times (x 69B)
Class com.google.common.collect.Platform                                              : loaded 2 times (x 71B)
Class com.google.common.collect.UnmodifiableIterator                                  : loaded 2 times (x 80B)
Class org.gradle.internal.service.ServiceLocator                                      : loaded 2 times (x 70B)
Class com.google.common.base.Ascii                                                    : loaded 2 times (x 71B)
Class com.google.common.cache.LocalCache$1                                            : loaded 2 times (x 89B)
Class com.google.common.collect.AbstractMapEntry                                      : loaded 2 times (x 81B)
Class com.google.common.collect.Sets$ImprovedAbstractSet                              : loaded 2 times (x 135B)
Class com.google.common.collect.ImmutableList$Builder                                 : loaded 2 times (x 77B)
Class com.google.common.cache.LocalCache$2                                            : loaded 2 times (x 142B)
Class com.google.common.collect.AbstractMultimap                                      : loaded 2 times (x 123B)
Class com.google.common.util.concurrent.AbstractFuture$UnsafeAtomicHelper$1           : loaded 2 times (x 76B)
Class com.google.common.collect.RegularImmutableAsList                                : loaded 2 times (x 216B)
Class com.google.common.util.concurrent.AbstractFuture$Trusted                        : loaded 2 times (x 70B)
Class com.google.common.collect.Iterators                                             : loaded 2 times (x 71B)
Class com.google.common.base.CharMatcher$RangesMatcher                                : loaded 2 times (x 112B)
Class build_6q0ghfex2m7ky4eb05875xkei$_run_closure1                                   : loaded 2 times (x 139B)
Class com.google.common.util.concurrent.UncheckedExecutionException                   : loaded 2 times (x 82B)
Class com.google.common.collect.Lists$StringAsImmutableList                           : loaded 2 times (x 207B)
Class com.google.common.base.CharMatcher$JavaLetterOrDigit                            : loaded 2 times (x 111B)
Class org.gradle.internal.InternalTransformer                                         : loaded 2 times (x 70B)
Class com.google.common.collect.AbstractMapBasedMultimap$KeySet$1                     : loaded 2 times (x 82B)
Class org.objectweb.asm.ClassWriter                                                   : loaded 2 times (x 104B)
Class com.google.common.cache.CacheLoader$UnsupportedLoadingOperationException        : loaded 2 times (x 82B)
Class com.google.common.base.CharMatcher$And                                          : loaded 2 times (x 112B)
Class org.gradle.internal.classloader.ClasspathUtil$1                                 : loaded 2 times (x 76B)
Class com.google.common.base.Objects                                                  : loaded 2 times (x 71B)
Class org.objectweb.asm.FieldVisitor                                                  : loaded 2 times (x 76B)
Class com.google.common.collect.IndexedImmutableSet                                   : loaded 2 times (x 150B)
Class com.google.common.collect.ImmutableMap$1                                        : loaded 2 times (x 81B)
Class com.google.common.collect.BiMap                                                 : loaded 2 times (x 70B)
Class settings_45oobmneggqzdycjcw65v8uef$_run_closure1                                : loaded 2 times (x 139B)
Class org.gradle.api.internal.classpath.DefaultModuleRegistry$DefaultModule           : loaded 2 times (x 86B)
Class com.google.common.primitives.Ints                                               : loaded 2 times (x 71B)
Class com.google.common.collect.AbstractIterator                                      : loaded 2 times (x 82B)
Class com.google.common.math.MathPreconditions                                        : loaded 2 times (x 71B)
Class com.google.common.collect.Multiset                                              : loaded 2 times (x 70B)
Class com.google.common.collect.ArrayListMultimapGwtSerializationDependencies         : loaded 2 times (x 172B)
Class com.google.common.collect.ObjectArrays                                          : loaded 2 times (x 71B)
Class com.google.common.collect.AbstractIndexedListIterator                           : loaded 2 times (x 96B)
Class com.google.common.collect.ImmutableMapEntrySet                                  : loaded 2 times (x 151B)
Class org.gradle.api.internal.classpath.Module                                        : loaded 2 times (x 70B)
Class com.google.common.cache.Weigher                                                 : loaded 2 times (x 70B)
Class org.gradle.api.internal.classpath.UnknownModuleException                        : loaded 2 times (x 82B)
Class org.gradle.cache.GlobalCache                                                    : loaded 2 times (x 70B)
Class com.google.common.base.Stopwatch                                                : loaded 2 times (x 72B)
Class com.google.common.cache.LocalCache$Strength                                     : loaded 2 times (x 81B)
Class com.google.common.cache.Cache                                                   : loaded 2 times (x 70B)
Class com.google.common.util.concurrent.AbstractFuture$Cancellation                   : loaded 2 times (x 72B)
Class com.google.common.collect.ImmutableMap$Builder                                  : loaded 2 times (x 82B)
Class com.google.common.base.NullnessCasts                                            : loaded 2 times (x 71B)
Class com.google.common.cache.RemovalListener                                         : loaded 2 times (x 70B)
Class org.gradle.api.internal.DefaultClassPathRegistry                                : loaded 2 times (x 76B)
Class com.google.common.primitives.IntsMethodsForWeb                                  : loaded 2 times (x 71B)
Class com.google.common.collect.Multimap                                              : loaded 2 times (x 70B)
Class org.gradle.api.internal.ClassPathRegistry                                       : loaded 2 times (x 70B)
Class org.gradle.internal.classpath.DefaultClassPath$ImmutableUniqueList              : loaded 2 times (x 199B)
Class com.google.common.base.ExtraObjectsMethodsForWeb                                : loaded 2 times (x 71B)
Class com.google.common.cache.CacheBuilder                                            : loaded 2 times (x 72B)
Class com.google.common.collect.SingletonImmutableList                                : loaded 2 times (x 207B)
Class settings_45oobmneggqzdycjcw65v8uef$_run_closure1$_closure2                      : loaded 2 times (x 139B)
Class org.gradle.internal.classpath.ClassPath                                         : loaded 2 times (x 70B)
Class org.gradle.api.UncheckedIOException                                             : loaded 2 times (x 82B)
Class com.google.common.collect.ImmutableList$ReverseImmutableList                    : loaded 2 times (x 208B)
Class com.google.common.base.JdkPattern                                               : loaded 2 times (x 75B)
Class org.objectweb.asm.SymbolTable$Entry                                             : loaded 2 times (x 74B)
Class com.google.common.util.concurrent.AbstractFuture$AtomicHelper                   : loaded 2 times (x 78B)
Class org.objectweb.asm.Edge                                                          : loaded 2 times (x 72B)
Class com.google.common.base.Suppliers$SupplierOfInstance                             : loaded 2 times (x 79B)
Class com.google.common.collect.Iterators$1                                           : loaded 2 times (x 81B)
Class com.google.common.cache.LocalCache$ComputingValueReference                      : loaded 2 times (x 96B)
Class com.google.common.collect.SingletonImmutableSet                                 : loaded 2 times (x 146B)
Class com.google.common.collect.ImmutableMap$IteratorBasedImmutableMap                : loaded 2 times (x 125B)
Class com.google.common.cache.LocalCache$Segment                                      : loaded 2 times (x 154B)
Class [Lorg.objectweb.asm.SymbolTable$Entry;                                          : loaded 2 times (x 69B)
Class com.google.common.cache.CacheLoader                                             : loaded 2 times (x 74B)
Class com.google.common.collect.Iterators$4                                           : loaded 2 times (x 82B)
Class com.google.common.collect.ImmutableBiMap                                        : loaded 2 times (x 143B)
Class com.google.common.collect.AbstractListMultimap                                  : loaded 2 times (x 172B)
Class org.gradle.internal.installation.GradleInstallation$1                           : loaded 2 times (x 75B)
Class org.gradle.api.internal.classpath.ModuleRegistry                                : loaded 2 times (x 70B)
Class com.google.common.util.concurrent.internal.InternalFutureFailureAccess          : loaded 2 times (x 72B)
Class com.google.common.collect.Iterators$5                                           : loaded 2 times (x 82B)
Class com.google.common.collect.ImmutableSet$JdkBackedSetBuilderImpl                  : loaded 2 times (x 76B)
Class com.google.common.base.Splitter$SplittingIterator                               : loaded 2 times (x 84B)
Class com.google.common.util.concurrent.AbstractFuture$UnsafeAtomicHelper             : loaded 2 times (x 78B)
Class com.google.common.cache.LocalCache$LocalManualCache$1                           : loaded 2 times (x 75B)
Class com.google.common.base.CharMatcher$ForPredicate                                 : loaded 2 times (x 112B)
Class com.google.common.collect.ImmutableCollection                                   : loaded 2 times (x 125B)
Class com.google.common.base.CharMatcher$AnyOf                                        : loaded 2 times (x 112B)
Class org.gradle.api.internal.classpath.DefaultModuleRegistry                         : loaded 2 times (x 86B)
Class com.google.common.util.concurrent.ListenableFuture                              : loaded 2 times (x 70B)
Class com.google.common.cache.ReferenceEntry                                          : loaded 2 times (x 70B)
Class com.google.common.collect.ImmutableSet$CachingAsList                            : loaded 2 times (x 147B)
Class com.google.common.base.Converter                                                : loaded 2 times (x 90B)
Class com.google.common.collect.Lists                                                 : loaded 2 times (x 71B)
Class com.google.common.base.CharMatcher$Any                                          : loaded 2 times (x 112B)
Class com.google.common.util.concurrent.AbstractFuture                                : loaded 2 times (x 106B)
Class com.google.common.base.FunctionalEquivalence                                    : loaded 2 times (x 83B)
Class com.google.common.collect.Iterators$9                                           : loaded 2 times (x 81B)
Class com.google.common.collect.AbstractMapBasedMultimap                              : loaded 2 times (x 139B)
Class com.google.common.collect.ImmutableAsList                                       : loaded 2 times (x 209B)
Class org.objectweb.asm.RecordComponentVisitor                                        : loaded 2 times (x 77B)
Class com.google.common.cache.CacheLoader$SupplierToCacheLoader                       : loaded 2 times (x 75B)
Class com.google.common.collect.Maps$EntryTransformer                                 : loaded 2 times (x 70B)
Class org.gradle.internal.service.ServiceLookupException                              : loaded 2 times (x 82B)
Class [Lcom.google.common.cache.LocalCache$EntryFactory;                              : loaded 2 times (x 69B)
Class com.google.common.base.CharMatcher$JavaLetter                                   : loaded 2 times (x 111B)
Class org.gradle.internal.classloader.ClassLoaderFactory                              : loaded 2 times (x 70B)
Class com.google.common.cache.LocalCache$LocalManualCache                             : loaded 2 times (x 99B)
Class com.google.common.base.CharMatcher$IsNot                                        : loaded 2 times (x 111B)
Class com.google.common.base.CommonPattern                                            : loaded 2 times (x 74B)
Class org.gradle.internal.service.CachingServiceLocator                               : loaded 2 times (x 82B)
Class com.google.common.collect.AbstractMapBasedMultimap$KeySet                       : loaded 2 times (x 137B)
Class com.google.common.math.IntMath                                                  : loaded 2 times (x 71B)
Class com.google.common.collect.Iterators$10                                          : loaded 2 times (x 81B)
Class com.google.common.collect.ImmutableMapEntry                                     : loaded 2 times (x 85B)
Class com.google.common.base.CharMatcher$JavaDigit                                    : loaded 2 times (x 111B)
Class com.google.common.base.Equivalence                                              : loaded 2 times (x 82B)
Class com.google.common.collect.ImmutableMapEntry$NonTerminalImmutableMapEntry        : loaded 2 times (x 85B)
Class com.google.common.base.Function                                                 : loaded 2 times (x 70B)
Class com.google.common.cache.CacheBuilder$OneWeigher                                 : loaded 2 times (x 82B)
Class com.google.common.collect.RegularImmutableList                                  : loaded 2 times (x 212B)
Class com.google.common.collect.ImmutableBiMapFauxverideShim                          : loaded 2 times (x 120B)
Class org.gradle.internal.classloader.ClasspathUtil                                   : loaded 2 times (x 71B)
Class com.google.common.base.Charsets                                                 : loaded 2 times (x 71B)
Class com.google.common.util.concurrent.Uninterruptibles                              : loaded 2 times (x 71B)
Class com.google.common.collect.Maps                                                  : loaded 2 times (x 71B)
Class com.google.common.base.CharMatcher$JavaUpperCase                                : loaded 2 times (x 111B)
Class org.gradle.api.specs.Spec                                                       : loaded 2 times (x 70B)
Class [Lcom.google.common.collect.ImmutableEntry;                                     : loaded 2 times (x 69B)
Class com.google.common.cache.LocalCache$LoadingValueReference                        : loaded 2 times (x 96B)
Class com.google.common.base.Platform                                                 : loaded 2 times (x 71B)
Class com.google.common.primitives.Ints$IntConverter                                  : loaded 2 times (x 90B)
Class com.google.common.collect.Maps$8                                                : loaded 2 times (x 82B)
Class com.google.common.collect.Sets$SetView                                          : loaded 2 times (x 138B)
Class com.google.common.cache.LocalCache$StrongValueReference                         : loaded 2 times (x 90B)
Class com.google.common.util.concurrent.AbstractFuture$SynchronizedHelper             : loaded 2 times (x 78B)
Class com.google.common.base.CharMatcher$Invisible                                    : loaded 2 times (x 112B)
Class org.objectweb.asm.Type                                                          : loaded 2 times (x 72B)
Class org.gradle.internal.classloader.VisitableURLClassLoader$InstrumentingVisitableURLClassLoader: loaded 2 times (x 123B)
Class org.objectweb.asm.ByteVector                                                    : loaded 2 times (x 78B)
Class [Lcom.google.common.cache.CacheBuilder$NullListener;                            : loaded 2 times (x 69B)
Class com.google.common.math.IntMath$1                                                : loaded 2 times (x 71B)
Class org.gradle.internal.classloader.VisitableURLClassLoader$Spec                    : loaded 2 times (x 74B)
Class org.gradle.internal.classpath.DefaultClassPath                                  : loaded 2 times (x 90B)
Class org.objectweb.asm.Symbol                                                        : loaded 2 times (x 73B)
Class com.google.common.base.AbstractIterator                                         : loaded 2 times (x 80B)
Class com.google.common.collect.RegularImmutableMap$Values                            : loaded 2 times (x 207B)
Class com.google.common.collect.ImmutableSet                                          : loaded 2 times (x 145B)
Class com.google.common.base.CharMatcher$BitSetMatcher                                : loaded 2 times (x 112B)
Class com.google.common.base.CharMatcher$Ascii                                        : loaded 2 times (x 112B)
Class org.gradle.internal.classloader.ClassLoaderSpec                                 : loaded 2 times (x 71B)
Class org.objectweb.asm.AnnotationWriter                                              : loaded 2 times (x 78B)
Class com.google.common.cache.CacheStats                                              : loaded 2 times (x 71B)
Class org.objectweb.asm.RecordComponentWriter                                         : loaded 2 times (x 78B)
Class com.google.common.util.concurrent.AbstractFuture$Listener                       : loaded 2 times (x 72B)
Class com.google.common.base.CharMatcher$Or                                           : loaded 2 times (x 112B)
Class org.objectweb.asm.Attribute                                                     : loaded 2 times (x 77B)
Class com.google.common.base.Supplier                                                 : loaded 2 times (x 70B)
Class org.gradle.internal.classloader.VisitableURLClassLoader                         : loaded 2 times (x 117B)
Class com.google.common.util.concurrent.AbstractFuture$Waiter                         : loaded 2 times (x 72B)
Class org.gradle.internal.Cast                                                        : loaded 2 times (x 71B)
Class org.gradle.api.Action                                                           : loaded 2 times (x 70B)
Class com.google.common.collect.Sets                                                  : loaded 2 times (x 71B)
Class org.objectweb.asm.Handler                                                       : loaded 2 times (x 72B)
Class com.google.common.base.Strings                                                  : loaded 2 times (x 71B)
Class com.google.common.base.Ticker                                                   : loaded 2 times (x 72B)
Class com.google.common.base.CharMatcher$FastMatcher                                  : loaded 2 times (x 111B)
Class org.gradle.internal.agents.InstrumentingClassLoader                             : loaded 2 times (x 70B)
Class [Lcom.google.common.cache.LocalCache$Segment;                                   : loaded 2 times (x 69B)
Class [Lcom.google.common.cache.LocalCache$Strength;                                  : loaded 2 times (x 69B)
Class com.google.common.cache.CacheBuilder$1                                          : loaded 2 times (x 85B)
Class com.google.common.collect.ImmutableMap                                          : loaded 2 times (x 120B)
Class com.google.common.base.Predicate                                                : loaded 2 times (x 70B)
Class org.gradle.internal.classpath.DefaultClassPath$ImmutableUniqueList$Builder      : loaded 2 times (x 75B)
Class com.google.common.cache.LocalCache                                              : loaded 2 times (x 187B)
Class com.google.common.cache.CacheBuilder$2                                          : loaded 2 times (x 79B)
Class com.google.common.base.CharMatcher$NegatedFastMatcher                           : loaded 2 times (x 113B)
Class com.google.common.cache.CacheBuilder$3                                          : loaded 2 times (x 72B)
Class [Lcom.google.common.collect.AbstractMapEntry;                                   : loaded 2 times (x 69B)
Class com.google.common.collect.ImmutableEntry                                        : loaded 2 times (x 82B)
Class com.google.common.collect.ArrayListMultimap                                     : loaded 2 times (x 172B)
Class com.google.common.base.AbstractIterator$1                                       : loaded 2 times (x 71B)
Class com.google.common.base.CharMatcher$Digit                                        : loaded 2 times (x 112B)
Class org.gradle.api.GradleException                                                  : loaded 2 times (x 82B)
Class build_93tkcne4o3x68w9v4mkydah3e                                                 : loaded 2 times (x 180B)
Class com.google.common.collect.CollectPreconditions                                  : loaded 2 times (x 71B)
Class com.google.common.base.CharMatcher$JavaIsoControl                               : loaded 2 times (x 112B)
Class build_93tkcne4o3x68w9v4mkydah3e$_run_closure1                                   : loaded 2 times (x 139B)
Class com.google.common.collect.SortedMapDifference                                   : loaded 2 times (x 70B)
Class com.google.common.base.CharMatcher$JavaLowerCase                                : loaded 2 times (x 111B)
Class build_6q0ghfex2m7ky4eb05875xkei                                                 : loaded 2 times (x 180B)
Class com.google.common.cache.LocalCache$EntryFactory                                 : loaded 2 times (x 83B)
Class com.google.common.cache.LocalCache$AbstractReferenceEntry                       : loaded 2 times (x 107B)
Class com.google.common.base.Splitter$1$1                                             : loaded 2 times (x 86B)
Class com.google.common.base.CharMatcher$Whitespace                                   : loaded 2 times (x 112B)
Class org.gradle.internal.IoActions                                                   : loaded 2 times (x 71B)
Class org.objectweb.asm.SymbolTable                                                   : loaded 2 times (x 72B)
Class com.google.common.cache.CacheLoader$InvalidCacheLoadException                   : loaded 2 times (x 82B)
Class com.google.common.collect.ImmutableSet$RegularSetBuilderImpl                    : loaded 2 times (x 77B)
Class com.google.common.base.CharMatcher$SingleWidth                                  : loaded 2 times (x 112B)
Class org.gradle.internal.classloader.SystemClassLoaderSpec                           : loaded 2 times (x 71B)
Class com.google.common.cache.LocalCache$StrongEntry                                  : loaded 2 times (x 108B)
Class com.google.common.util.concurrent.AbstractFuture$TrustedFuture                  : loaded 2 times (x 114B)
Class com.google.common.cache.LoadingCache                                            : loaded 2 times (x 70B)
Class org.objectweb.asm.MethodWriter                                                  : loaded 2 times (x 105B)
Class [Lcom.google.common.cache.Weigher;                                              : loaded 2 times (x 69B)
Class com.google.common.collect.RegularImmutableMap$BucketOverflowException           : loaded 2 times (x 82B)
Class com.google.common.cache.LocalCache$ValueReference                               : loaded 2 times (x 70B)
Class com.google.common.base.CharMatcher$Negated                                      : loaded 2 times (x 113B)
Class com.google.common.base.CharMatcher$Is                                           : loaded 2 times (x 111B)
Class com.google.common.util.concurrent.AbstractFuture$Failure                        : loaded 2 times (x 72B)
Class com.google.common.base.PatternCompiler                                          : loaded 2 times (x 70B)
Class com.google.common.base.Equivalence$Equals                                       : loaded 2 times (x 82B)
Class com.google.common.collect.Hashing                                               : loaded 2 times (x 71B)
Class com.google.common.base.Preconditions                                            : loaded 2 times (x 71B)
Class settings_45oobmneggqzdycjcw65v8uef                                              : loaded 2 times (x 179B)
Class com.google.common.base.Joiner$1                                                 : loaded 2 times (x 80B)
Class org.objectweb.asm.Label                                                         : loaded 2 times (x 73B)
Class org.objectweb.asm.CurrentFrame                                                  : loaded 2 times (x 73B)
Class org.objectweb.asm.ClassTooLargeException                                        : loaded 2 times (x 83B)
Class com.google.common.collect.PeekingIterator                                       : loaded 2 times (x 70B)
Class com.google.common.base.CharMatcher                                              : loaded 2 times (x 111B)
Class com.google.common.base.Joiner$2                                                 : loaded 2 times (x 79B)
Class org.objectweb.asm.Frame                                                         : loaded 2 times (x 73B)
Class org.objectweb.asm.MethodVisitor                                                 : loaded 2 times (x 104B)
Class com.google.common.cache.LocalCache$EntryFactory$1                               : loaded 2 times (x 83B)
Class [Lcom.google.common.cache.RemovalListener;                                      : loaded 2 times (x 69B)
Class com.google.common.base.CharMatcher$1                                            : loaded 2 times (x 113B)
Class com.google.common.base.CharMatcher$NamedFastMatcher                             : loaded 2 times (x 112B)
Class com.google.common.cache.LocalCache$EntryFactory$2                               : loaded 2 times (x 83B)
Class org.objectweb.asm.ModuleWriter                                                  : loaded 2 times (x 81B)
Class com.google.common.cache.LocalCache$EntryFactory$3                               : loaded 2 times (x 83B)
Class com.google.common.base.Ticker$1                                                 : loaded 2 times (x 72B)
Class com.google.common.collect.ImmutableMapEntrySet$RegularEntrySet                  : loaded 2 times (x 151B)
Class com.google.common.collect.Maps$BiMapConverter                                   : loaded 2 times (x 90B)
Class com.google.common.cache.LocalCache$EntryFactory$4                               : loaded 2 times (x 83B)
Class com.google.common.collect.ImmutableSet$Builder                                  : loaded 2 times (x 85B)
Class com.google.common.base.CharMatcher$InRange                                      : loaded 2 times (x 111B)
Class com.google.common.cache.LocalCache$EntryFactory$5                               : loaded 2 times (x 83B)
Class com.google.common.cache.LocalCache$EntryFactory$6                               : loaded 2 times (x 83B)
Class org.gradle.internal.installation.CurrentGradleInstallationLocator               : loaded 2 times (x 71B)
Class com.google.common.collect.Maps$KeySet                                           : loaded 2 times (x 137B)
Class com.google.common.cache.LocalCache$EntryFactory$7                               : loaded 2 times (x 83B)
Class com.google.common.collect.ImmutableSet$EmptySetBuilderImpl                      : loaded 2 times (x 76B)
Class com.google.common.collect.ImmutableList                                         : loaded 2 times (x 206B)
Class org.gradle.internal.service.DefaultServiceLocator                               : loaded 2 times (x 83B)
Class com.google.common.cache.LocalCache$EntryFactory$8                               : loaded 2 times (x 83B)
Class com.google.common.collect.ImmutableSet$SetBuilderImpl                           : loaded 2 times (x 76B)
Class org.gradle.internal.installation.CurrentGradleInstallation                      : loaded 2 times (x 73B)
Class com.google.common.cache.CacheLoader$1                                           : loaded 2 times (x 75B)
Class com.google.common.collect.ImmutableList$SubList                                 : loaded 2 times (x 208B)
Class org.gradle.util.internal.GUtil                                                  : loaded 2 times (x 71B)
Class com.google.common.util.concurrent.AbstractFuture$SetFuture                      : loaded 2 times (x 75B)
Class com.google.common.cache.AbstractCache$StatsCounter                              : loaded 2 times (x 70B)
Class com.google.common.collect.Iterators$MergingIterator                             : loaded 2 times (x 81B)
Class com.google.common.collect.RegularImmutableSet                                   : loaded 2 times (x 148B)
Class org.gradle.internal.installation.GradleInstallation                             : loaded 2 times (x 75B)
Class com.google.common.collect.Iterables                                             : loaded 2 times (x 71B)
Class com.google.common.base.Splitter$Strategy                                        : loaded 2 times (x 70B)

---------------  S Y S T E M  ---------------

OS:
 Windows 11 , 64 bit Build 26100 (10.0.26100.9168)
OS uptime: 0 days 11:46 hours
Hyper-V role detected

CPU: total 8 (initial active 8) (4 cores per cpu, 2 threads per core) family 6 model 186 stepping 3 microcode 0x6134, cx8, cmov, fxsr, ht, mmx, 3dnowpref, sse, sse2, sse3, ssse3, sse4.1, sse4.2, popcnt, lzcnt, tsc, tscinvbit, avx, avx2, aes, erms, clmul, bmi1, bmi2, adx, sha, fma, vzeroupper, clflush, clflushopt, clwb, hv, serialize, rdtscp, rdpid, fsrm, f16c, cet_ibt, cet_ss
Processor Information for the first 8 processors :
  Max Mhz: 1200, Current Mhz: 1200, Mhz Limit: 1200

Memory: 4k page, system-wide physical 7835M (397M free)
TotalPageFile size 31387M (AvailPageFile size 6M)
current process WorkingSet (physical memory assigned to process): 431M, peak: 431M
current process commit charge ("private bytes"): 459M, peak: 461M

vm_info: OpenJDK 64-Bit Server VM (21.0.9+-14787801-b1163.94) for windows-amd64 JRE (21.0.9+-14787801-b1163.94), built on 2026-01-27T21:15:44Z by "builder" with MS VC++ 16.10 / 16.11 (VS2019)

END.
