#
# There is insufficient memory for the Java Runtime Environment to continue.
# Native memory allocation (mmap) failed to map 13631488 bytes. Error detail: G1 virtual space
# Possible reasons:
#   The system is out of physical RAM or swap space
#   This process is running with CompressedOops enabled, and the Java Heap may be blocking the growth of the native heap
# Possible solutions:
#   Reduce memory load on the system
#   Increase physical memory or swap space
#   Check if swap backing store is full
#   Decrease Java heap size (-Xmx/-Xms)
#   Decrease number of Java threads
#   Decrease Java thread stack sizes (-Xss)
#   Set larger code cache with -XX:ReservedCodeCacheSize=
#   JVM is running with Unscaled Compressed Oops mode in which the Java heap is
#     placed in the first 4GB address space. The Java Heap base address is the
#     maximum limit for the native heap growth. Please use -XX:HeapBaseMinAddress
#     to set the Java Heap base and to place the Java Heap above 4GB virtual address.
# This output file may be truncated or incomplete.
#
#  Out of Memory Error (os_windows.cpp:3925), pid=26248, tid=12092
#
# JRE version: OpenJDK Runtime Environment (21.0.9) (build 21.0.9+-14787801-b1163.94)
# Java VM: OpenJDK 64-Bit Server VM (21.0.9+-14787801-b1163.94, mixed mode, tiered, compressed oops, compressed class ptrs, g1 gc, windows-amd64)
# No core dump will be written. Minidumps are not enabled by default on client versions of Windows
#

---------------  S U M M A R Y ------------

Command Line: --add-opens=java.base/java.util=ALL-UNNAMED --add-opens=java.base/java.lang=ALL-UNNAMED --add-opens=java.base/java.lang.invoke=ALL-UNNAMED --add-opens=java.prefs/java.util.prefs=ALL-UNNAMED --add-opens=java.base/java.nio.charset=ALL-UNNAMED --add-opens=java.base/java.net=ALL-UNNAMED --add-opens=java.base/java.util.concurrent.atomic=ALL-UNNAMED -Xmx256m -Dfile.encoding=UTF-8 -Duser.country=IN -Duser.language=en -Duser.variant -javaagent:C:\Users\rajku\.gradle\wrapper\dists\gradle-8.5-bin\5t9huq95ubn472n8rpzujfbqh\gradle-8.5\lib\agents\gradle-instrumentation-agent-8.5.jar org.gradle.launcher.daemon.bootstrap.GradleDaemon 8.5

Host: 13th Gen Intel(R) Core(TM) i3-1315U, 8 cores, 7G,  Windows 11 , 64 bit Build 26100 (10.0.26100.9168)
Time: Wed Aug 26 23:01:06 2026 India Standard Time elapsed time: 20.644700 seconds (0d 0h 0m 20s)

---------------  T H R E A D  ---------------

Current thread (0x000001ccff97b140):  VMThread "VM Thread"          [id=12092, stack(0x0000007505800000,0x0000007505900000) (1024K)]

Stack: [0x0000007505800000,0x0000007505900000]
Native frames: (J=compiled Java code, j=interpreted, Vv=VM code, C=native code)
V  [jvm.dll+0x6d6c99]
V  [jvm.dll+0x866b83]
V  [jvm.dll+0x8691ae]
V  [jvm.dll+0x869893]
V  [jvm.dll+0x280776]
V  [jvm.dll+0x6d3555]
V  [jvm.dll+0x6c6bea]
V  [jvm.dll+0x3587fb]
V  [jvm.dll+0x360476]
V  [jvm.dll+0x3b2646]
V  [jvm.dll+0x3b2918]
V  [jvm.dll+0x32af0c]
V  [jvm.dll+0x32d916]
V  [jvm.dll+0x3377ed]
V  [jvm.dll+0x36ef55]
V  [jvm.dll+0x86f618]
V  [jvm.dll+0x870994]
V  [jvm.dll+0x870ed0]
V  [jvm.dll+0x871163]
V  [jvm.dll+0x80f118]
V  [jvm.dll+0x6d54ed]
C  [ucrtbase.dll+0x2cd30]
C  [KERNEL32.DLL+0x2ccb7]
C  [ntdll.dll+0xaad6c]

VM_Operation (0x00000075053ffa60): G1PauseRemark, mode: safepoint, requested by thread 0x000001ccfe6cd470


---------------  P R O C E S S  ---------------

Threads class SMR info:
_java_thread_list=0x000001cc9d4a9600, length=60, elements={
0x000001ccfc28a500, 0x000001ccff99d3f0, 0x000001cc940e06f0, 0x000001cc940f73d0,
0x000001cc94108e20, 0x000001cc94109880, 0x000001cc9410a560, 0x000001cc94112fd0,
0x000001cc94113d60, 0x000001cc94114800, 0x000001cc944b9c90, 0x000001cc9a55b740,
0x000001cc9a126600, 0x000001cc9a621030, 0x000001cc99b8d000, 0x000001cc99c47520,
0x000001cc9a2d70b0, 0x000001cc9a2d7740, 0x000001cc9a2d9810, 0x000001cc9a2d9ea0,
0x000001cc9a2d7dd0, 0x000001cc9a2da530, 0x000001cc9a2d8460, 0x000001cc9b4a3ca0,
0x000001cc9b4a4330, 0x000001cc9b4a49c0, 0x000001cc9b4a5050, 0x000001cc9b4a56e0,
0x000001cc9b4a5d70, 0x000001cc9b4a6a90, 0x000001cc9b4a3610, 0x000001cc9b4a91f0,
0x000001cc9b4a7120, 0x000001cc9b4aac30, 0x000001cc9b4a9880, 0x000001cc9c1b4860,
0x000001cc9c1b5c10, 0x000001cc9c1b62a0, 0x000001cc9c1b8370, 0x000001cc9c1b4ef0,
0x000001cc9c1b9090, 0x000001cc9c1b9db0, 0x000001cc9c1b8a00, 0x000001cc9c1b9720,
0x000001cc9c1b7ce0, 0x000001cc9c1ba440, 0x000001cc9c1b7650, 0x000001cc9c1b6fc0,
0x000001cc9c1baad0, 0x000001cc99620fa0, 0x000001cc996264f0, 0x000001cc996257d0,
0x000001cc9c1b41d0, 0x000001cc9a2d9180, 0x000001cc946484a0, 0x000001cc94649ee0,
0x000001cc9464ac00, 0x000001cc94648b30, 0x000001cc9464a570, 0x000001cc9464bfb0
}

Java Threads: ( => current thread )
  0x000001ccfc28a500 JavaThread "main"                              [_thread_blocked, id=14512, stack(0x0000007505100000,0x0000007505200000) (1024K)]
  0x000001ccff99d3f0 JavaThread "Common-Cleaner"             daemon [_thread_blocked, id=19588, stack(0x0000007505900000,0x0000007505a00000) (1024K)]
  0x000001cc940e06f0 JavaThread "Reference Handler"          daemon [_thread_blocked, id=2776, stack(0x0000007505a00000,0x0000007505b00000) (1024K)]
  0x000001cc940f73d0 JavaThread "Finalizer"                  daemon [_thread_blocked, id=26184, stack(0x0000007505b00000,0x0000007505c00000) (1024K)]
  0x000001cc94108e20 JavaThread "Signal Dispatcher"          daemon [_thread_blocked, id=29260, stack(0x0000007505c00000,0x0000007505d00000) (1024K)]
  0x000001cc94109880 JavaThread "Attach Listener"            daemon [_thread_blocked, id=33880, stack(0x0000007505d00000,0x0000007505e00000) (1024K)]
  0x000001cc9410a560 JavaThread "Service Thread"             daemon [_thread_blocked, id=4784, stack(0x0000007505e00000,0x0000007505f00000) (1024K)]
  0x000001cc94112fd0 JavaThread "Monitor Deflation Thread"   daemon [_thread_blocked, id=25720, stack(0x0000007505f00000,0x0000007506000000) (1024K)]
  0x000001cc94113d60 JavaThread "C2 CompilerThread0"         daemon [_thread_blocked, id=24992, stack(0x0000007506000000,0x0000007506100000) (1024K)]
  0x000001cc94114800 JavaThread "C1 CompilerThread0"         daemon [_thread_blocked, id=15348, stack(0x0000007506100000,0x0000007506200000) (1024K)]
  0x000001cc944b9c90 JavaThread "Notification Thread"        daemon [_thread_blocked, id=26744, stack(0x0000007506200000,0x0000007506300000) (1024K)]
  0x000001cc9a55b740 JavaThread "Daemon health stats"               [_thread_blocked, id=20516, stack(0x0000007506700000,0x0000007506800000) (1024K)]
  0x000001cc9a126600 JavaThread "Incoming local TCP Connector on port 59186"        [_thread_in_native, id=16148, stack(0x0000007506800000,0x0000007506900000) (1024K)]
  0x000001cc9a621030 JavaThread "Daemon periodic checks"            [_thread_blocked, id=13128, stack(0x0000007506900000,0x0000007506a00000) (1024K)]
  0x000001cc99b8d000 JavaThread "Daemon"                            [_thread_blocked, id=18364, stack(0x0000007506a00000,0x0000007506b00000) (1024K)]
  0x000001cc99c47520 JavaThread "Handler for socket connection from /127.0.0.1:59186 to /127.0.0.1:59187"        [_thread_in_native, id=30584, stack(0x0000007506b00000,0x0000007506c00000) (1024K)]
  0x000001cc9a2d70b0 JavaThread "Cancel handler"                    [_thread_blocked, id=36336, stack(0x0000007506c00000,0x0000007506d00000) (1024K)]
  0x000001cc9a2d7740 JavaThread "Daemon worker"                     [_thread_blocked, id=35100, stack(0x0000007506d00000,0x0000007506e00000) (1024K)]
  0x000001cc9a2d9810 JavaThread "Asynchronous log dispatcher for DefaultDaemonConnection: socket connection from /127.0.0.1:59186 to /127.0.0.1:59187"        [_thread_blocked, id=25636, stack(0x0000007506e00000,0x0000007506f00000) (1024K)]
  0x000001cc9a2d9ea0 JavaThread "Stdin handler"                     [_thread_blocked, id=31164, stack(0x0000007506f00000,0x0000007507000000) (1024K)]
  0x000001cc9a2d7dd0 JavaThread "Daemon client event forwarder"        [_thread_blocked, id=36812, stack(0x0000007507000000,0x0000007507100000) (1024K)]
  0x000001cc9a2da530 JavaThread "Cache worker for journal cache (C:\Users\rajku\.gradle\caches\journal-1)"        [_thread_blocked, id=11204, stack(0x0000007507500000,0x0000007507600000) (1024K)]
  0x000001cc9a2d8460 JavaThread "File lock request listener"        [_thread_in_native, id=33008, stack(0x0000007507600000,0x0000007507700000) (1024K)]
  0x000001cc9b4a3ca0 JavaThread "Cache worker for file hash cache (C:\Users\rajku\.gradle\caches\8.5\fileHashes)"        [_thread_blocked, id=25812, stack(0x0000007507800000,0x0000007507900000) (1024K)]
  0x000001cc9b4a4330 JavaThread "File watcher server"        daemon [_thread_blocked, id=9076, stack(0x0000007507900000,0x0000007507a00000) (1024K)]
  0x000001cc9b4a49c0 JavaThread "File watcher consumer"      daemon [_thread_blocked, id=33700, stack(0x0000007507a00000,0x0000007507b00000) (1024K)]
  0x000001cc9b4a5050 JavaThread "Cache worker for checksums cache (D:\itantra\mobile_app_apk\android\.gradle\8.5\checksums)"        [_thread_blocked, id=33196, stack(0x0000007507b00000,0x0000007507c00000) (1024K)]
  0x000001cc9b4a56e0 JavaThread "Cache worker for file hash cache (D:\itantra\mobile_app_apk\android\.gradle\8.5\fileHashes)"        [_thread_blocked, id=7020, stack(0x0000007507c00000,0x0000007507d00000) (1024K)]
  0x000001cc9b4a5d70 JavaThread "Cache worker for cache directory md-supplier (C:\Users\rajku\.gradle\caches\8.5\md-supplier)"        [_thread_blocked, id=9116, stack(0x0000007507d00000,0x0000007507e00000) (1024K)]
  0x000001cc9b4a6a90 JavaThread "Cache worker for cache directory md-rule (C:\Users\rajku\.gradle\caches\8.5\md-rule)"        [_thread_blocked, id=37664, stack(0x0000007507e00000,0x0000007507f00000) (1024K)]
  0x000001cc9b4a3610 JavaThread "Cache worker for file content cache (C:\Users\rajku\.gradle\caches\8.5\fileContent)"        [_thread_blocked, id=31208, stack(0x0000007507f00000,0x0000007508000000) (1024K)]
  0x000001cc9b4a91f0 JavaThread "Cache worker for execution history cache (C:\Users\rajku\.gradle\caches\8.5\executionHistory)"        [_thread_blocked, id=5400, stack(0x0000007508000000,0x0000007508100000) (1024K)]
  0x000001cc9b4a7120 JavaThread "jar transforms"                    [_thread_blocked, id=37552, stack(0x0000007508100000,0x0000007508200000) (1024K)]
  0x000001cc9b4aac30 JavaThread "jar transforms Thread 2"           [_thread_blocked, id=36356, stack(0x0000007508200000,0x0000007508300000) (1024K)]
  0x000001cc9b4a9880 JavaThread "Cache worker for dependencies-accessors (D:\itantra\mobile_app_apk\android\.gradle\8.5\dependencies-accessors)"        [_thread_blocked, id=28128, stack(0x0000007508300000,0x0000007508400000) (1024K)]
  0x000001cc9c1b4860 JavaThread "jar transforms Thread 3"           [_thread_blocked, id=28880, stack(0x0000007508400000,0x0000007508500000) (1024K)]
  0x000001cc9c1b5c10 JavaThread "Cache worker for Build Output Cleanup Cache (D:\itantra\mobile_app_apk\android\.gradle\buildOutputCleanup)"        [_thread_blocked, id=28360, stack(0x0000007508500000,0x0000007508600000) (1024K)]
  0x000001cc9c1b62a0 JavaThread "Unconstrained build operations"        [_thread_blocked, id=19084, stack(0x0000007507700000,0x0000007507800000) (1024K)]
  0x000001cc9c1b8370 JavaThread "Unconstrained build operations Thread 2"        [_thread_blocked, id=18308, stack(0x0000007508600000,0x0000007508700000) (1024K)]
  0x000001cc9c1b4ef0 JavaThread "Unconstrained build operations Thread 3"        [_thread_blocked, id=31780, stack(0x0000007508700000,0x0000007508800000) (1024K)]
  0x000001cc9c1b9090 JavaThread "Unconstrained build operations Thread 4"        [_thread_blocked, id=17192, stack(0x0000007508800000,0x0000007508900000) (1024K)]
  0x000001cc9c1b9db0 JavaThread "Unconstrained build operations Thread 5"        [_thread_blocked, id=11996, stack(0x0000007508900000,0x0000007508a00000) (1024K)]
  0x000001cc9c1b8a00 JavaThread "Unconstrained build operations Thread 6"        [_thread_blocked, id=18392, stack(0x0000007508a00000,0x0000007508b00000) (1024K)]
  0x000001cc9c1b9720 JavaThread "Unconstrained build operations Thread 7"        [_thread_blocked, id=24332, stack(0x0000007508b00000,0x0000007508c00000) (1024K)]
  0x000001cc9c1b7ce0 JavaThread "jar transforms Thread 4"           [_thread_blocked, id=15260, stack(0x0000007508c00000,0x0000007508d00000) (1024K)]
  0x000001cc9c1ba440 JavaThread "jar transforms Thread 5"           [_thread_blocked, id=18092, stack(0x0000007508d00000,0x0000007508e00000) (1024K)]
  0x000001cc9c1b7650 JavaThread "jar transforms Thread 6"           [_thread_blocked, id=30176, stack(0x0000007508e00000,0x0000007508f00000) (1024K)]
  0x000001cc9c1b6fc0 JavaThread "jar transforms Thread 7"           [_thread_blocked, id=6740, stack(0x0000007508f00000,0x0000007509000000) (1024K)]
  0x000001cc9c1baad0 JavaThread "jar transforms Thread 8"           [_thread_blocked, id=616, stack(0x0000007509000000,0x0000007509100000) (1024K)]
  0x000001cc99620fa0 JavaThread "Memory manager"                    [_thread_blocked, id=23492, stack(0x0000007509100000,0x0000007509200000) (1024K)]
  0x000001cc996264f0 JavaThread "build event listener"              [_thread_blocked, id=12324, stack(0x0000007509200000,0x0000007509300000) (1024K)]
  0x000001cc996257d0 JavaThread "included builds"                   [_thread_blocked, id=29984, stack(0x0000007509300000,0x0000007509400000) (1024K)]
  0x000001cc9c1b41d0 JavaThread "Execution worker"                  [_thread_blocked, id=27508, stack(0x0000007509400000,0x0000007509500000) (1024K)]
  0x000001cc9a2d9180 JavaThread "Execution worker Thread 2"         [_thread_blocked, id=25768, stack(0x0000007509500000,0x0000007509600000) (1024K)]
  0x000001cc946484a0 JavaThread "Execution worker Thread 3"         [_thread_blocked, id=29444, stack(0x0000007509600000,0x0000007509700000) (1024K)]
  0x000001cc94649ee0 JavaThread "Execution worker Thread 4"         [_thread_blocked, id=28164, stack(0x0000007509700000,0x0000007509800000) (1024K)]
  0x000001cc9464ac00 JavaThread "Execution worker Thread 5"         [_thread_blocked, id=28920, stack(0x0000007509800000,0x0000007509900000) (1024K)]
  0x000001cc94648b30 JavaThread "Execution worker Thread 6"         [_thread_blocked, id=37304, stack(0x0000007509900000,0x0000007509a00000) (1024K)]
  0x000001cc9464a570 JavaThread "Execution worker Thread 7"         [_thread_blocked, id=15760, stack(0x0000007509a00000,0x0000007509b00000) (1024K)]
  0x000001cc9464bfb0 JavaThread "Cache worker for execution history cache (D:\itantra\mobile_app_apk\android\.gradle\8.5\executionHistory)"        [_thread_blocked, id=30652, stack(0x0000007509b00000,0x0000007509c00000) (1024K)]
Total: 60

Other Threads:
=>0x000001ccff97b140 VMThread "VM Thread"                           [id=12092, stack(0x0000007505800000,0x0000007505900000) (1024K)]
  0x000001ccff8e4790 WatcherThread "VM Periodic Task Thread"        [id=22420, stack(0x0000007505700000,0x0000007505800000) (1024K)]
  0x000001ccfe6c9d70 WorkerThread "GC Thread#0"                     [id=24824, stack(0x0000007505200000,0x0000007505300000) (1024K)]
  0x000001cc945d39f0 WorkerThread "GC Thread#1"                     [id=35084, stack(0x0000007506300000,0x0000007506400000) (1024K)]
  0x000001cc94afa1b0 WorkerThread "GC Thread#2"                     [id=24740, stack(0x0000007506400000,0x0000007506500000) (1024K)]
  0x000001cc94acce00 WorkerThread "GC Thread#3"                     [id=8976, stack(0x0000007506500000,0x0000007506600000) (1024K)]
  0x000001cc99227200 WorkerThread "GC Thread#4"                     [id=12820, stack(0x0000007506600000,0x0000007506700000) (1024K)]
  0x000001cc99d913e0 WorkerThread "GC Thread#5"                     [id=2724, stack(0x0000007507100000,0x0000007507200000) (1024K)]
  0x000001cc99d9bff0 WorkerThread "GC Thread#6"                     [id=15180, stack(0x0000007507200000,0x0000007507300000) (1024K)]
  0x000001cc99d9c390 WorkerThread "GC Thread#7"                     [id=18112, stack(0x0000007507300000,0x0000007507400000) (1024K)]
  0x000001ccfe6cd470 ConcurrentGCThread "G1 Main Marker"            [id=30512, stack(0x0000007505300000,0x0000007505400000) (1024K)]
  0x000001ccfe6cecc0 WorkerThread "G1 Conc#0"                       [id=29568, stack(0x0000007505400000,0x0000007505500000) (1024K)]
  0x000001cc9a596a50 WorkerThread "G1 Conc#1"                       [id=22756, stack(0x0000007507400000,0x0000007507500000) (1024K)]
  0x000001ccff7b30b0 ConcurrentGCThread "G1 Refine#0"               [id=28912, stack(0x0000007505500000,0x0000007505600000) (1024K)]
  0x000001ccff7b3b30 ConcurrentGCThread "G1 Service"                [id=36692, stack(0x0000007505600000,0x0000007505700000) (1024K)]
Total: 15

Threads with active compile tasks:
C2 CompilerThread0  20827 10456       4       java.util.AbstractCollection::toArray (144 bytes)
Total: 1

VM state: at safepoint (normal execution)

VM Mutex/Monitor currently owned by a thread:  ([mutex/lock_event])
[0x00007ffb92558690] Threads_lock - owner thread: 0x000001ccff97b140
[0x00007ffb92558790] Heap_lock - owner thread: 0x000001ccfe6cd470

Heap address: 0x00000000f0000000, size: 256 MB, Compressed Oops mode: 32-bit

CDS archive(s) not mapped
Compressed class space mapped at: 0x0000000100000000-0x0000000140000000, reserved size: 1073741824
Narrow klass base: 0x0000000000000000, Narrow klass shift: 3, Narrow klass range: 0x140000000

GC Precious Log:
 CardTable entry size: 512
 Card Set container configuration: InlinePtr #cards 5 size 8 Array Of Cards #cards 12 size 40 Howl #buckets 4 coarsen threshold 1843 Howl Bitmap #cards 512 size 80 coarsen threshold 460 Card regions per heap region 1 cards per card region 2048
 CPUs: 8 total, 8 available
 Memory: 7835M
 Large Page Support: Disabled
 NUMA Support: Disabled
 Compressed Oops: Enabled (32-bit)
 Heap Region Size: 1M
 Heap Min Capacity: 8M
 Heap Initial Capacity: 124M
 Heap Max Capacity: 256M
 Pre-touch: Disabled
 Parallel Workers: 8
 Concurrent Workers: 2
 Concurrent Refinement Workers: 8
 Periodic GC: Disabled

Heap:
 garbage-first heap   total 155648K, used 102400K [0x00000000f0000000, 0x0000000100000000)
  region size 1024K, 9 young (9216K), 7 survivors (7168K)
 Metaspace       used 103152K, committed 104960K, reserved 1179648K
  class space    used 14595K, committed 15488K, reserved 1048576K

Heap Regions: E=young(eden), S=young(survivor), O=old, HS=humongous(starts), HC=humongous(continues), CS=collection set, F=free, TAMS=top-at-mark-start, PB=parsable bottom
|   0|0x00000000f0000000, 0x00000000f0100000, 0x00000000f0100000|100%| O|  |TAMS 0x00000000f0100000| PB 0x00000000f0100000| Untracked 
|   1|0x00000000f0100000, 0x00000000f0200000, 0x00000000f0200000|100%| O|  |TAMS 0x00000000f0200000| PB 0x00000000f0200000| Untracked 
|   2|0x00000000f0200000, 0x00000000f0300000, 0x00000000f0300000|100%|HS|  |TAMS 0x00000000f0300000| PB 0x00000000f0200000| Complete 
|   3|0x00000000f0300000, 0x00000000f0400000, 0x00000000f0400000|100%|HC|  |TAMS 0x00000000f0400000| PB 0x00000000f0300000| Complete 
|   4|0x00000000f0400000, 0x00000000f0500000, 0x00000000f0500000|100%|HC|  |TAMS 0x00000000f0500000| PB 0x00000000f0400000| Complete 
|   5|0x00000000f0500000, 0x00000000f0600000, 0x00000000f0600000|100%|HC|  |TAMS 0x00000000f0600000| PB 0x00000000f0500000| Complete 
|   6|0x00000000f0600000, 0x00000000f0700000, 0x00000000f0700000|100%| O|  |TAMS 0x00000000f0700000| PB 0x00000000f0700000| Untracked 
|   7|0x00000000f0700000, 0x00000000f0800000, 0x00000000f0800000|100%| O|  |TAMS 0x00000000f0800000| PB 0x00000000f0800000| Untracked 
|   8|0x00000000f0800000, 0x00000000f0900000, 0x00000000f0900000|100%| O|  |TAMS 0x00000000f0900000| PB 0x00000000f0900000| Updating 
|   9|0x00000000f0900000, 0x00000000f0a00000, 0x00000000f0a00000|100%| O|  |TAMS 0x00000000f0a00000| PB 0x00000000f0a00000| Untracked 
|  10|0x00000000f0a00000, 0x00000000f0b00000, 0x00000000f0b00000|100%| O|  |TAMS 0x00000000f0b00000| PB 0x00000000f0b00000| Untracked 
|  11|0x00000000f0b00000, 0x00000000f0c00000, 0x00000000f0c00000|100%| O|  |TAMS 0x00000000f0c00000| PB 0x00000000f0c00000| Untracked 
|  12|0x00000000f0c00000, 0x00000000f0d00000, 0x00000000f0d00000|100%| O|  |TAMS 0x00000000f0d00000| PB 0x00000000f0d00000| Untracked 
|  13|0x00000000f0d00000, 0x00000000f0e00000, 0x00000000f0e00000|100%| O|  |TAMS 0x00000000f0e00000| PB 0x00000000f0e00000| Untracked 
|  14|0x00000000f0e00000, 0x00000000f0f00000, 0x00000000f0f00000|100%|HS|  |TAMS 0x00000000f0f00000| PB 0x00000000f0e00000| Complete 
|  15|0x00000000f0f00000, 0x00000000f1000000, 0x00000000f1000000|100%| O|  |TAMS 0x00000000f1000000| PB 0x00000000f1000000| Untracked 
|  16|0x00000000f1000000, 0x00000000f1100000, 0x00000000f1100000|100%| O|  |TAMS 0x00000000f1100000| PB 0x00000000f1100000| Untracked 
|  17|0x00000000f1100000, 0x00000000f1200000, 0x00000000f1200000|100%| O|  |TAMS 0x00000000f1200000| PB 0x00000000f1200000| Updating 
|  18|0x00000000f1200000, 0x00000000f1300000, 0x00000000f1300000|100%|HS|  |TAMS 0x00000000f1300000| PB 0x00000000f1200000| Complete 
|  19|0x00000000f1300000, 0x00000000f1400000, 0x00000000f1400000|100%| O|  |TAMS 0x00000000f1400000| PB 0x00000000f1400000| Updating 
|  20|0x00000000f1400000, 0x00000000f1500000, 0x00000000f1500000|100%| O|  |TAMS 0x00000000f1500000| PB 0x00000000f1500000| Untracked 
|  21|0x00000000f1500000, 0x00000000f1600000, 0x00000000f1600000|100%| O|  |TAMS 0x00000000f1600000| PB 0x00000000f1600000| Untracked 
|  22|0x00000000f1600000, 0x00000000f1700000, 0x00000000f1700000|100%| O|  |TAMS 0x00000000f1700000| PB 0x00000000f1700000| Untracked 
|  23|0x00000000f1700000, 0x00000000f1800000, 0x00000000f1800000|100%|HS|  |TAMS 0x00000000f1800000| PB 0x00000000f1700000| Complete 
|  24|0x00000000f1800000, 0x00000000f1900000, 0x00000000f1900000|100%|HC|  |TAMS 0x00000000f1900000| PB 0x00000000f1800000| Complete 
|  25|0x00000000f1900000, 0x00000000f1a00000, 0x00000000f1a00000|100%| O|  |TAMS 0x00000000f1a00000| PB 0x00000000f1a00000| Untracked 
|  26|0x00000000f1a00000, 0x00000000f1b00000, 0x00000000f1b00000|100%| O|  |TAMS 0x00000000f1b00000| PB 0x00000000f1b00000| Untracked 
|  27|0x00000000f1b00000, 0x00000000f1c00000, 0x00000000f1c00000|100%|HS|  |TAMS 0x00000000f1c00000| PB 0x00000000f1b00000| Complete 
|  28|0x00000000f1c00000, 0x00000000f1d00000, 0x00000000f1d00000|100%| O|  |TAMS 0x00000000f1d00000| PB 0x00000000f1d00000| Untracked 
|  29|0x00000000f1d00000, 0x00000000f1e00000, 0x00000000f1e00000|100%| O|  |TAMS 0x00000000f1e00000| PB 0x00000000f1e00000| Untracked 
|  30|0x00000000f1e00000, 0x00000000f1f00000, 0x00000000f1f00000|100%| O|  |TAMS 0x00000000f1f00000| PB 0x00000000f1f00000| Untracked 
|  31|0x00000000f1f00000, 0x00000000f2000000, 0x00000000f2000000|100%| O|  |TAMS 0x00000000f2000000| PB 0x00000000f2000000| Untracked 
|  32|0x00000000f2000000, 0x00000000f2100000, 0x00000000f2100000|100%| O|  |TAMS 0x00000000f2100000| PB 0x00000000f2100000| Untracked 
|  33|0x00000000f2100000, 0x00000000f2200000, 0x00000000f2200000|100%| O|  |TAMS 0x00000000f2200000| PB 0x00000000f2200000| Untracked 
|  34|0x00000000f2200000, 0x00000000f2300000, 0x00000000f2300000|100%|HS|  |TAMS 0x00000000f2300000| PB 0x00000000f2200000| Complete 
|  35|0x00000000f2300000, 0x00000000f2400000, 0x00000000f2400000|100%|HS|  |TAMS 0x00000000f2400000| PB 0x00000000f2300000| Complete 
|  36|0x00000000f2400000, 0x00000000f2500000, 0x00000000f2500000|100%|HC|  |TAMS 0x00000000f2500000| PB 0x00000000f2400000| Complete 
|  37|0x00000000f2500000, 0x00000000f2600000, 0x00000000f2600000|100%|HC|  |TAMS 0x00000000f2600000| PB 0x00000000f2500000| Complete 
|  38|0x00000000f2600000, 0x00000000f2700000, 0x00000000f2700000|100%|HC|  |TAMS 0x00000000f2700000| PB 0x00000000f2600000| Complete 
|  39|0x00000000f2700000, 0x00000000f2800000, 0x00000000f2800000|100%| O|  |TAMS 0x00000000f2800000| PB 0x00000000f2800000| Untracked 
|  40|0x00000000f2800000, 0x00000000f2900000, 0x00000000f2900000|100%| O|  |TAMS 0x00000000f2900000| PB 0x00000000f2900000| Untracked 
|  41|0x00000000f2900000, 0x00000000f2a00000, 0x00000000f2a00000|100%| O|  |TAMS 0x00000000f2a00000| PB 0x00000000f2a00000| Untracked 
|  42|0x00000000f2a00000, 0x00000000f2b00000, 0x00000000f2b00000|100%|HS|  |TAMS 0x00000000f2b00000| PB 0x00000000f2a00000| Complete 
|  43|0x00000000f2b00000, 0x00000000f2c00000, 0x00000000f2c00000|100%|HC|  |TAMS 0x00000000f2c00000| PB 0x00000000f2b00000| Complete 
|  44|0x00000000f2c00000, 0x00000000f2d00000, 0x00000000f2d00000|100%|HS|  |TAMS 0x00000000f2d00000| PB 0x00000000f2c00000| Complete 
|  45|0x00000000f2d00000, 0x00000000f2e00000, 0x00000000f2e00000|100%| O|  |TAMS 0x00000000f2e00000| PB 0x00000000f2e00000| Untracked 
|  46|0x00000000f2e00000, 0x00000000f2f00000, 0x00000000f2f00000|100%| O|  |TAMS 0x00000000f2f00000| PB 0x00000000f2f00000| Updating 
|  47|0x00000000f2f00000, 0x00000000f3000000, 0x00000000f3000000|100%| O|  |TAMS 0x00000000f3000000| PB 0x00000000f3000000| Updating 
|  48|0x00000000f3000000, 0x00000000f3100000, 0x00000000f3100000|100%|HS|  |TAMS 0x00000000f3100000| PB 0x00000000f3000000| Complete 
|  49|0x00000000f3100000, 0x00000000f3200000, 0x00000000f3200000|100%|HC|  |TAMS 0x00000000f3200000| PB 0x00000000f3100000| Complete 
|  50|0x00000000f3200000, 0x00000000f3300000, 0x00000000f3300000|100%|HC|  |TAMS 0x00000000f3300000| PB 0x00000000f3200000| Complete 
|  51|0x00000000f3300000, 0x00000000f3400000, 0x00000000f3400000|100%|HC|  |TAMS 0x00000000f3400000| PB 0x00000000f3300000| Complete 
|  52|0x00000000f3400000, 0x00000000f3500000, 0x00000000f3500000|100%| O|  |TAMS 0x00000000f3500000| PB 0x00000000f3500000| Untracked 
|  53|0x00000000f3500000, 0x00000000f3600000, 0x00000000f3600000|100%| O|  |TAMS 0x00000000f3600000| PB 0x00000000f3600000| Untracked 
|  54|0x00000000f3600000, 0x00000000f3700000, 0x00000000f3700000|100%| O|  |TAMS 0x00000000f3700000| PB 0x00000000f3700000| Updating 
|  55|0x00000000f3700000, 0x00000000f3800000, 0x00000000f3800000|100%| O|  |TAMS 0x00000000f3800000| PB 0x00000000f3800000| Untracked 
|  56|0x00000000f3800000, 0x00000000f3900000, 0x00000000f3900000|100%| O|  |TAMS 0x00000000f3900000| PB 0x00000000f3900000| Untracked 
|  57|0x00000000f3900000, 0x00000000f3a00000, 0x00000000f3a00000|100%| O|  |TAMS 0x00000000f3a00000| PB 0x00000000f3a00000| Updating 
|  58|0x00000000f3a00000, 0x00000000f3b00000, 0x00000000f3b00000|100%| O|  |TAMS 0x00000000f3b00000| PB 0x00000000f3b00000| Untracked 
|  59|0x00000000f3b00000, 0x00000000f3c00000, 0x00000000f3c00000|100%| O|  |TAMS 0x00000000f3c00000| PB 0x00000000f3c00000| Untracked 
|  60|0x00000000f3c00000, 0x00000000f3d00000, 0x00000000f3d00000|100%| O|  |TAMS 0x00000000f3d00000| PB 0x00000000f3d00000| Untracked 
|  61|0x00000000f3d00000, 0x00000000f3e00000, 0x00000000f3e00000|100%| O|  |TAMS 0x00000000f3e00000| PB 0x00000000f3e00000| Untracked 
|  62|0x00000000f3e00000, 0x00000000f3f00000, 0x00000000f3f00000|100%| O|  |TAMS 0x00000000f3f00000| PB 0x00000000f3f00000| Untracked 
|  63|0x00000000f3f00000, 0x00000000f4000000, 0x00000000f4000000|100%| O|  |TAMS 0x00000000f4000000| PB 0x00000000f4000000| Untracked 
|  64|0x00000000f4000000, 0x00000000f4100000, 0x00000000f4100000|100%| O|  |TAMS 0x00000000f4100000| PB 0x00000000f4100000| Untracked 
|  65|0x00000000f4100000, 0x00000000f4200000, 0x00000000f4200000|100%| O|  |TAMS 0x00000000f4200000| PB 0x00000000f4200000| Untracked 
|  66|0x00000000f4200000, 0x00000000f4300000, 0x00000000f4300000|100%| O|  |TAMS 0x00000000f4300000| PB 0x00000000f4300000| Untracked 
|  67|0x00000000f4300000, 0x00000000f4400000, 0x00000000f4400000|100%| O|  |TAMS 0x00000000f4300000| PB 0x00000000f4300000| Untracked 
|  68|0x00000000f4400000, 0x00000000f4500000, 0x00000000f4500000|100%| O|  |TAMS 0x00000000f4500000| PB 0x00000000f4500000| Updating 
|  69|0x00000000f4500000, 0x00000000f4600000, 0x00000000f4600000|100%| O|  |TAMS 0x00000000f4600000| PB 0x00000000f4600000| Updating 
|  70|0x00000000f4600000, 0x00000000f4700000, 0x00000000f4700000|100%| O|  |TAMS 0x00000000f4700000| PB 0x00000000f4700000| Untracked 
|  71|0x00000000f4700000, 0x00000000f4800000, 0x00000000f4800000|100%| O|  |TAMS 0x00000000f4800000| PB 0x00000000f4800000| Untracked 
|  72|0x00000000f4800000, 0x00000000f4900000, 0x00000000f4900000|100%| O|  |TAMS 0x00000000f4900000| PB 0x00000000f4900000| Untracked 
|  73|0x00000000f4900000, 0x00000000f4a00000, 0x00000000f4a00000|100%| O|  |TAMS 0x00000000f49c4ae0| PB 0x00000000f49c4ae0| Updating 
|  74|0x00000000f4a00000, 0x00000000f4a00000, 0x00000000f4b00000|  0%| F|  |TAMS 0x00000000f4a00000| PB 0x00000000f4a00000| Untracked 
|  75|0x00000000f4b00000, 0x00000000f4b00000, 0x00000000f4c00000|  0%| F|  |TAMS 0x00000000f4b00000| PB 0x00000000f4b00000| Untracked 
|  76|0x00000000f4c00000, 0x00000000f4c00000, 0x00000000f4d00000|  0%| F|  |TAMS 0x00000000f4c00000| PB 0x00000000f4c00000| Untracked 
|  77|0x00000000f4d00000, 0x00000000f4d00000, 0x00000000f4e00000|  0%| F|  |TAMS 0x00000000f4d00000| PB 0x00000000f4d00000| Untracked 
|  78|0x00000000f4e00000, 0x00000000f4e00000, 0x00000000f4f00000|  0%| F|  |TAMS 0x00000000f4e00000| PB 0x00000000f4e00000| Untracked 
|  79|0x00000000f4f00000, 0x00000000f5000000, 0x00000000f5000000|100%| O|  |TAMS 0x00000000f4f00000| PB 0x00000000f4f00000| Untracked 
|  80|0x00000000f5000000, 0x00000000f5100000, 0x00000000f5100000|100%| O|  |TAMS 0x00000000f5000000| PB 0x00000000f5000000| Untracked 
|  81|0x00000000f5100000, 0x00000000f5200000, 0x00000000f5200000|100%| S|CS|TAMS 0x00000000f5100000| PB 0x00000000f5100000| Complete 
|  82|0x00000000f5200000, 0x00000000f5300000, 0x00000000f5300000|100%| S|CS|TAMS 0x00000000f5200000| PB 0x00000000f5200000| Complete 
|  83|0x00000000f5300000, 0x00000000f5400000, 0x00000000f5400000|100%| S|CS|TAMS 0x00000000f5300000| PB 0x00000000f5300000| Complete 
|  84|0x00000000f5400000, 0x00000000f5500000, 0x00000000f5500000|100%| S|CS|TAMS 0x00000000f5400000| PB 0x00000000f5400000| Complete 
|  85|0x00000000f5500000, 0x00000000f5600000, 0x00000000f5600000|100%| S|CS|TAMS 0x00000000f5500000| PB 0x00000000f5500000| Complete 
|  86|0x00000000f5600000, 0x00000000f5700000, 0x00000000f5700000|100%| S|CS|TAMS 0x00000000f5600000| PB 0x00000000f5600000| Complete 
|  87|0x00000000f5700000, 0x00000000f5700000, 0x00000000f5800000|  0%| F|  |TAMS 0x00000000f5700000| PB 0x00000000f5700000| Untracked 
|  88|0x00000000f5800000, 0x00000000f5800000, 0x00000000f5900000|  0%| F|  |TAMS 0x00000000f5800000| PB 0x00000000f5800000| Untracked 
|  89|0x00000000f5900000, 0x00000000f5900000, 0x00000000f5a00000|  0%| F|  |TAMS 0x00000000f5900000| PB 0x00000000f5900000| Untracked 
|  90|0x00000000f5a00000, 0x00000000f5a00000, 0x00000000f5b00000|  0%| F|  |TAMS 0x00000000f5a00000| PB 0x00000000f5a00000| Untracked 
|  91|0x00000000f5b00000, 0x00000000f5b00000, 0x00000000f5c00000|  0%| F|  |TAMS 0x00000000f5b00000| PB 0x00000000f5b00000| Untracked 
|  92|0x00000000f5c00000, 0x00000000f5c00000, 0x00000000f5d00000|  0%| F|  |TAMS 0x00000000f5c00000| PB 0x00000000f5c00000| Untracked 
|  93|0x00000000f5d00000, 0x00000000f5d00000, 0x00000000f5e00000|  0%| F|  |TAMS 0x00000000f5d00000| PB 0x00000000f5d00000| Untracked 
|  94|0x00000000f5e00000, 0x00000000f5e00000, 0x00000000f5f00000|  0%| F|  |TAMS 0x00000000f5e00000| PB 0x00000000f5e00000| Untracked 
|  95|0x00000000f5f00000, 0x00000000f5f00000, 0x00000000f6000000|  0%| F|  |TAMS 0x00000000f5f00000| PB 0x00000000f5f00000| Untracked 
|  96|0x00000000f6000000, 0x00000000f6000000, 0x00000000f6100000|  0%| F|  |TAMS 0x00000000f6000000| PB 0x00000000f6000000| Untracked 
|  97|0x00000000f6100000, 0x00000000f6100000, 0x00000000f6200000|  0%| F|  |TAMS 0x00000000f6100000| PB 0x00000000f6100000| Untracked 
|  98|0x00000000f6200000, 0x00000000f6200000, 0x00000000f6300000|  0%| F|  |TAMS 0x00000000f6200000| PB 0x00000000f6200000| Untracked 
|  99|0x00000000f6300000, 0x00000000f6300000, 0x00000000f6400000|  0%| F|  |TAMS 0x00000000f6300000| PB 0x00000000f6300000| Untracked 
| 100|0x00000000f6400000, 0x00000000f6400000, 0x00000000f6500000|  0%| F|  |TAMS 0x00000000f6400000| PB 0x00000000f6400000| Untracked 
| 101|0x00000000f6500000, 0x00000000f6500000, 0x00000000f6600000|  0%| F|  |TAMS 0x00000000f6500000| PB 0x00000000f6500000| Untracked 
| 102|0x00000000f6600000, 0x00000000f6600000, 0x00000000f6700000|  0%| F|  |TAMS 0x00000000f6600000| PB 0x00000000f6600000| Untracked 
| 103|0x00000000f6700000, 0x00000000f6700000, 0x00000000f6800000|  0%| F|  |TAMS 0x00000000f6700000| PB 0x00000000f6700000| Untracked 
| 104|0x00000000f6800000, 0x00000000f6800000, 0x00000000f6900000|  0%| F|  |TAMS 0x00000000f6800000| PB 0x00000000f6800000| Untracked 
| 105|0x00000000f6900000, 0x00000000f6900000, 0x00000000f6a00000|  0%| F|  |TAMS 0x00000000f6900000| PB 0x00000000f6900000| Untracked 
| 106|0x00000000f6a00000, 0x00000000f6a00000, 0x00000000f6b00000|  0%| F|  |TAMS 0x00000000f6a00000| PB 0x00000000f6a00000| Untracked 
| 107|0x00000000f6b00000, 0x00000000f6b00000, 0x00000000f6c00000|  0%| F|  |TAMS 0x00000000f6b00000| PB 0x00000000f6b00000| Untracked 
| 108|0x00000000f6c00000, 0x00000000f6c00000, 0x00000000f6d00000|  0%| F|  |TAMS 0x00000000f6c00000| PB 0x00000000f6c00000| Untracked 
| 109|0x00000000f6d00000, 0x00000000f6d00000, 0x00000000f6e00000|  0%| F|  |TAMS 0x00000000f6d00000| PB 0x00000000f6d00000| Untracked 
| 110|0x00000000f6e00000, 0x00000000f6e00000, 0x00000000f6f00000|  0%| F|  |TAMS 0x00000000f6e00000| PB 0x00000000f6e00000| Untracked 
| 111|0x00000000f6f00000, 0x00000000f6f00000, 0x00000000f7000000|  0%| F|  |TAMS 0x00000000f6f00000| PB 0x00000000f6f00000| Untracked 
| 112|0x00000000f7000000, 0x00000000f7000000, 0x00000000f7100000|  0%| F|  |TAMS 0x00000000f7000000| PB 0x00000000f7000000| Untracked 
| 113|0x00000000f7100000, 0x00000000f7100000, 0x00000000f7200000|  0%| F|  |TAMS 0x00000000f7100000| PB 0x00000000f7100000| Untracked 
| 114|0x00000000f7200000, 0x00000000f7200000, 0x00000000f7300000|  0%| F|  |TAMS 0x00000000f7200000| PB 0x00000000f7200000| Untracked 
| 115|0x00000000f7300000, 0x00000000f7300000, 0x00000000f7400000|  0%| F|  |TAMS 0x00000000f7300000| PB 0x00000000f7300000| Untracked 
| 116|0x00000000f7400000, 0x00000000f7400000, 0x00000000f7500000|  0%| F|  |TAMS 0x00000000f7400000| PB 0x00000000f7400000| Untracked 
| 117|0x00000000f7500000, 0x00000000f7500000, 0x00000000f7600000|  0%| F|  |TAMS 0x00000000f7500000| PB 0x00000000f7500000| Untracked 
| 118|0x00000000f7600000, 0x00000000f7600000, 0x00000000f7700000|  0%| F|  |TAMS 0x00000000f7600000| PB 0x00000000f7600000| Untracked 
| 119|0x00000000f7700000, 0x00000000f7700000, 0x00000000f7800000|  0%| F|  |TAMS 0x00000000f7700000| PB 0x00000000f7700000| Untracked 
| 120|0x00000000f7800000, 0x00000000f7800000, 0x00000000f7900000|  0%| F|  |TAMS 0x00000000f7800000| PB 0x00000000f7800000| Untracked 
| 121|0x00000000f7900000, 0x00000000f7900000, 0x00000000f7a00000|  0%| F|  |TAMS 0x00000000f7900000| PB 0x00000000f7900000| Untracked 
| 122|0x00000000f7a00000, 0x00000000f7a00000, 0x00000000f7b00000|  0%| F|  |TAMS 0x00000000f7a00000| PB 0x00000000f7a00000| Untracked 
| 123|0x00000000f7b00000, 0x00000000f7b00000, 0x00000000f7c00000|  0%| F|  |TAMS 0x00000000f7b00000| PB 0x00000000f7b00000| Untracked 
| 124|0x00000000f7c00000, 0x00000000f7c00000, 0x00000000f7d00000|  0%| F|  |TAMS 0x00000000f7c00000| PB 0x00000000f7c00000| Untracked 
| 125|0x00000000f7d00000, 0x00000000f7d00000, 0x00000000f7e00000|  0%| F|  |TAMS 0x00000000f7d00000| PB 0x00000000f7d00000| Untracked 
| 126|0x00000000f7e00000, 0x00000000f7e00000, 0x00000000f7f00000|  0%| F|  |TAMS 0x00000000f7e00000| PB 0x00000000f7e00000| Untracked 
| 127|0x00000000f7f00000, 0x00000000f7f00000, 0x00000000f8000000|  0%| F|  |TAMS 0x00000000f7f00000| PB 0x00000000f7f00000| Untracked 
| 128|0x00000000f8000000, 0x00000000f8000000, 0x00000000f8100000|  0%| F|  |TAMS 0x00000000f8000000| PB 0x00000000f8000000| Untracked 
| 129|0x00000000f8100000, 0x00000000f8100000, 0x00000000f8200000|  0%| F|  |TAMS 0x00000000f8100000| PB 0x00000000f8100000| Untracked 
| 130|0x00000000f8200000, 0x00000000f8300000, 0x00000000f8300000|100%| S|CS|TAMS 0x00000000f8200000| PB 0x00000000f8200000| Complete 
| 235|0x00000000feb00000, 0x00000000feb00000, 0x00000000fec00000|  0%| F|  |TAMS 0x00000000feb00000| PB 0x00000000feb00000| Untracked 
| 236|0x00000000fec00000, 0x00000000fec00000, 0x00000000fed00000|  0%| F|  |TAMS 0x00000000fec00000| PB 0x00000000fec00000| Untracked 
| 237|0x00000000fed00000, 0x00000000fee00000, 0x00000000fee00000|100%| O|  |TAMS 0x00000000fee00000| PB 0x00000000fee00000| Untracked 
| 238|0x00000000fee00000, 0x00000000fef00000, 0x00000000fef00000|100%| O|  |TAMS 0x00000000fef00000| PB 0x00000000fef00000| Untracked 
| 239|0x00000000fef00000, 0x00000000ff000000, 0x00000000ff000000|100%| O|  |TAMS 0x00000000ff000000| PB 0x00000000ff000000| Untracked 
| 240|0x00000000ff000000, 0x00000000ff100000, 0x00000000ff100000|100%| O|  |TAMS 0x00000000ff100000| PB 0x00000000ff100000| Untracked 
| 241|0x00000000ff100000, 0x00000000ff200000, 0x00000000ff200000|100%| O|  |TAMS 0x00000000ff200000| PB 0x00000000ff200000| Untracked 
| 242|0x00000000ff200000, 0x00000000ff300000, 0x00000000ff300000|100%| O|  |TAMS 0x00000000ff300000| PB 0x00000000ff300000| Untracked 
| 243|0x00000000ff300000, 0x00000000ff400000, 0x00000000ff400000|100%| O|  |TAMS 0x00000000ff400000| PB 0x00000000ff400000| Untracked 
| 244|0x00000000ff400000, 0x00000000ff500000, 0x00000000ff500000|100%| O|  |TAMS 0x00000000ff500000| PB 0x00000000ff500000| Untracked 
| 245|0x00000000ff500000, 0x00000000ff600000, 0x00000000ff600000|100%| O|  |TAMS 0x00000000ff600000| PB 0x00000000ff600000| Untracked 
| 246|0x00000000ff600000, 0x00000000ff700000, 0x00000000ff700000|100%| O|  |TAMS 0x00000000ff700000| PB 0x00000000ff700000| Untracked 
| 247|0x00000000ff700000, 0x00000000ff800000, 0x00000000ff800000|100%| O|  |TAMS 0x00000000ff800000| PB 0x00000000ff800000| Updating 
| 248|0x00000000ff800000, 0x00000000ff800000, 0x00000000ff900000|  0%| F|  |TAMS 0x00000000ff800000| PB 0x00000000ff800000| Untracked 
| 249|0x00000000ff900000, 0x00000000ff998a70, 0x00000000ffa00000| 59%| E|  |TAMS 0x00000000ff900000| PB 0x00000000ff900000| Complete 
| 250|0x00000000ffa00000, 0x00000000ffb00000, 0x00000000ffb00000|100%| O|  |TAMS 0x00000000ffb00000| PB 0x00000000ffb00000| Updating 
| 251|0x00000000ffb00000, 0x00000000ffc00000, 0x00000000ffc00000|100%| O|  |TAMS 0x00000000ffc00000| PB 0x00000000ffc00000| Untracked 
| 252|0x00000000ffc00000, 0x00000000ffd00000, 0x00000000ffd00000|100%| O|  |TAMS 0x00000000ffd00000| PB 0x00000000ffd00000| Updating 
| 253|0x00000000ffd00000, 0x00000000ffe00000, 0x00000000ffe00000|100%| E|CS|TAMS 0x00000000ffd00000| PB 0x00000000ffd00000| Complete 
| 254|0x00000000ffe00000, 0x00000000fff00000, 0x00000000fff00000|100%| O|  |TAMS 0x00000000fff00000| PB 0x00000000fff00000| Untracked 
| 255|0x00000000fff00000, 0x0000000100000000, 0x0000000100000000|100%| O|  |TAMS 0x0000000100000000| PB 0x0000000100000000| Untracked 

Card table byte_map: [0x000001ccfea90000,0x000001ccfeb10000] _byte_map_base: 0x000001ccfe310000

Marking Bits: (CMBitMap*) 0x000001ccfe6cab90
 Bits: [0x000001ccfeb10000, 0x000001ccfef10000)

Polling page: 0x000001ccfc500000

Metaspace:

Usage:
  Non-class:     86.48 MB used.
      Class:     14.25 MB used.
       Both:    100.74 MB used.

Virtual space:
  Non-class space:      128.00 MB reserved,      87.38 MB ( 68%) committed,  2 nodes.
      Class space:        1.00 GB reserved,      15.12 MB (  1%) committed,  1 nodes.
             Both:        1.12 GB reserved,     102.50 MB (  9%) committed. 

Chunk freelists:
   Non-Class:  8.58 MB
       Class:  866.00 KB
        Both:  9.42 MB

MaxMetaspaceSize: unlimited
CompressedClassSpaceSize: 1.00 GB
Initial GC threshold: 21.00 MB
Current GC threshold: 151.81 MB
CDS: off
 - commit_granule_bytes: 65536.
 - commit_granule_words: 8192.
 - virtual_space_node_default_size: 8388608.
 - enlarge_chunks_in_place: 1.
 - use_allocation_guard: 0.


Internal statistics:

num_allocs_failed_limit: 6.
num_arena_births: 3566.
num_arena_deaths: 0.
num_vsnodes_births: 3.
num_vsnodes_deaths: 0.
num_space_committed: 1640.
num_space_uncommitted: 0.
num_chunks_returned_to_freelist: 6.
num_chunks_taken_from_freelist: 7709.
num_chunk_merges: 6.
num_chunk_splits: 5099.
num_chunks_enlarged: 3285.
num_inconsistent_stats: 0.

CodeHeap 'non-profiled nmethods': size=120000Kb used=5051Kb max_used=5091Kb free=114948Kb
 bounds [0x000001cc8ab70000, 0x000001cc8b070000, 0x000001cc920a0000]
CodeHeap 'profiled nmethods': size=120000Kb used=17284Kb max_used=17540Kb free=102716Kb
 bounds [0x000001cc830a0000, 0x000001cc841d0000, 0x000001cc8a5d0000]
CodeHeap 'non-nmethods': size=5760Kb used=2656Kb max_used=2700Kb free=3103Kb
 bounds [0x000001cc8a5d0000, 0x000001cc8a880000, 0x000001cc8ab70000]
CodeCache: size=245760Kb, used=24991Kb, max_used=25331Kb, free=220767Kb
 total_blobs=9906, nmethods=8968, adapters=839, full_count=0
Compilation: enabled, stopped_count=0, restarted_count=0

Compilation events (20 events):
Event: 18.597 Thread 0x000001cc94114800 10491       3       org.gradle.api.internal.attributes.DefaultAttributesSchema::compatibilityRules (39 bytes)
Event: 18.598 Thread 0x000001cc94114800 nmethod 10491 0x000001cc841bdf10 code [0x000001cc841be100, 0x000001cc841be718]
Event: 18.598 Thread 0x000001cc94114800 10492       3       org.gradle.api.internal.attributes.DefaultCompatibilityRuleChain::doesSomething (18 bytes)
Event: 18.598 Thread 0x000001cc94114800 nmethod 10492 0x000001cc841be910 code [0x000001cc841beac0, 0x000001cc841bece0]
Event: 18.598 Thread 0x000001cc94114800 10493       3       org.gradle.internal.component.model.DefaultAttributeMatcher::isMatching (147 bytes)
Event: 18.599 Thread 0x000001cc94114800 nmethod 10493 0x000001cc841bed90 code [0x000001cc841bf060, 0x000001cc841bfed8]
Event: 18.599 Thread 0x000001cc94114800 10495       3       org.gradle.api.internal.attributes.DefaultCompatibilityRuleChain::execute (50 bytes)
Event: 18.600 Thread 0x000001cc94114800 nmethod 10495 0x000001cc841c0390 code [0x000001cc841c05a0, 0x000001cc841c0c18]
Event: 18.600 Thread 0x000001cc94114800 10494       3       org.gradle.api.internal.attributes.DefaultCompatibilityRuleChain::execute (9 bytes)
Event: 18.600 Thread 0x000001cc94114800 nmethod 10494 0x000001cc841c0e10 code [0x000001cc841c0fc0, 0x000001cc841c1270]
Event: 18.600 Thread 0x000001cc94114800 10498       1       org.gradle.api.internal.artifacts.transform.ConsumerProvidedVariantFinder$CachingAttributeMatcher$CacheKey::access$500 (5 bytes)
Event: 18.600 Thread 0x000001cc94114800 nmethod 10498 0x000001cc8b064c90 code [0x000001cc8b064e20, 0x000001cc8b064ed0]
Event: 18.600 Thread 0x000001cc94114800 10499       1       org.gradle.api.internal.artifacts.transform.ConsumerProvidedVariantFinder$CachingAttributeMatcher$CacheKey::access$600 (5 bytes)
Event: 18.600 Thread 0x000001cc94114800 nmethod 10499 0x000001cc8b064f90 code [0x000001cc8b065120, 0x000001cc8b0651d0]
Event: 18.600 Thread 0x000001cc94114800 10496       1       org.gradle.api.internal.artifacts.transform.ConsumerProvidedVariantFinder$CachingAttributeMatcher$CacheKey::hashCode (5 bytes)
Event: 18.600 Thread 0x000001cc94114800 nmethod 10496 0x000001cc8b065290 code [0x000001cc8b065420, 0x000001cc8b0654e8]
Event: 18.600 Thread 0x000001cc94114800 10497       1       org.gradle.api.internal.artifacts.transform.DefaultTransformRegistrationFactory$DefaultTransformRegistration::getTo (5 bytes)
Event: 18.600 Thread 0x000001cc94114800 nmethod 10497 0x000001cc8b065590 code [0x000001cc8b065720, 0x000001cc8b0657e8]
Event: 18.603 Thread 0x000001cc94113d60 nmethod 10454 0x000001cc8b065890 code [0x000001cc8b065be0, 0x000001cc8b0679b8]
Event: 18.603 Thread 0x000001cc94113d60 10456       4       java.util.AbstractCollection::toArray (144 bytes)

GC Heap History (20 events):
Event: 11.871 GC heap before
{Heap before GC invocations=21 (full 0):
 garbage-first heap   total 117760K, used 105987K [0x00000000f0000000, 0x0000000100000000)
  region size 1024K, 36 young (36864K), 5 survivors (5120K)
 Metaspace       used 72970K, committed 74560K, reserved 1114112K
  class space    used 10020K, committed 10816K, reserved 1048576K
}
Event: 11.878 GC heap after
{Heap after GC invocations=22 (full 0):
 garbage-first heap   total 117760K, used 76014K [0x00000000f0000000, 0x0000000100000000)
  region size 1024K, 5 young (5120K), 5 survivors (5120K)
 Metaspace       used 72970K, committed 74560K, reserved 1114112K
  class space    used 10020K, committed 10816K, reserved 1048576K
}
Event: 12.483 GC heap before
{Heap before GC invocations=23 (full 0):
 garbage-first heap   total 128000K, used 110830K [0x00000000f0000000, 0x0000000100000000)
  region size 1024K, 35 young (35840K), 5 survivors (5120K)
 Metaspace       used 76858K, committed 78464K, reserved 1179648K
  class space    used 10584K, committed 11392K, reserved 1048576K
}
Event: 12.488 GC heap after
{Heap after GC invocations=24 (full 0):
 garbage-first heap   total 128000K, used 81542K [0x00000000f0000000, 0x0000000100000000)
  region size 1024K, 4 young (4096K), 4 survivors (4096K)
 Metaspace       used 76858K, committed 78464K, reserved 1179648K
  class space    used 10584K, committed 11392K, reserved 1048576K
}
Event: 12.999 GC heap before
{Heap before GC invocations=24 (full 0):
 garbage-first heap   total 128000K, used 116358K [0x00000000f0000000, 0x0000000100000000)
  region size 1024K, 38 young (38912K), 4 survivors (4096K)
 Metaspace       used 81205K, committed 82816K, reserved 1179648K
  class space    used 11173K, committed 11968K, reserved 1048576K
}
Event: 13.003 GC heap after
{Heap after GC invocations=25 (full 0):
 garbage-first heap   total 128000K, used 83118K [0x00000000f0000000, 0x0000000100000000)
  region size 1024K, 4 young (4096K), 4 survivors (4096K)
 Metaspace       used 81205K, committed 82816K, reserved 1179648K
  class space    used 11173K, committed 11968K, reserved 1048576K
}
Event: 13.495 GC heap before
{Heap before GC invocations=25 (full 0):
 garbage-first heap   total 128000K, used 117934K [0x00000000f0000000, 0x0000000100000000)
  region size 1024K, 38 young (38912K), 4 survivors (4096K)
 Metaspace       used 83041K, committed 84736K, reserved 1179648K
  class space    used 11433K, committed 12288K, reserved 1048576K
}
Event: 13.499 GC heap after
{Heap after GC invocations=26 (full 0):
 garbage-first heap   total 128000K, used 85252K [0x00000000f0000000, 0x0000000100000000)
  region size 1024K, 5 young (5120K), 5 survivors (5120K)
 Metaspace       used 83041K, committed 84736K, reserved 1179648K
  class space    used 11433K, committed 12288K, reserved 1048576K
}
Event: 13.731 GC heap before
{Heap before GC invocations=27 (full 0):
 garbage-first heap   total 145408K, used 118020K [0x00000000f0000000, 0x0000000100000000)
  region size 1024K, 37 young (37888K), 5 survivors (5120K)
 Metaspace       used 83844K, committed 85504K, reserved 1179648K
  class space    used 11537K, committed 12352K, reserved 1048576K
}
Event: 13.737 GC heap after
{Heap after GC invocations=28 (full 0):
 garbage-first heap   total 145408K, used 88075K [0x00000000f0000000, 0x0000000100000000)
  region size 1024K, 5 young (5120K), 5 survivors (5120K)
 Metaspace       used 83844K, committed 85504K, reserved 1179648K
  class space    used 11537K, committed 12352K, reserved 1048576K
}
Event: 14.351 GC heap before
{Heap before GC invocations=28 (full 0):
 garbage-first heap   total 145408K, used 135179K [0x00000000f0000000, 0x0000000100000000)
  region size 1024K, 50 young (51200K), 5 survivors (5120K)
 Metaspace       used 87552K, committed 89216K, reserved 1179648K
  class space    used 12158K, committed 12992K, reserved 1048576K
}
Event: 14.357 GC heap after
{Heap after GC invocations=29 (full 0):
 garbage-first heap   total 145408K, used 88938K [0x00000000f0000000, 0x0000000100000000)
  region size 1024K, 4 young (4096K), 4 survivors (4096K)
 Metaspace       used 87552K, committed 89216K, reserved 1179648K
  class space    used 12158K, committed 12992K, reserved 1048576K
}
Event: 15.216 GC heap before
{Heap before GC invocations=29 (full 0):
 garbage-first heap   total 145408K, used 136042K [0x00000000f0000000, 0x0000000100000000)
  region size 1024K, 50 young (51200K), 4 survivors (4096K)
 Metaspace       used 91310K, committed 93056K, reserved 1179648K
  class space    used 12780K, committed 13632K, reserved 1048576K
}
Event: 15.220 GC heap after
{Heap after GC invocations=30 (full 0):
 garbage-first heap   total 145408K, used 91511K [0x00000000f0000000, 0x0000000100000000)
  region size 1024K, 4 young (4096K), 4 survivors (4096K)
 Metaspace       used 91310K, committed 93056K, reserved 1179648K
  class space    used 12780K, committed 13632K, reserved 1048576K
}
Event: 15.841 GC heap before
{Heap before GC invocations=31 (full 0):
 garbage-first heap   total 153600K, used 136567K [0x00000000f0000000, 0x0000000100000000)
  region size 1024K, 48 young (49152K), 4 survivors (4096K)
 Metaspace       used 94629K, committed 96384K, reserved 1179648K
  class space    used 13279K, committed 14144K, reserved 1048576K
}
Event: 15.845 GC heap after
{Heap after GC invocations=32 (full 0):
 garbage-first heap   total 153600K, used 94295K [0x00000000f0000000, 0x0000000100000000)
  region size 1024K, 6 young (6144K), 6 survivors (6144K)
 Metaspace       used 94629K, committed 96384K, reserved 1179648K
  class space    used 13279K, committed 14144K, reserved 1048576K
}
Event: 16.565 GC heap before
{Heap before GC invocations=32 (full 0):
 garbage-first heap   total 153600K, used 143447K [0x00000000f0000000, 0x0000000100000000)
  region size 1024K, 54 young (55296K), 6 survivors (6144K)
 Metaspace       used 99750K, committed 101568K, reserved 1179648K
  class space    used 14014K, committed 14912K, reserved 1048576K
}
Event: 16.575 GC heap after
{Heap after GC invocations=33 (full 0):
 garbage-first heap   total 154624K, used 96570K [0x00000000f0000000, 0x0000000100000000)
  region size 1024K, 6 young (6144K), 6 survivors (6144K)
 Metaspace       used 99750K, committed 101568K, reserved 1179648K
  class space    used 14014K, committed 14912K, reserved 1048576K
}
Event: 18.514 GC heap before
{Heap before GC invocations=33 (full 0):
 garbage-first heap   total 154624K, used 143674K [0x00000000f0000000, 0x0000000100000000)
  region size 1024K, 53 young (54272K), 6 survivors (6144K)
 Metaspace       used 103061K, committed 104896K, reserved 1179648K
  class space    used 14581K, committed 15488K, reserved 1048576K
}
Event: 18.524 GC heap after
{Heap after GC invocations=34 (full 0):
 garbage-first heap   total 155648K, used 101376K [0x00000000f0000000, 0x0000000100000000)
  region size 1024K, 7 young (7168K), 7 survivors (7168K)
 Metaspace       used 103061K, committed 104896K, reserved 1179648K
  class space    used 14581K, committed 15488K, reserved 1048576K
}

Dll operation events (3 events):
Event: 0.015 Loaded shared library C:\Program Files\Android\Android Studio\jbr\bin\java.dll
Event: 0.019 Loaded shared library C:\Program Files\Android\Android Studio\jbr\bin\zip.dll
Event: 0.488 Loaded shared library C:\Program Files\Android\Android Studio\jbr\bin\verify.dll

Deoptimization events (20 events):
Event: 17.088 Thread 0x000001cc996257d0 Uncommon trap: trap_request=0xffffffde fr.pc=0x000001cc8b00eaec relative=0x000000000000022c
Event: 17.088 Thread 0x000001cc996257d0 Uncommon trap: reason=class_check action=maybe_recompile pc=0x000001cc8b00eaec method=com.google.common.collect.NaturalOrdering.compare(Ljava/lang/Object;Ljava/lang/Object;)I @ 2 c2
Event: 17.088 Thread 0x000001cc996257d0 DEOPT PACKING pc=0x000001cc8b00eaec sp=0x00000075093fcb10
Event: 17.088 Thread 0x000001cc996257d0 DEOPT UNPACKING pc=0x000001cc8a6243a2 sp=0x00000075093fca90 mode 2
Event: 17.088 Thread 0x000001cc996257d0 Uncommon trap: trap_request=0xffffffde fr.pc=0x000001cc8b00eaec relative=0x000000000000022c
Event: 17.088 Thread 0x000001cc996257d0 Uncommon trap: reason=class_check action=maybe_recompile pc=0x000001cc8b00eaec method=com.google.common.collect.NaturalOrdering.compare(Ljava/lang/Object;Ljava/lang/Object;)I @ 2 c2
Event: 17.088 Thread 0x000001cc996257d0 DEOPT PACKING pc=0x000001cc8b00eaec sp=0x00000075093fcca0
Event: 17.088 Thread 0x000001cc996257d0 DEOPT UNPACKING pc=0x000001cc8a6243a2 sp=0x00000075093fcc20 mode 2
Event: 17.089 Thread 0x000001cc996257d0 Uncommon trap: trap_request=0xffffffde fr.pc=0x000001cc8adb6190 relative=0x0000000000000070
Event: 17.089 Thread 0x000001cc996257d0 Uncommon trap: reason=class_check action=maybe_recompile pc=0x000001cc8adb6190 method=java.util.stream.StreamOpFlag.fromCharacteristics(Ljava/util/Spliterator;)I @ 14 c2
Event: 17.089 Thread 0x000001cc996257d0 DEOPT PACKING pc=0x000001cc8adb6190 sp=0x00000075093fd2c0
Event: 17.089 Thread 0x000001cc996257d0 DEOPT UNPACKING pc=0x000001cc8a6243a2 sp=0x00000075093fd258 mode 2
Event: 17.090 Thread 0x000001cc9464bfb0 Uncommon trap: trap_request=0xffffff45 fr.pc=0x000001cc8ad45f20 relative=0x0000000000000060
Event: 17.090 Thread 0x000001cc9464bfb0 Uncommon trap: reason=unstable_if action=reinterpret pc=0x000001cc8ad45f20 method=org.gradle.internal.io.StreamByteBuffer.prepareRead()I @ 20 c2
Event: 17.090 Thread 0x000001cc9464bfb0 DEOPT PACKING pc=0x000001cc8ad45f20 sp=0x0000007509bfe1e0
Event: 17.090 Thread 0x000001cc9464bfb0 DEOPT UNPACKING pc=0x000001cc8a6243a2 sp=0x0000007509bfe190 mode 2
Event: 17.097 Thread 0x000001cc996257d0 Uncommon trap: trap_request=0xffffff45 fr.pc=0x000001cc8aed79a8 relative=0x00000000000001e8
Event: 17.097 Thread 0x000001cc996257d0 Uncommon trap: reason=unstable_if action=reinterpret pc=0x000001cc8aed79a8 method=com.google.common.collect.RegularImmutableSet.contains(Ljava/lang/Object;)Z @ 11 c2
Event: 17.097 Thread 0x000001cc996257d0 DEOPT PACKING pc=0x000001cc8aed79a8 sp=0x00000075093fa1e0
Event: 17.097 Thread 0x000001cc996257d0 DEOPT UNPACKING pc=0x000001cc8a6243a2 sp=0x00000075093fa178 mode 2

Classes loaded (20 events):
Event: 16.502 Loading class sun/net/InetAddressCachePolicy
Event: 16.503 Loading class sun/net/InetAddressCachePolicy done
Event: 16.503 Loading class sun/net/InetAddressCachePolicy$1
Event: 16.504 Loading class sun/net/InetAddressCachePolicy$1 done
Event: 16.504 Loading class java/net/InetAddress$CachedLookup
Event: 16.504 Loading class java/net/InetAddress$CachedLookup done
Event: 16.504 Loading class java/net/InetAddress$CachedLocalHost
Event: 16.505 Loading class java/net/InetAddress$CachedLocalHost done
Event: 16.916 Loading class java/util/IdentityHashMap$KeyIterator
Event: 16.916 Loading class java/util/IdentityHashMap$IdentityHashMapIterator
Event: 16.916 Loading class java/util/IdentityHashMap$IdentityHashMapIterator done
Event: 16.916 Loading class java/util/IdentityHashMap$KeyIterator done
Event: 16.921 Loading class java/util/TreeMap$KeySpliterator
Event: 16.922 Loading class java/util/TreeMap$TreeMapSpliterator
Event: 16.922 Loading class java/util/TreeMap$TreeMapSpliterator done
Event: 16.922 Loading class java/util/TreeMap$KeySpliterator done
Event: 18.329 Loading class java/io/CharArrayWriter
Event: 18.329 Loading class java/io/CharArrayWriter done
Event: 18.331 Loading class java/io/SequenceInputStream
Event: 18.331 Loading class java/io/SequenceInputStream done

Classes unloaded (0 events):
No events

Classes redefined (0 events):
No events

Internal exceptions (20 events):
Event: 18.479 Thread 0x000001cc996257d0 Exception <a 'sun/nio/fs/WindowsException'{0x00000000f58e9928}> (0x00000000f58e9928) 
thrown [s\src\hotspot\share\prims\jni.cpp, line 537]
Event: 18.481 Thread 0x000001cc996257d0 Exception <a 'sun/nio/fs/WindowsException'{0x00000000f58f7718}> (0x00000000f58f7718) 
thrown [s\src\hotspot\share\prims\jni.cpp, line 537]
Event: 18.483 Thread 0x000001cc996257d0 Exception <a 'sun/nio/fs/WindowsException'{0x00000000f57140d0}> (0x00000000f57140d0) 
thrown [s\src\hotspot\share\prims\jni.cpp, line 537]
Event: 18.485 Thread 0x000001cc996257d0 Exception <a 'sun/nio/fs/WindowsException'{0x00000000f571fb18}> (0x00000000f571fb18) 
thrown [s\src\hotspot\share\prims\jni.cpp, line 537]
Event: 18.489 Thread 0x000001cc996257d0 Exception <a 'sun/nio/fs/WindowsException'{0x00000000f572bb60}> (0x00000000f572bb60) 
thrown [s\src\hotspot\share\prims\jni.cpp, line 537]
Event: 18.492 Thread 0x000001cc996257d0 Exception <a 'sun/nio/fs/WindowsException'{0x00000000f5746aa0}> (0x00000000f5746aa0) 
thrown [s\src\hotspot\share\prims\jni.cpp, line 537]
Event: 18.496 Thread 0x000001cc996257d0 Exception <a 'sun/nio/fs/WindowsException'{0x00000000f575deb8}> (0x00000000f575deb8) 
thrown [s\src\hotspot\share\prims\jni.cpp, line 537]
Event: 18.498 Thread 0x000001cc996257d0 Exception <a 'sun/nio/fs/WindowsException'{0x00000000f57758b8}> (0x00000000f57758b8) 
thrown [s\src\hotspot\share\prims\jni.cpp, line 537]
Event: 18.500 Thread 0x000001cc996257d0 Exception <a 'sun/nio/fs/WindowsException'{0x00000000f57956b8}> (0x00000000f57956b8) 
thrown [s\src\hotspot\share\prims\jni.cpp, line 537]
Event: 18.504 Thread 0x000001cc996257d0 Exception <a 'sun/nio/fs/WindowsException'{0x00000000f57a9708}> (0x00000000f57a9708) 
thrown [s\src\hotspot\share\prims\jni.cpp, line 537]
Event: 18.508 Thread 0x000001cc996257d0 Exception <a 'sun/nio/fs/WindowsException'{0x00000000f57ba010}> (0x00000000f57ba010) 
thrown [s\src\hotspot\share\prims\jni.cpp, line 537]
Event: 18.510 Thread 0x000001cc996257d0 Exception <a 'sun/nio/fs/WindowsException'{0x00000000f57c5838}> (0x00000000f57c5838) 
thrown [s\src\hotspot\share\prims\jni.cpp, line 537]
Event: 18.511 Thread 0x000001cc996257d0 Exception <a 'sun/nio/fs/WindowsException'{0x00000000f57d0948}> (0x00000000f57d0948) 
thrown [s\src\hotspot\share\prims\jni.cpp, line 537]
Event: 18.513 Thread 0x000001cc996257d0 Exception <a 'sun/nio/fs/WindowsException'{0x00000000f57f8ad0}> (0x00000000f57f8ad0) 
thrown [s\src\hotspot\share\prims\jni.cpp, line 537]
Event: 18.531 Thread 0x000001cc996257d0 Exception <a 'sun/nio/fs/WindowsException'{0x00000000ffd0a318}> (0x00000000ffd0a318) 
thrown [s\src\hotspot\share\prims\jni.cpp, line 537]
Event: 18.543 Thread 0x000001cc996257d0 Exception <a 'sun/nio/fs/WindowsException'{0x00000000ffd7c550}> (0x00000000ffd7c550) 
thrown [s\src\hotspot\share\prims\jni.cpp, line 537]
Event: 18.549 Thread 0x000001cc996257d0 Exception <a 'sun/nio/fs/WindowsException'{0x00000000ffd96410}> (0x00000000ffd96410) 
thrown [s\src\hotspot\share\prims\jni.cpp, line 537]
Event: 18.555 Thread 0x000001cc996257d0 Exception <a 'sun/nio/fs/WindowsException'{0x00000000ffda6f18}> (0x00000000ffda6f18) 
thrown [s\src\hotspot\share\prims\jni.cpp, line 537]
Event: 18.560 Thread 0x000001cc996257d0 Exception <a 'sun/nio/fs/WindowsException'{0x00000000ffdb9500}> (0x00000000ffdb9500) 
thrown [s\src\hotspot\share\prims\jni.cpp, line 537]
Event: 18.565 Thread 0x000001cc996257d0 Exception <a 'sun/nio/fs/WindowsException'{0x00000000ffdc86d8}> (0x00000000ffdc86d8) 
thrown [s\src\hotspot\share\prims\jni.cpp, line 537]

ZGC Phase Switch (0 events):
No events

VM Operations (20 events):
Event: 16.875 Executing VM operation: ICBufferFull done
Event: 16.978 Executing VM operation: HandshakeAllThreads (Deoptimize)
Event: 16.978 Executing VM operation: HandshakeAllThreads (Deoptimize) done
Event: 16.981 Executing VM operation: HandshakeAllThreads (Deoptimize)
Event: 16.981 Executing VM operation: HandshakeAllThreads (Deoptimize) done
Event: 17.001 Executing VM operation: HandshakeAllThreads (Deoptimize)
Event: 17.001 Executing VM operation: HandshakeAllThreads (Deoptimize) done
Event: 17.006 Executing VM operation: HandshakeAllThreads (Deoptimize)
Event: 17.006 Executing VM operation: HandshakeAllThreads (Deoptimize) done
Event: 17.026 Executing VM operation: HandshakeAllThreads (Deoptimize)
Event: 17.026 Executing VM operation: HandshakeAllThreads (Deoptimize) done
Event: 18.035 Executing VM operation: Cleanup
Event: 18.035 Executing VM operation: Cleanup done
Event: 18.161 Executing VM operation: HandshakeAllThreads (Deoptimize)
Event: 18.161 Executing VM operation: HandshakeAllThreads (Deoptimize) done
Event: 18.501 Executing VM operation: ICBufferFull
Event: 18.501 Executing VM operation: ICBufferFull done
Event: 18.514 Executing VM operation: G1CollectForAllocation (G1 Evacuation Pause)
Event: 18.524 Executing VM operation: G1CollectForAllocation (G1 Evacuation Pause) done
Event: 18.612 Executing VM operation: G1PauseRemark

Memory protections (0 events):
No events

Nmethod flushes (20 events):
Event: 18.616 Thread 0x000001ccff97b140 flushing  nmethod 0x000001cc83335210
Event: 18.616 Thread 0x000001ccff97b140 flushing  nmethod 0x000001cc834a0490
Event: 18.616 Thread 0x000001ccff97b140 flushing  nmethod 0x000001cc83535810
Event: 18.616 Thread 0x000001ccff97b140 flushing  nmethod 0x000001cc835b1e10
Event: 18.616 Thread 0x000001ccff97b140 flushing  nmethod 0x000001cc8393e110
Event: 18.616 Thread 0x000001ccff97b140 flushing  nmethod 0x000001cc839d7610
Event: 18.616 Thread 0x000001ccff97b140 flushing  nmethod 0x000001cc8ac64a90
Event: 18.616 Thread 0x000001ccff97b140 flushing  nmethod 0x000001cc8343a210
Event: 18.616 Thread 0x000001ccff97b140 flushing  nmethod 0x000001cc8343aa90
Event: 18.616 Thread 0x000001ccff97b140 flushing  nmethod 0x000001cc8343c110
Event: 18.616 Thread 0x000001ccff97b140 flushing  nmethod 0x000001cc835a1e10
Event: 18.616 Thread 0x000001ccff97b140 flushing  nmethod 0x000001cc836ccc90
Event: 18.616 Thread 0x000001ccff97b140 flushing  nmethod 0x000001cc83752590
Event: 18.616 Thread 0x000001ccff97b140 flushing  nmethod 0x000001cc83752c10
Event: 18.616 Thread 0x000001ccff97b140 flushing  nmethod 0x000001cc83853e90
Event: 18.616 Thread 0x000001ccff97b140 flushing  nmethod 0x000001cc83855a10
Event: 18.616 Thread 0x000001ccff97b140 flushing  nmethod 0x000001cc8395b110
Event: 18.616 Thread 0x000001ccff97b140 flushing  nmethod 0x000001cc83ac0190
Event: 18.616 Thread 0x000001ccff97b140 flushing  nmethod 0x000001cc83bb8d10
Event: 18.616 Thread 0x000001ccff97b140 flushing  nmethod 0x000001cc83c44710

Events (20 events):
Event: 8.267 Thread 0x000001cc9a2d7740 Thread added: 0x000001cc9c1b9090
Event: 8.268 Thread 0x000001cc9a2d7740 Thread added: 0x000001cc9c1b9db0
Event: 8.269 Thread 0x000001cc9a2d7740 Thread added: 0x000001cc9c1b8a00
Event: 8.270 Thread 0x000001cc9a2d7740 Thread added: 0x000001cc9c1b9720
Event: 8.824 Thread 0x000001cc9a2d7740 Thread added: 0x000001cc9c1b7ce0
Event: 8.824 Thread 0x000001cc9a2d7740 Thread added: 0x000001cc9c1ba440
Event: 8.824 Thread 0x000001cc9a2d7740 Thread added: 0x000001cc9c1b7650
Event: 8.824 Thread 0x000001cc9a2d7740 Thread added: 0x000001cc9c1b6fc0
Event: 8.825 Thread 0x000001cc9a2d7740 Thread added: 0x000001cc9c1baad0
Event: 10.887 Thread 0x000001cc9a2d7740 Thread added: 0x000001cc99620fa0
Event: 12.190 Thread 0x000001cc9a2d7740 Thread added: 0x000001cc996264f0
Event: 16.932 Thread 0x000001cc9a2d7740 Thread added: 0x000001cc996257d0
Event: 16.942 Thread 0x000001cc996257d0 Thread added: 0x000001cc9c1b41d0
Event: 16.942 Thread 0x000001cc996257d0 Thread added: 0x000001cc9a2d9180
Event: 16.942 Thread 0x000001cc996257d0 Thread added: 0x000001cc946484a0
Event: 16.942 Thread 0x000001cc996257d0 Thread added: 0x000001cc94649ee0
Event: 16.942 Thread 0x000001cc996257d0 Thread added: 0x000001cc9464ac00
Event: 16.943 Thread 0x000001cc996257d0 Thread added: 0x000001cc94648b30
Event: 16.943 Thread 0x000001cc996257d0 Thread added: 0x000001cc9464a570
Event: 16.959 Thread 0x000001cc9c1b41d0 Thread added: 0x000001cc9464bfb0


Dynamic libraries:
0x00007ff61e050000 - 0x00007ff61e05a000 	C:\Program Files\Android\Android Studio\jbr\bin\java.exe
0x00007ffc4a300000 - 0x00007ffc4a566000 	C:\windows\SYSTEM32\ntdll.dll
0x00007ffbdf4c0000 - 0x00007ffbdf4e1000 	C:\Program Files\Avast Software\Avast\aswhook.dll
0x00007ffc486e0000 - 0x00007ffc487a9000 	C:\windows\System32\KERNEL32.DLL
0x00007ffc47760000 - 0x00007ffc47b5f000 	C:\windows\System32\KERNELBASE.dll
0x00007ffc475d0000 - 0x00007ffc4771c000 	C:\windows\System32\ucrtbase.dll
0x00007ffc25090000 - 0x00007ffc250a8000 	C:\Program Files\Android\Android Studio\jbr\bin\jli.dll
0x00007ffc251e0000 - 0x00007ffc251fb000 	C:\Program Files\Android\Android Studio\jbr\bin\VCRUNTIME140.dll
0x00007ffc48060000 - 0x00007ffc48226000 	C:\windows\System32\USER32.dll
0x00007ffc18770000 - 0x00007ffc18a01000 	C:\windows\WinSxS\amd64_microsoft.windows.common-controls_6595b64144ccf1df_6.0.26100.8972_none_3e0da176e32f9d4b\COMCTL32.dll
0x00007ffc47730000 - 0x00007ffc47757000 	C:\windows\System32\win32u.dll
0x00007ffc49f70000 - 0x00007ffc49f9b000 	C:\windows\System32\GDI32.dll
0x00007ffc48c20000 - 0x00007ffc48cc9000 	C:\windows\System32\msvcrt.dll
0x00007ffc47b70000 - 0x00007ffc47c99000 	C:\windows\System32\gdi32full.dll
0x00007ffc47ca0000 - 0x00007ffc47d43000 	C:\windows\System32\msvcp_win.dll
0x00007ffc48cd0000 - 0x00007ffc48d02000 	C:\windows\System32\IMM32.DLL
0x00007ffc251c0000 - 0x00007ffc251cc000 	C:\Program Files\Android\Android Studio\jbr\bin\vcruntime140_1.dll
0x00007ffbe4710000 - 0x00007ffbe479d000 	C:\Program Files\Android\Android Studio\jbr\bin\msvcp140.dll
0x00007ffb919a0000 - 0x00007ffb92636000 	C:\Program Files\Android\Android Studio\jbr\bin\server\jvm.dll
0x00007ffc4a030000 - 0x00007ffc4a0ec000 	C:\windows\System32\ADVAPI32.dll
0x00007ffc48630000 - 0x00007ffc486da000 	C:\windows\System32\sechost.dll
0x00007ffc49df0000 - 0x00007ffc49f08000 	C:\windows\System32\RPCRT4.dll
0x00007ffc48df0000 - 0x00007ffc48e72000 	C:\windows\System32\WS2_32.dll
0x00007ffc47370000 - 0x00007ffc473ce000 	C:\windows\SYSTEM32\POWRPROF.dll
0x00007ffc31e70000 - 0x00007ffc31e7b000 	C:\windows\SYSTEM32\VERSION.dll
0x00007ffc3f190000 - 0x00007ffc3f1c6000 	C:\windows\SYSTEM32\WINMM.dll
0x00007ffc47350000 - 0x00007ffc47365000 	C:\windows\SYSTEM32\UMPDC.dll
0x00007ffc46200000 - 0x00007ffc4621b000 	C:\windows\SYSTEM32\kernel.appcore.dll
0x00007ffc24ca0000 - 0x00007ffc24caa000 	C:\Program Files\Android\Android Studio\jbr\bin\jimage.dll
0x00007ffc44ab0000 - 0x00007ffc44cf2000 	C:\windows\SYSTEM32\DBGHELP.DLL
0x00007ffc48890000 - 0x00007ffc48c15000 	C:\windows\System32\combase.dll
0x00007ffc48d10000 - 0x00007ffc48de9000 	C:\windows\System32\OLEAUT32.dll
0x00007ffc30140000 - 0x00007ffc3017b000 	C:\windows\SYSTEM32\dbgcore.DLL
0x00007ffc47d50000 - 0x00007ffc47dfc000 	C:\windows\System32\bcryptPrimitives.dll
0x00007ffc18b70000 - 0x00007ffc18b7e000 	C:\Program Files\Android\Android Studio\jbr\bin\instrument.dll
0x00007ffc1db20000 - 0x00007ffc1db40000 	C:\Program Files\Android\Android Studio\jbr\bin\java.dll
0x00007ffc1cf60000 - 0x00007ffc1cf78000 	C:\Program Files\Android\Android Studio\jbr\bin\zip.dll
0x00007ffc495e0000 - 0x00007ffc49d68000 	C:\windows\System32\SHELL32.dll
0x00007ffc44f90000 - 0x00007ffc4582b000 	C:\windows\SYSTEM32\windows.storage.dll
0x00007ffc494e0000 - 0x00007ffc495d9000 	C:\windows\System32\SHCORE.dll
0x00007ffc49d80000 - 0x00007ffc49de6000 	C:\windows\System32\shlwapi.dll
0x00007ffc47430000 - 0x00007ffc47459000 	C:\windows\SYSTEM32\profapi.dll
0x00007ffc248f0000 - 0x00007ffc24900000 	C:\Program Files\Android\Android Studio\jbr\bin\net.dll
0x00007ffc35880000 - 0x00007ffc359a8000 	C:\windows\SYSTEM32\WINHTTP.dll
0x00007ffc467b0000 - 0x00007ffc4681c000 	C:\windows\system32\mswsock.dll
0x00007ffc162f0000 - 0x00007ffc16306000 	C:\Program Files\Android\Android Studio\jbr\bin\nio.dll
0x00007ffc24870000 - 0x00007ffc24880000 	C:\Program Files\Android\Android Studio\jbr\bin\verify.dll
0x00007ffbf7610000 - 0x00007ffbf7637000 	C:\Users\rajku\.gradle\native\c067742578af261105cb4f569cf0c3c89f3d7b1fecec35dd04571415982c5e48\windows-amd64\native-platform.dll
0x00007ffbc5680000 - 0x00007ffbc57c4000 	C:\Users\rajku\.gradle\native\38dada09dfb8b06ba9b0570ebf7e218e3eb74d4ef43ca46872605cf95ebc2f47\windows-amd64\native-platform-file-events.dll
0x00007ffc1cfd0000 - 0x00007ffc1cfd9000 	C:\Program Files\Android\Android Studio\jbr\bin\management.dll
0x00007ffc18d10000 - 0x00007ffc18d1b000 	C:\Program Files\Android\Android Studio\jbr\bin\management_ext.dll
0x00007ffc48440000 - 0x00007ffc48448000 	C:\windows\System32\PSAPI.DLL
0x00007ffc46ac0000 - 0x00007ffc46adb000 	C:\windows\SYSTEM32\CRYPTSP.dll
0x00007ffc46160000 - 0x00007ffc46199000 	C:\windows\system32\rsaenh.dll
0x00007ffc46860000 - 0x00007ffc46892000 	C:\windows\SYSTEM32\USERENV.dll
0x00007ffc47400000 - 0x00007ffc4742a000 	C:\windows\SYSTEM32\bcrypt.dll
0x00007ffc46aa0000 - 0x00007ffc46aac000 	C:\windows\SYSTEM32\CRYPTBASE.dll
0x00007ffc45b90000 - 0x00007ffc45bc3000 	C:\windows\SYSTEM32\IPHLPAPI.DLL
0x00007ffc48430000 - 0x00007ffc4843a000 	C:\windows\System32\NSI.dll
0x00007ffc16160000 - 0x00007ffc16169000 	C:\Program Files\Android\Android Studio\jbr\bin\extnet.dll
0x00007ffc12f20000 - 0x00007ffc12f28000 	C:\windows\system32\wshunix.dll
0x00007ffc19b20000 - 0x00007ffc19b38000 	C:\windows\system32\napinsp.dll
0x00007ffc45c20000 - 0x00007ffc45d78000 	C:\windows\SYSTEM32\DNSAPI.dll
0x00007ffc465b0000 - 0x00007ffc465bd000 	C:\windows\SYSTEM32\DSPARSE.dll
0x00007ffc18f80000 - 0x00007ffc18f93000 	C:\windows\System32\winrnr.dll
0x00007ffc18f50000 - 0x00007ffc18f72000 	C:\windows\system32\nlansp_c.dll
0x00007ffc35af0000 - 0x00007ffc35b06000 	C:\windows\system32\wshbth.dll
0x00007ffc33730000 - 0x00007ffc3373b000 	C:\Windows\System32\rasadhlp.dll
0x00007ffc36280000 - 0x00007ffc36306000 	C:\windows\System32\fwpuclnt.dll

JVMTI agents:
C:\Users\rajku\.gradle\wrapper\dists\gradle-8.5-bin\5t9huq95ubn472n8rpzujfbqh\gradle-8.5\lib\agents\gradle-instrumentation-agent-8.5.jar path:C:\Program Files\Android\Android Studio\jbr\bin\instrument.dll, loaded, initialized, instrumentlib options:none

dbghelp: loaded successfully - version: 4.0.5 - missing functions: none
symbol engine: initialized successfully - sym options: 0x614 - pdb path: .;C:\Program Files\Android\Android Studio\jbr\bin;C:\windows\SYSTEM32;C:\Program Files\Avast Software\Avast;C:\windows\WinSxS\amd64_microsoft.windows.common-controls_6595b64144ccf1df_6.0.26100.8972_none_3e0da176e32f9d4b;C:\Program Files\Android\Android Studio\jbr\bin\server;C:\Users\rajku\.gradle\native\c067742578af261105cb4f569cf0c3c89f3d7b1fecec35dd04571415982c5e48\windows-amd64;C:\Users\rajku\.gradle\native\38dada09dfb8b06ba9b0570ebf7e218e3eb74d4ef43ca46872605cf95ebc2f47\windows-amd64

VM Arguments:
jvm_args: --add-opens=java.base/java.util=ALL-UNNAMED --add-opens=java.base/java.lang=ALL-UNNAMED --add-opens=java.base/java.lang.invoke=ALL-UNNAMED --add-opens=java.prefs/java.util.prefs=ALL-UNNAMED --add-opens=java.base/java.nio.charset=ALL-UNNAMED --add-opens=java.base/java.net=ALL-UNNAMED --add-opens=java.base/java.util.concurrent.atomic=ALL-UNNAMED -Xmx256m -Dfile.encoding=UTF-8 -Duser.country=IN -Duser.language=en -Duser.variant -javaagent:C:\Users\rajku\.gradle\wrapper\dists\gradle-8.5-bin\5t9huq95ubn472n8rpzujfbqh\gradle-8.5\lib\agents\gradle-instrumentation-agent-8.5.jar 
java_command: org.gradle.launcher.daemon.bootstrap.GradleDaemon 8.5
java_class_path (initial): C:\Users\rajku\.gradle\wrapper\dists\gradle-8.5-bin\5t9huq95ubn472n8rpzujfbqh\gradle-8.5\lib\gradle-launcher-8.5.jar
Launcher Type: SUN_STANDARD

[Global flags]
     intx CICompilerCount                          = 4                                         {product} {ergonomic}
     uint ConcGCThreads                            = 2                                         {product} {ergonomic}
     uint G1ConcRefinementThreads                  = 8                                         {product} {ergonomic}
   size_t G1HeapRegionSize                         = 1048576                                   {product} {ergonomic}
    uintx GCDrainStackTargetSize                   = 64                                        {product} {ergonomic}
   size_t InitialHeapSize                          = 130023424                                 {product} {ergonomic}
   size_t MarkStackSize                            = 4194304                                   {product} {ergonomic}
   size_t MaxHeapSize                              = 268435456                                 {product} {command line}
   size_t MaxNewSize                               = 160432128                                 {product} {ergonomic}
   size_t MinHeapDeltaBytes                        = 1048576                                   {product} {ergonomic}
   size_t MinHeapSize                              = 8388608                                   {product} {ergonomic}
    uintx NonNMethodCodeHeapSize                   = 5839372                                {pd product} {ergonomic}
    uintx NonProfiledCodeHeapSize                  = 122909434                              {pd product} {ergonomic}
    uintx ProfiledCodeHeapSize                     = 122909434                              {pd product} {ergonomic}
    uintx ReservedCodeCacheSize                    = 251658240                              {pd product} {ergonomic}
     bool SegmentedCodeCache                       = true                                      {product} {ergonomic}
   size_t SoftMaxHeapSize                          = 268435456                              {manageable} {ergonomic}
     bool UseCompressedOops                        = true                           {product lp64_product} {ergonomic}
     bool UseG1GC                                  = true                                      {product} {ergonomic}
     bool UseLargePagesIndividualAllocation        = false                                  {pd product} {ergonomic}

Logging:
Log output configuration:
 #0: stdout all=warning uptime,level,tags foldmultilines=false
 #1: stderr all=off uptime,level,tags foldmultilines=false

Release file:
JAVA_VERSION="21.0.9" 
MODULES="java.base java.compiler java.datatransfer java.xml java.prefs java.desktop java.instrument java.logging java.management java.security.sasl java.naming java.rmi java.management.rmi java.net.http java.scripting java.security.jgss java.transaction.xa java.sql java.sql.rowset java.xml.crypto java.se java.smartcardio jdk.accessibility jdk.internal.jvmstat jdk.attach jdk.charsets jdk.internal.opt jdk.zipfs jdk.compiler jdk.crypto.ec jdk.crypto.cryptoki jdk.dynalink jdk.hotspot.agent jdk.httpserver jdk.internal.ed jdk.internal.le jdk.internal.vm.ci jdk.jartool jdk.javadoc jdk.jcmd jdk.jdeps jdk.jdwp.agent jdk.jdi jdk.jfr jdk.jlink jdk.jsobject jdk.localedata jdk.management jdk.management.agent jdk.management.jfr jdk.naming.dns jdk.naming.rmi jdk.net jdk.sctp jdk.security.auth jdk.security.jgss jdk.unsupported jdk.unsupported.desktop jdk.xml.dom" 
IMPLEMENTOR="JetBrains s.r.o." 
JAVA_RUNTIME_VERSION="21.0.9+-14787801-b1163.94" 
LIBC="default" 
OS_ARCH="x86_64" 
OS_NAME="Windows" 
SOURCE=".:git:0c757ddc9f2f" 

Environment Variables:
JAVA_HOME=C:\Program Files\Android\Android Studio\jbr
CLASSPATH=D:\itantra\mobile_app_apk\android\\gradle\wrapper\gradle-wrapper.jar
PATH=C:\Program Files\Android\Android Studio\jbr\bin;C:/Users/rajku/.gemini/antigravity/bin;C:\Users\rajku\AppData\Roaming\Antigravity\bin;C:\Python314\Scripts\;C:\Python314\;C:\windows\system32;C:\windows;C:\windows\System32\Wbem;C:\windows\System32\WindowsPowerShell\v1.0\;C:\windows\System32\OpenSSH\;C:\Program Files\Git\cmd;C:\Program Files (x86)\pcsuite\;C:\ProgramData\chocolatey\bin;C:\Users\rajku\;C:\Users\rajku\AppData\Local\Programs\Python\Python311\Scripts\;C:\Users\rajku\AppData\Local\Programs\Python\Python311\;C:\Users\rajku\AppData\Local\Microsoft\WindowsApps;C:\Users\rajku\AppData\Local\Programs\Microsoft VS Code\bin;C:\Program Files\MongoDB\Server\8.2\bin;%JAVA_HOME%\bin;C:\Users\rajku\AppData\Local\Programs\Antigravity\bin;C:\Users\rajku\AppData\Local\Google\Cloud SDK\google-cloud-sdk\bin;C:\Users\rajku\AppData\Roaming\npm;C:\Users\rajku\AppData\Local\Programs\Ollama
USERNAME=rajku
OS=Windows_NT
PROCESSOR_IDENTIFIER=Intel64 Family 6 Model 186 Stepping 3, GenuineIntel
TMP=C:\Users\rajku\AppData\Local\Temp
TEMP=C:\Users\rajku\AppData\Local\Temp




Periodic native trim disabled

JNI global refs:
JNI global refs: 26, weak refs: 2

JNI global refs memory usage: 835, weak refs: 833

Process memory usage:
Resident Set Size: 405532K (5% of 8023876K total physical memory with 329672K free physical memory)

OOME stack traces (most recent first):
Classloader memory used:
Loader org.gradle.internal.classloader.VisitableURLClassLoader                         : 37804K
Loader bootstrap                                                                       : 28362K
Loader org.gradle.internal.classloader.VisitableURLClassLoader$InstrumentingVisitableURLClassLoader: 25767K
Loader org.gradle.initialization.MixInLegacyTypesClassLoader                           : 10200K
Loader jdk.internal.loader.ClassLoaders$PlatformClassLoader                            : 521K
Loader jdk.internal.loader.ClassLoaders$AppClassLoader                                 : 227K
Loader org.gradle.groovy.scripts.internal.DefaultScriptCompilationHandler$ScriptClassLoader: 160K
Loader jdk.internal.reflect.DelegatingClassLoader                                      : 98312B
Loader org.codehaus.groovy.runtime.callsite.CallSiteClassLoader                        : 10144B
Loader sun.reflect.misc.MethodUtil                                                     : 2984B

Classes loaded by more than one classloader:
Class com.google.common.base.Equivalence$Identity                                     : loaded 2 times (x 82B)
Class com.google.common.base.PairwiseEquivalence                                      : loaded 2 times (x 83B)
Class com.google.common.collect.RegularImmutableMap$KeySet                            : loaded 2 times (x 150B)
Class org.gradle.internal.classloader.FilteringClassLoader                            : loaded 2 times (x 105B)
Class [Lcom.google.common.base.AbstractIterator$State;                                : loaded 2 times (x 69B)
Class com.google.common.base.CharMatcher$IsEither                                     : loaded 2 times (x 111B)
Class org.gradle.internal.classloader.ClassLoaderHierarchy                            : loaded 2 times (x 70B)
Class com.google.common.collect.ImmutableEnumSet                                      : loaded 2 times (x 146B)
Class com.google.common.util.concurrent.ExecutionError                                : loaded 2 times (x 82B)
Class com.google.common.collect.ImmutableList$1                                       : loaded 2 times (x 97B)
Class org.gradle.api.internal.classpath.ManifestUtil                                  : loaded 2 times (x 71B)
Class com.google.common.collect.RegularImmutableMap                                   : loaded 2 times (x 121B)
Class com.google.common.collect.ImmutableMap$MapViewOfValuesAsSingletonSets           : loaded 2 times (x 125B)
Class [Lorg.objectweb.asm.Symbol;                                                     : loaded 2 times (x 69B)
Class org.objectweb.asm.ClassVisitor                                                  : loaded 2 times (x 87B)
Class com.google.common.collect.UnmodifiableListIterator                              : loaded 2 times (x 95B)
Class org.objectweb.asm.MethodTooLargeException                                       : loaded 2 times (x 83B)
Class com.google.common.base.Platform$JdkPatternCompiler                              : loaded 2 times (x 75B)
Class [Lcom.google.common.cache.CacheBuilder$OneWeigher;                              : loaded 2 times (x 69B)
Class com.google.common.base.Suppliers                                                : loaded 2 times (x 71B)
Class org.gradle.internal.classloader.DefaultClassLoaderFactory                       : loaded 2 times (x 82B)
Class com.google.common.base.CharMatcher$None                                         : loaded 2 times (x 112B)
Class org.gradle.internal.classloader.ClassLoaderVisitor                              : loaded 2 times (x 76B)
Class [Lcom.google.common.collect.ImmutableMapEntry;                                  : loaded 2 times (x 69B)
Class org.gradle.api.internal.classpath.EffectiveClassPath                            : loaded 2 times (x 90B)
Class com.google.common.collect.ImmutableEnumMap                                      : loaded 2 times (x 125B)
Class com.google.common.collect.ListMultimap                                          : loaded 2 times (x 70B)
Class com.google.common.collect.Sets$1                                                : loaded 2 times (x 139B)
Class org.objectweb.asm.AnnotationVisitor                                             : loaded 2 times (x 77B)
Class com.google.common.base.Splitter                                                 : loaded 2 times (x 72B)
Class org.gradle.api.internal.DefaultClassPathProvider                                : loaded 2 times (x 76B)
Class com.google.common.collect.Sets$2                                                : loaded 2 times (x 139B)
Class [Lorg.gradle.api.internal.ClassPathProvider;                                    : loaded 2 times (x 69B)
Class org.gradle.api.internal.ClassPathProvider                                       : loaded 2 times (x 70B)
Class com.google.common.collect.Sets$3                                                : loaded 2 times (x 139B)
Class com.google.common.util.concurrent.AbstractFuture$SafeAtomicHelper               : loaded 2 times (x 79B)
Class com.google.common.cache.LocalCache$LocalLoadingCache                            : loaded 2 times (x 134B)
Class com.google.common.base.AbstractIterator$State                                   : loaded 2 times (x 79B)
Class org.gradle.internal.service.UnknownServiceException                             : loaded 2 times (x 83B)
Class com.google.common.collect.Sets$4                                                : loaded 2 times (x 139B)
Class org.objectweb.asm.ModuleVisitor                                                 : loaded 2 times (x 80B)
Class com.google.common.cache.LocalCache$Strength$1                                   : loaded 2 times (x 81B)
Class com.google.common.util.concurrent.SettableFuture                                : loaded 2 times (x 114B)
Class com.google.common.cache.LocalCache$Strength$2                                   : loaded 2 times (x 81B)
Class com.google.common.cache.LocalCache$Strength$3                                   : loaded 2 times (x 81B)
Class com.google.common.collect.MapDifference                                         : loaded 2 times (x 70B)
Class com.google.common.base.Splitter$1                                               : loaded 2 times (x 77B)
Class org.objectweb.asm.FieldWriter                                                   : loaded 2 times (x 77B)
Class com.google.common.cache.CacheBuilder$NullListener                               : loaded 2 times (x 82B)
Class org.gradle.internal.classpath.TransformedClassPath                              : loaded 2 times (x 96B)
Class com.google.common.cache.CacheLoader$FunctionToCacheLoader                       : loaded 2 times (x 75B)
Class com.google.common.collect.Iterators$ArrayItr                                    : loaded 2 times (x 97B)
Class com.google.common.collect.ImmutableCollection$Builder                           : loaded 2 times (x 76B)
Class com.google.common.base.Joiner                                                   : loaded 2 times (x 79B)
Class com.google.common.base.MoreObjects                                              : loaded 2 times (x 71B)
Class [Lorg.objectweb.asm.Type;                                                       : loaded 2 times (x 69B)
Class com.google.common.collect.Platform                                              : loaded 2 times (x 71B)
Class com.google.common.collect.UnmodifiableIterator                                  : loaded 2 times (x 80B)
Class org.gradle.internal.service.ServiceLocator                                      : loaded 2 times (x 70B)
Class com.google.common.base.Ascii                                                    : loaded 2 times (x 71B)
Class com.google.common.cache.LocalCache$1                                            : loaded 2 times (x 89B)
Class com.google.common.collect.AbstractMapEntry                                      : loaded 2 times (x 81B)
Class com.google.common.collect.Sets$ImprovedAbstractSet                              : loaded 2 times (x 135B)
Class com.google.common.collect.ImmutableList$Builder                                 : loaded 2 times (x 77B)
Class com.google.common.cache.LocalCache$2                                            : loaded 2 times (x 142B)
Class com.google.common.collect.AbstractMultimap                                      : loaded 2 times (x 123B)
Class com.google.common.util.concurrent.AbstractFuture$UnsafeAtomicHelper$1           : loaded 2 times (x 76B)
Class com.google.common.collect.RegularImmutableAsList                                : loaded 2 times (x 216B)
Class com.google.common.util.concurrent.AbstractFuture$Trusted                        : loaded 2 times (x 70B)
Class com.google.common.collect.Iterators                                             : loaded 2 times (x 71B)
Class com.google.common.base.CharMatcher$RangesMatcher                                : loaded 2 times (x 112B)
Class build_6q0ghfex2m7ky4eb05875xkei$_run_closure1                                   : loaded 2 times (x 139B)
Class com.google.common.util.concurrent.UncheckedExecutionException                   : loaded 2 times (x 82B)
Class com.google.common.collect.Lists$StringAsImmutableList                           : loaded 2 times (x 207B)
Class com.google.common.base.CharMatcher$JavaLetterOrDigit                            : loaded 2 times (x 111B)
Class org.gradle.internal.InternalTransformer                                         : loaded 2 times (x 70B)
Class com.google.common.collect.AbstractMapBasedMultimap$KeySet$1                     : loaded 2 times (x 82B)
Class org.objectweb.asm.ClassWriter                                                   : loaded 2 times (x 104B)
Class com.google.common.cache.CacheLoader$UnsupportedLoadingOperationException        : loaded 2 times (x 82B)
Class com.google.common.base.CharMatcher$And                                          : loaded 2 times (x 112B)
Class org.gradle.internal.classloader.ClasspathUtil$1                                 : loaded 2 times (x 76B)
Class com.google.common.base.Objects                                                  : loaded 2 times (x 71B)
Class org.objectweb.asm.FieldVisitor                                                  : loaded 2 times (x 76B)
Class com.google.common.collect.IndexedImmutableSet                                   : loaded 2 times (x 150B)
Class com.google.common.collect.ImmutableMap$1                                        : loaded 2 times (x 81B)
Class com.google.common.collect.BiMap                                                 : loaded 2 times (x 70B)
Class settings_45oobmneggqzdycjcw65v8uef$_run_closure1                                : loaded 2 times (x 139B)
Class org.gradle.api.internal.classpath.DefaultModuleRegistry$DefaultModule           : loaded 2 times (x 86B)
Class com.google.common.primitives.Ints                                               : loaded 2 times (x 71B)
Class com.google.common.collect.AbstractIterator                                      : loaded 2 times (x 82B)
Class com.google.common.math.MathPreconditions                                        : loaded 2 times (x 71B)
Class com.google.common.collect.Multiset                                              : loaded 2 times (x 70B)
Class com.google.common.collect.ArrayListMultimapGwtSerializationDependencies         : loaded 2 times (x 172B)
Class com.google.common.collect.ObjectArrays                                          : loaded 2 times (x 71B)
Class com.google.common.collect.AbstractIndexedListIterator                           : loaded 2 times (x 96B)
Class com.google.common.collect.ImmutableMapEntrySet                                  : loaded 2 times (x 151B)
Class org.gradle.api.internal.classpath.Module                                        : loaded 2 times (x 70B)
Class com.google.common.cache.Weigher                                                 : loaded 2 times (x 70B)
Class org.gradle.api.internal.classpath.UnknownModuleException                        : loaded 2 times (x 82B)
Class org.gradle.cache.GlobalCache                                                    : loaded 2 times (x 70B)
Class com.google.common.base.Stopwatch                                                : loaded 2 times (x 72B)
Class com.google.common.cache.LocalCache$Strength                                     : loaded 2 times (x 81B)
Class com.google.common.cache.Cache                                                   : loaded 2 times (x 70B)
Class com.google.common.util.concurrent.AbstractFuture$Cancellation                   : loaded 2 times (x 72B)
Class com.google.common.collect.ImmutableMap$Builder                                  : loaded 2 times (x 82B)
Class com.google.common.base.NullnessCasts                                            : loaded 2 times (x 71B)
Class com.google.common.cache.RemovalListener                                         : loaded 2 times (x 70B)
Class org.gradle.api.internal.DefaultClassPathRegistry                                : loaded 2 times (x 76B)
Class com.google.common.primitives.IntsMethodsForWeb                                  : loaded 2 times (x 71B)
Class com.google.common.collect.Multimap                                              : loaded 2 times (x 70B)
Class org.gradle.api.internal.ClassPathRegistry                                       : loaded 2 times (x 70B)
Class org.gradle.internal.classpath.DefaultClassPath$ImmutableUniqueList              : loaded 2 times (x 199B)
Class com.google.common.base.ExtraObjectsMethodsForWeb                                : loaded 2 times (x 71B)
Class com.google.common.cache.CacheBuilder                                            : loaded 2 times (x 72B)
Class com.google.common.collect.SingletonImmutableList                                : loaded 2 times (x 207B)
Class settings_45oobmneggqzdycjcw65v8uef$_run_closure1$_closure2                      : loaded 2 times (x 139B)
Class org.gradle.internal.classpath.ClassPath                                         : loaded 2 times (x 70B)
Class org.gradle.api.UncheckedIOException                                             : loaded 2 times (x 82B)
Class com.google.common.collect.ImmutableList$ReverseImmutableList                    : loaded 2 times (x 208B)
Class com.google.common.base.JdkPattern                                               : loaded 2 times (x 75B)
Class org.objectweb.asm.SymbolTable$Entry                                             : loaded 2 times (x 74B)
Class com.google.common.util.concurrent.AbstractFuture$AtomicHelper                   : loaded 2 times (x 78B)
Class org.objectweb.asm.Edge                                                          : loaded 2 times (x 72B)
Class com.google.common.base.Suppliers$SupplierOfInstance                             : loaded 2 times (x 79B)
Class com.google.common.collect.Iterators$1                                           : loaded 2 times (x 81B)
Class com.google.common.cache.LocalCache$ComputingValueReference                      : loaded 2 times (x 96B)
Class com.google.common.collect.SingletonImmutableSet                                 : loaded 2 times (x 146B)
Class com.google.common.collect.ImmutableMap$IteratorBasedImmutableMap                : loaded 2 times (x 125B)
Class com.google.common.cache.LocalCache$Segment                                      : loaded 2 times (x 154B)
Class [Lorg.objectweb.asm.SymbolTable$Entry;                                          : loaded 2 times (x 69B)
Class com.google.common.cache.CacheLoader                                             : loaded 2 times (x 74B)
Class com.google.common.collect.Iterators$4                                           : loaded 2 times (x 82B)
Class com.google.common.collect.ImmutableBiMap                                        : loaded 2 times (x 143B)
Class com.google.common.collect.AbstractListMultimap                                  : loaded 2 times (x 172B)
Class org.gradle.internal.installation.GradleInstallation$1                           : loaded 2 times (x 75B)
Class org.gradle.api.internal.classpath.ModuleRegistry                                : loaded 2 times (x 70B)
Class com.google.common.util.concurrent.internal.InternalFutureFailureAccess          : loaded 2 times (x 72B)
Class com.google.common.collect.Iterators$5                                           : loaded 2 times (x 82B)
Class com.google.common.collect.ImmutableSet$JdkBackedSetBuilderImpl                  : loaded 2 times (x 76B)
Class com.google.common.base.Splitter$SplittingIterator                               : loaded 2 times (x 84B)
Class com.google.common.util.concurrent.AbstractFuture$UnsafeAtomicHelper             : loaded 2 times (x 78B)
Class com.google.common.cache.LocalCache$LocalManualCache$1                           : loaded 2 times (x 75B)
Class com.google.common.base.CharMatcher$ForPredicate                                 : loaded 2 times (x 112B)
Class com.google.common.collect.ImmutableCollection                                   : loaded 2 times (x 125B)
Class com.google.common.base.CharMatcher$AnyOf                                        : loaded 2 times (x 112B)
Class org.gradle.api.internal.classpath.DefaultModuleRegistry                         : loaded 2 times (x 86B)
Class com.google.common.util.concurrent.ListenableFuture                              : loaded 2 times (x 70B)
Class com.google.common.cache.ReferenceEntry                                          : loaded 2 times (x 70B)
Class com.google.common.collect.ImmutableSet$CachingAsList                            : loaded 2 times (x 147B)
Class com.google.common.base.Converter                                                : loaded 2 times (x 90B)
Class com.google.common.collect.Lists                                                 : loaded 2 times (x 71B)
Class com.google.common.base.CharMatcher$Any                                          : loaded 2 times (x 112B)
Class com.google.common.util.concurrent.AbstractFuture                                : loaded 2 times (x 106B)
Class com.google.common.base.FunctionalEquivalence                                    : loaded 2 times (x 83B)
Class com.google.common.collect.Iterators$9                                           : loaded 2 times (x 81B)
Class com.google.common.collect.AbstractMapBasedMultimap                              : loaded 2 times (x 139B)
Class com.google.common.collect.ImmutableAsList                                       : loaded 2 times (x 209B)
Class org.objectweb.asm.RecordComponentVisitor                                        : loaded 2 times (x 77B)
Class com.google.common.cache.CacheLoader$SupplierToCacheLoader                       : loaded 2 times (x 75B)
Class com.google.common.collect.Maps$EntryTransformer                                 : loaded 2 times (x 70B)
Class org.gradle.internal.service.ServiceLookupException                              : loaded 2 times (x 82B)
Class [Lcom.google.common.cache.LocalCache$EntryFactory;                              : loaded 2 times (x 69B)
Class com.google.common.base.CharMatcher$JavaLetter                                   : loaded 2 times (x 111B)
Class org.gradle.internal.classloader.ClassLoaderFactory                              : loaded 2 times (x 70B)
Class com.google.common.cache.LocalCache$LocalManualCache                             : loaded 2 times (x 99B)
Class com.google.common.base.CharMatcher$IsNot                                        : loaded 2 times (x 111B)
Class com.google.common.base.CommonPattern                                            : loaded 2 times (x 74B)
Class org.gradle.internal.service.CachingServiceLocator                               : loaded 2 times (x 82B)
Class com.google.common.collect.AbstractMapBasedMultimap$KeySet                       : loaded 2 times (x 137B)
Class com.google.common.math.IntMath                                                  : loaded 2 times (x 71B)
Class com.google.common.collect.Iterators$10                                          : loaded 2 times (x 81B)
Class com.google.common.collect.ImmutableMapEntry                                     : loaded 2 times (x 85B)
Class com.google.common.base.CharMatcher$JavaDigit                                    : loaded 2 times (x 111B)
Class com.google.common.base.Equivalence                                              : loaded 2 times (x 82B)
Class com.google.common.collect.ImmutableMapEntry$NonTerminalImmutableMapEntry        : loaded 2 times (x 85B)
Class com.google.common.base.Function                                                 : loaded 2 times (x 70B)
Class com.google.common.cache.CacheBuilder$OneWeigher                                 : loaded 2 times (x 82B)
Class com.google.common.collect.RegularImmutableList                                  : loaded 2 times (x 212B)
Class com.google.common.collect.ImmutableBiMapFauxverideShim                          : loaded 2 times (x 120B)
Class org.gradle.internal.classloader.ClasspathUtil                                   : loaded 2 times (x 71B)
Class com.google.common.base.Charsets                                                 : loaded 2 times (x 71B)
Class com.google.common.util.concurrent.Uninterruptibles                              : loaded 2 times (x 71B)
Class com.google.common.collect.Maps                                                  : loaded 2 times (x 71B)
Class com.google.common.base.CharMatcher$JavaUpperCase                                : loaded 2 times (x 111B)
Class org.gradle.api.specs.Spec                                                       : loaded 2 times (x 70B)
Class [Lcom.google.common.collect.ImmutableEntry;                                     : loaded 2 times (x 69B)
Class com.google.common.cache.LocalCache$LoadingValueReference                        : loaded 2 times (x 96B)
Class com.google.common.base.Platform                                                 : loaded 2 times (x 71B)
Class com.google.common.primitives.Ints$IntConverter                                  : loaded 2 times (x 90B)
Class com.google.common.collect.Maps$8                                                : loaded 2 times (x 82B)
Class com.google.common.collect.Sets$SetView                                          : loaded 2 times (x 138B)
Class com.google.common.cache.LocalCache$StrongValueReference                         : loaded 2 times (x 90B)
Class com.google.common.util.concurrent.AbstractFuture$SynchronizedHelper             : loaded 2 times (x 78B)
Class com.google.common.base.CharMatcher$Invisible                                    : loaded 2 times (x 112B)
Class org.objectweb.asm.Type                                                          : loaded 2 times (x 72B)
Class org.gradle.internal.classloader.VisitableURLClassLoader$InstrumentingVisitableURLClassLoader: loaded 2 times (x 123B)
Class org.objectweb.asm.ByteVector                                                    : loaded 2 times (x 78B)
Class [Lcom.google.common.cache.CacheBuilder$NullListener;                            : loaded 2 times (x 69B)
Class com.google.common.math.IntMath$1                                                : loaded 2 times (x 71B)
Class org.gradle.internal.classloader.VisitableURLClassLoader$Spec                    : loaded 2 times (x 74B)
Class org.gradle.internal.classpath.DefaultClassPath                                  : loaded 2 times (x 90B)
Class org.objectweb.asm.Symbol                                                        : loaded 2 times (x 73B)
Class com.google.common.base.AbstractIterator                                         : loaded 2 times (x 80B)
Class com.google.common.collect.RegularImmutableMap$Values                            : loaded 2 times (x 207B)
Class com.google.common.collect.ImmutableSet                                          : loaded 2 times (x 145B)
Class com.google.common.base.CharMatcher$Ascii                                        : loaded 2 times (x 112B)
Class com.google.common.base.CharMatcher$BitSetMatcher                                : loaded 2 times (x 112B)
Class org.gradle.internal.classloader.ClassLoaderSpec                                 : loaded 2 times (x 71B)
Class org.objectweb.asm.AnnotationWriter                                              : loaded 2 times (x 78B)
Class com.google.common.cache.CacheStats                                              : loaded 2 times (x 71B)
Class org.objectweb.asm.RecordComponentWriter                                         : loaded 2 times (x 78B)
Class com.google.common.util.concurrent.AbstractFuture$Listener                       : loaded 2 times (x 72B)
Class com.google.common.base.CharMatcher$Or                                           : loaded 2 times (x 112B)
Class org.objectweb.asm.Attribute                                                     : loaded 2 times (x 77B)
Class com.google.common.base.Supplier                                                 : loaded 2 times (x 70B)
Class org.gradle.internal.classloader.VisitableURLClassLoader                         : loaded 2 times (x 117B)
Class com.google.common.util.concurrent.AbstractFuture$Waiter                         : loaded 2 times (x 72B)
Class org.gradle.internal.Cast                                                        : loaded 2 times (x 71B)
Class org.gradle.api.Action                                                           : loaded 2 times (x 70B)
Class com.google.common.collect.Sets                                                  : loaded 2 times (x 71B)
Class org.objectweb.asm.Handler                                                       : loaded 2 times (x 72B)
Class com.google.common.base.Strings                                                  : loaded 2 times (x 71B)
Class com.google.common.base.Ticker                                                   : loaded 2 times (x 72B)
Class com.google.common.base.CharMatcher$FastMatcher                                  : loaded 2 times (x 111B)
Class org.gradle.internal.agents.InstrumentingClassLoader                             : loaded 2 times (x 70B)
Class [Lcom.google.common.cache.LocalCache$Segment;                                   : loaded 2 times (x 69B)
Class [Lcom.google.common.cache.LocalCache$Strength;                                  : loaded 2 times (x 69B)
Class com.google.common.cache.CacheBuilder$1                                          : loaded 2 times (x 85B)
Class com.google.common.collect.ImmutableMap                                          : loaded 2 times (x 120B)
Class com.google.common.base.Predicate                                                : loaded 2 times (x 70B)
Class org.gradle.internal.classpath.DefaultClassPath$ImmutableUniqueList$Builder      : loaded 2 times (x 75B)
Class com.google.common.cache.LocalCache                                              : loaded 2 times (x 187B)
Class com.google.common.cache.CacheBuilder$2                                          : loaded 2 times (x 79B)
Class com.google.common.base.CharMatcher$NegatedFastMatcher                           : loaded 2 times (x 113B)
Class com.google.common.cache.CacheBuilder$3                                          : loaded 2 times (x 72B)
Class [Lcom.google.common.collect.AbstractMapEntry;                                   : loaded 2 times (x 69B)
Class com.google.common.collect.ImmutableEntry                                        : loaded 2 times (x 82B)
Class com.google.common.collect.ArrayListMultimap                                     : loaded 2 times (x 172B)
Class com.google.common.base.AbstractIterator$1                                       : loaded 2 times (x 71B)
Class com.google.common.base.CharMatcher$Digit                                        : loaded 2 times (x 112B)
Class org.gradle.api.GradleException                                                  : loaded 2 times (x 82B)
Class build_93tkcne4o3x68w9v4mkydah3e                                                 : loaded 2 times (x 180B)
Class com.google.common.collect.CollectPreconditions                                  : loaded 2 times (x 71B)
Class com.google.common.base.CharMatcher$JavaIsoControl                               : loaded 2 times (x 112B)
Class build_93tkcne4o3x68w9v4mkydah3e$_run_closure1                                   : loaded 2 times (x 139B)
Class com.google.common.collect.SortedMapDifference                                   : loaded 2 times (x 70B)
Class com.google.common.base.CharMatcher$JavaLowerCase                                : loaded 2 times (x 111B)
Class build_6q0ghfex2m7ky4eb05875xkei                                                 : loaded 2 times (x 180B)
Class com.google.common.cache.LocalCache$EntryFactory                                 : loaded 2 times (x 83B)
Class com.google.common.cache.LocalCache$AbstractReferenceEntry                       : loaded 2 times (x 107B)
Class com.google.common.base.Splitter$1$1                                             : loaded 2 times (x 86B)
Class com.google.common.base.CharMatcher$Whitespace                                   : loaded 2 times (x 112B)
Class org.gradle.internal.IoActions                                                   : loaded 2 times (x 71B)
Class org.objectweb.asm.SymbolTable                                                   : loaded 2 times (x 72B)
Class com.google.common.cache.CacheLoader$InvalidCacheLoadException                   : loaded 2 times (x 82B)
Class com.google.common.collect.ImmutableSet$RegularSetBuilderImpl                    : loaded 2 times (x 77B)
Class com.google.common.base.CharMatcher$SingleWidth                                  : loaded 2 times (x 112B)
Class org.gradle.internal.classloader.SystemClassLoaderSpec                           : loaded 2 times (x 71B)
Class com.google.common.cache.LocalCache$StrongEntry                                  : loaded 2 times (x 108B)
Class com.google.common.util.concurrent.AbstractFuture$TrustedFuture                  : loaded 2 times (x 114B)
Class com.google.common.cache.LoadingCache                                            : loaded 2 times (x 70B)
Class org.objectweb.asm.MethodWriter                                                  : loaded 2 times (x 105B)
Class [Lcom.google.common.cache.Weigher;                                              : loaded 2 times (x 69B)
Class com.google.common.collect.RegularImmutableMap$BucketOverflowException           : loaded 2 times (x 82B)
Class com.google.common.cache.LocalCache$ValueReference                               : loaded 2 times (x 70B)
Class com.google.common.base.CharMatcher$Is                                           : loaded 2 times (x 111B)
Class com.google.common.base.CharMatcher$Negated                                      : loaded 2 times (x 113B)
Class com.google.common.util.concurrent.AbstractFuture$Failure                        : loaded 2 times (x 72B)
Class com.google.common.base.PatternCompiler                                          : loaded 2 times (x 70B)
Class com.google.common.base.Equivalence$Equals                                       : loaded 2 times (x 82B)
Class com.google.common.collect.Hashing                                               : loaded 2 times (x 71B)
Class com.google.common.base.Preconditions                                            : loaded 2 times (x 71B)
Class settings_45oobmneggqzdycjcw65v8uef                                              : loaded 2 times (x 179B)
Class com.google.common.base.Joiner$1                                                 : loaded 2 times (x 80B)
Class org.objectweb.asm.Label                                                         : loaded 2 times (x 73B)
Class org.objectweb.asm.CurrentFrame                                                  : loaded 2 times (x 73B)
Class org.objectweb.asm.ClassTooLargeException                                        : loaded 2 times (x 83B)
Class com.google.common.collect.PeekingIterator                                       : loaded 2 times (x 70B)
Class com.google.common.base.CharMatcher                                              : loaded 2 times (x 111B)
Class com.google.common.base.Joiner$2                                                 : loaded 2 times (x 79B)
Class org.objectweb.asm.Frame                                                         : loaded 2 times (x 73B)
Class org.objectweb.asm.MethodVisitor                                                 : loaded 2 times (x 104B)
Class com.google.common.cache.LocalCache$EntryFactory$1                               : loaded 2 times (x 83B)
Class [Lcom.google.common.cache.RemovalListener;                                      : loaded 2 times (x 69B)
Class com.google.common.base.CharMatcher$1                                            : loaded 2 times (x 113B)
Class com.google.common.base.CharMatcher$NamedFastMatcher                             : loaded 2 times (x 112B)
Class com.google.common.cache.LocalCache$EntryFactory$2                               : loaded 2 times (x 83B)
Class org.objectweb.asm.ModuleWriter                                                  : loaded 2 times (x 81B)
Class com.google.common.cache.LocalCache$EntryFactory$3                               : loaded 2 times (x 83B)
Class com.google.common.base.Ticker$1                                                 : loaded 2 times (x 72B)
Class com.google.common.collect.ImmutableMapEntrySet$RegularEntrySet                  : loaded 2 times (x 151B)
Class com.google.common.collect.Maps$BiMapConverter                                   : loaded 2 times (x 90B)
Class com.google.common.cache.LocalCache$EntryFactory$4                               : loaded 2 times (x 83B)
Class com.google.common.collect.ImmutableSet$Builder                                  : loaded 2 times (x 85B)
Class com.google.common.base.CharMatcher$InRange                                      : loaded 2 times (x 111B)
Class com.google.common.cache.LocalCache$EntryFactory$5                               : loaded 2 times (x 83B)
Class com.google.common.cache.LocalCache$EntryFactory$6                               : loaded 2 times (x 83B)
Class org.gradle.internal.installation.CurrentGradleInstallationLocator               : loaded 2 times (x 71B)
Class com.google.common.collect.Maps$KeySet                                           : loaded 2 times (x 137B)
Class com.google.common.cache.LocalCache$EntryFactory$7                               : loaded 2 times (x 83B)
Class com.google.common.collect.ImmutableSet$EmptySetBuilderImpl                      : loaded 2 times (x 76B)
Class com.google.common.collect.ImmutableList                                         : loaded 2 times (x 206B)
Class org.gradle.internal.service.DefaultServiceLocator                               : loaded 2 times (x 83B)
Class com.google.common.cache.LocalCache$EntryFactory$8                               : loaded 2 times (x 83B)
Class com.google.common.collect.ImmutableSet$SetBuilderImpl                           : loaded 2 times (x 76B)
Class org.gradle.internal.installation.CurrentGradleInstallation                      : loaded 2 times (x 73B)
Class com.google.common.cache.CacheLoader$1                                           : loaded 2 times (x 75B)
Class com.google.common.collect.ImmutableList$SubList                                 : loaded 2 times (x 208B)
Class org.gradle.util.internal.GUtil                                                  : loaded 2 times (x 71B)
Class com.google.common.util.concurrent.AbstractFuture$SetFuture                      : loaded 2 times (x 75B)
Class com.google.common.cache.AbstractCache$StatsCounter                              : loaded 2 times (x 70B)
Class com.google.common.collect.Iterators$MergingIterator                             : loaded 2 times (x 81B)
Class com.google.common.collect.RegularImmutableSet                                   : loaded 2 times (x 148B)
Class org.gradle.internal.installation.GradleInstallation                             : loaded 2 times (x 75B)
Class com.google.common.collect.Iterables                                             : loaded 2 times (x 71B)
Class com.google.common.base.Splitter$Strategy                                        : loaded 2 times (x 70B)

---------------  S Y S T E M  ---------------

OS:
 Windows 11 , 64 bit Build 26100 (10.0.26100.9168)
OS uptime: 0 days 11:12 hours
Hyper-V role detected

CPU: total 8 (initial active 8) (4 cores per cpu, 2 threads per core) family 6 model 186 stepping 3 microcode 0x6134, cx8, cmov, fxsr, ht, mmx, 3dnowpref, sse, sse2, sse3, ssse3, sse4.1, sse4.2, popcnt, lzcnt, tsc, tscinvbit, avx, avx2, aes, erms, clmul, bmi1, bmi2, adx, sha, fma, vzeroupper, clflush, clflushopt, clwb, hv, serialize, rdtscp, rdpid, fsrm, f16c, cet_ibt, cet_ss
Processor Information for the first 8 processors :
  Max Mhz: 1200, Current Mhz: 1200, Mhz Limit: 1200

Memory: 4k page, system-wide physical 7835M (321M free)
TotalPageFile size 31387M (AvailPageFile size 17M)
current process WorkingSet (physical memory assigned to process): 399M, peak: 422M
current process commit charge ("private bytes"): 431M, peak: 464M

vm_info: OpenJDK 64-Bit Server VM (21.0.9+-14787801-b1163.94) for windows-amd64 JRE (21.0.9+-14787801-b1163.94), built on 2026-01-27T21:15:44Z by "builder" with MS VC++ 16.10 / 16.11 (VS2019)

END.
