#
# There is insufficient memory for the Java Runtime Environment to continue.
# Native memory allocation (malloc) failed to allocate 1246448 bytes. Error detail: Chunk::new
# Possible reasons:
#   The system is out of physical RAM or swap space
#   This process is running with CompressedOops enabled, and the Java Heap may be blocking the growth of the native heap
# Possible solutions:
#   Reduce memory load on the system
#   Increase physical memory or swap space
#   Check if swap backing store is full
#   Decrease Java heap size (-Xmx/-Xms)
#   Decrease number of Java threads
#   Decrease Java thread stack sizes (-Xss)
#   Set larger code cache with -XX:ReservedCodeCacheSize=
#   JVM is running with Unscaled Compressed Oops mode in which the Java heap is
#     placed in the first 4GB address space. The Java Heap base address is the
#     maximum limit for the native heap growth. Please use -XX:HeapBaseMinAddress
#     to set the Java Heap base and to place the Java Heap above 4GB virtual address.
# This output file may be truncated or incomplete.
#
#  Out of Memory Error (arena.cpp:168), pid=29480, tid=33852
#
# JRE version: OpenJDK Runtime Environment (21.0.9) (build 21.0.9+-14787801-b1163.94)
# Java VM: OpenJDK 64-Bit Server VM (21.0.9+-14787801-b1163.94, mixed mode, tiered, compressed oops, compressed class ptrs, g1 gc, windows-amd64)
# No core dump will be written. Minidumps are not enabled by default on client versions of Windows
#

---------------  S U M M A R Y ------------

Command Line: -XX:MaxMetaspaceSize=512m --add-opens=java.base/java.util=ALL-UNNAMED --add-opens=java.base/java.lang=ALL-UNNAMED --add-opens=java.base/java.lang.invoke=ALL-UNNAMED --add-opens=java.prefs/java.util.prefs=ALL-UNNAMED --add-opens=java.base/java.nio.charset=ALL-UNNAMED --add-opens=java.base/java.net=ALL-UNNAMED --add-opens=java.base/java.util.concurrent.atomic=ALL-UNNAMED -Xmx1536m -Dfile.encoding=UTF-8 -Duser.country=IN -Duser.language=en -Duser.variant -javaagent:C:\Users\rajku\.gradle\wrapper\dists\gradle-8.5-bin\5t9huq95ubn472n8rpzujfbqh\gradle-8.5\lib\agents\gradle-instrumentation-agent-8.5.jar org.gradle.launcher.daemon.bootstrap.GradleDaemon 8.5

Host: 13th Gen Intel(R) Core(TM) i3-1315U, 8 cores, 7G,  Windows 11 , 64 bit Build 26100 (10.0.26100.9168)
Time: Fri Aug 28 01:44:06 2026 India Standard Time elapsed time: 36.144046 seconds (0d 0h 0m 36s)

---------------  T H R E A D  ---------------

Current thread (0x000001c8b7095580):  JavaThread "C2 CompilerThread0" daemon [_thread_in_native, id=33852, stack(0x0000006461800000,0x0000006461900000) (1024K)]


Current CompileTask:
C2:36144 9169   !   4       java.lang.reflect.Executable::sharedToGenericString (255 bytes)

Stack: [0x0000006461800000,0x0000006461900000]
Native frames: (J=compiled Java code, j=interpreted, Vv=VM code, C=native code)
V  [jvm.dll+0x6d6c99]
V  [jvm.dll+0x866b83]
V  [jvm.dll+0x8691ae]
V  [jvm.dll+0x869893]
V  [jvm.dll+0x280776]
V  [jvm.dll+0xc07cd]
V  [jvm.dll+0xc0d03]
V  [jvm.dll+0x3b986b]
V  [jvm.dll+0x1dfcb2]
V  [jvm.dll+0x2495b4]
V  [jvm.dll+0x248a31]
V  [jvm.dll+0x1c7344]
V  [jvm.dll+0x2581ae]
V  [jvm.dll+0x2566f6]
V  [jvm.dll+0x3f48a6]
V  [jvm.dll+0x80f118]
V  [jvm.dll+0x6d54ed]
C  [ucrtbase.dll+0x2cd30]
C  [KERNEL32.DLL+0x2ccb7]
C  [ntdll.dll+0xaad6c]


---------------  P R O C E S S  ---------------

Threads class SMR info:
_java_thread_list=0x000001c8bb412880, length=51, elements={
0x000001c89c1a81b0, 0x000001c8b7056160, 0x000001c8b7057d00, 0x000001c8b7064c90,
0x000001c8b7066920, 0x000001c8b7077ce0, 0x000001c8b7078740, 0x000001c8b70811b0,
0x000001c8b7095580, 0x000001c8b709b0a0, 0x000001c8b7385ff0, 0x000001c8b9059a60,
0x000001c8b7e4f1c0, 0x000001c8b8e48f30, 0x000001c8b90ecec0, 0x000001c8b90ed530,
0x000001c8b859ffc0, 0x000001c8b765cc40, 0x000001c8b8165170, 0x000001c8b8164ae0,
0x000001c8b81678d0, 0x000001c8b8167240, 0x000001c8b8164450, 0x000001c8b8166bb0,
0x000001c8b8165e90, 0x000001c8b959ec50, 0x000001c8b959b7d0, 0x000001c8b959df30,
0x000001c8b959f2e0, 0x000001c8b959be60, 0x000001c8b959cb80, 0x000001c8b959f970,
0x000001c8b959e5c0, 0x000001c8b959d8a0, 0x000001c8b95a2760, 0x000001c8b95a20d0,
0x000001c8bba9bf90, 0x000001c8bba9ed80, 0x000001c8bba9faa0, 0x000001c8bba9c620,
0x000001c8bbaa0130, 0x000001c8bba9d340, 0x000001c8bba9e6f0, 0x000001c8bba9d9d0,
0x000001c8bba9ccb0, 0x000001c8bbaa0e50, 0x000001c8bbaa07c0, 0x000001c8bbaa14e0,
0x000001c8bba9e060, 0x000001c8bbaa2f20, 0x000001c8ba3e3700
}

Java Threads: ( => current thread )
  0x000001c89c1a81b0 JavaThread "main"                              [_thread_blocked, id=30636, stack(0x0000006460900000,0x0000006460a00000) (1024K)]
  0x000001c8b7056160 JavaThread "Common-Cleaner"             daemon [_thread_blocked, id=30180, stack(0x0000006461100000,0x0000006461200000) (1024K)]
  0x000001c8b7057d00 JavaThread "Reference Handler"          daemon [_thread_blocked, id=36076, stack(0x0000006461200000,0x0000006461300000) (1024K)]
  0x000001c8b7064c90 JavaThread "Finalizer"                  daemon [_thread_blocked, id=31944, stack(0x0000006461300000,0x0000006461400000) (1024K)]
  0x000001c8b7066920 JavaThread "Signal Dispatcher"          daemon [_thread_blocked, id=36252, stack(0x0000006461400000,0x0000006461500000) (1024K)]
  0x000001c8b7077ce0 JavaThread "Attach Listener"            daemon [_thread_blocked, id=35172, stack(0x0000006461500000,0x0000006461600000) (1024K)]
  0x000001c8b7078740 JavaThread "Service Thread"             daemon [_thread_blocked, id=35416, stack(0x0000006461600000,0x0000006461700000) (1024K)]
  0x000001c8b70811b0 JavaThread "Monitor Deflation Thread"   daemon [_thread_blocked, id=35668, stack(0x0000006461700000,0x0000006461800000) (1024K)]
=>0x000001c8b7095580 JavaThread "C2 CompilerThread0"         daemon [_thread_in_native, id=33852, stack(0x0000006461800000,0x0000006461900000) (1024K)]
  0x000001c8b709b0a0 JavaThread "C1 CompilerThread0"         daemon [_thread_blocked, id=35004, stack(0x0000006461900000,0x0000006461a00000) (1024K)]
  0x000001c8b7385ff0 JavaThread "Notification Thread"        daemon [_thread_blocked, id=21952, stack(0x0000006461a00000,0x0000006461b00000) (1024K)]
  0x000001c8b9059a60 JavaThread "Daemon health stats"               [_thread_blocked, id=35684, stack(0x0000006461f00000,0x0000006462000000) (1024K)]
  0x000001c8b7e4f1c0 JavaThread "Incoming local TCP Connector on port 53476"        [_thread_in_native, id=36436, stack(0x0000006462000000,0x0000006462100000) (1024K)]
  0x000001c8b8e48f30 JavaThread "Daemon periodic checks"            [_thread_blocked, id=34800, stack(0x0000006462100000,0x0000006462200000) (1024K)]
  0x000001c8b90ecec0 JavaThread "Daemon"                            [_thread_blocked, id=33500, stack(0x0000006462200000,0x0000006462300000) (1024K)]
  0x000001c8b90ed530 JavaThread "Handler for socket connection from /127.0.0.1:53476 to /127.0.0.1:53477"        [_thread_in_native, id=36568, stack(0x0000006462300000,0x0000006462400000) (1024K)]
  0x000001c8b859ffc0 JavaThread "Cancel handler"                    [_thread_blocked, id=36668, stack(0x0000006462400000,0x0000006462500000) (1024K)]
  0x000001c8b765cc40 JavaThread "Daemon worker"                     [_thread_in_native, id=37468, stack(0x0000006462500000,0x0000006462600000) (1024K)]
  0x000001c8b8165170 JavaThread "Asynchronous log dispatcher for DefaultDaemonConnection: socket connection from /127.0.0.1:53476 to /127.0.0.1:53477"        [_thread_blocked, id=31072, stack(0x0000006462600000,0x0000006462700000) (1024K)]
  0x000001c8b8164ae0 JavaThread "Stdin handler"                     [_thread_blocked, id=32396, stack(0x0000006462700000,0x0000006462800000) (1024K)]
  0x000001c8b81678d0 JavaThread "Daemon client event forwarder"        [_thread_blocked, id=25924, stack(0x0000006462800000,0x0000006462900000) (1024K)]
  0x000001c8b8167240 JavaThread "Cache worker for journal cache (C:\Users\rajku\.gradle\caches\journal-1)"        [_thread_blocked, id=12636, stack(0x0000006462d00000,0x0000006462e00000) (1024K)]
  0x000001c8b8164450 JavaThread "File lock request listener"        [_thread_in_native, id=38408, stack(0x0000006462e00000,0x0000006462f00000) (1024K)]
  0x000001c8b8166bb0 JavaThread "Cache worker for file hash cache (C:\Users\rajku\.gradle\caches\8.5\fileHashes)"        [_thread_blocked, id=38056, stack(0x0000006462f00000,0x0000006463000000) (1024K)]
  0x000001c8b8165e90 JavaThread "File watcher server"        daemon [_thread_in_native, id=31244, stack(0x0000006463000000,0x0000006463100000) (1024K)]
  0x000001c8b959ec50 JavaThread "File watcher consumer"      daemon [_thread_blocked, id=36856, stack(0x0000006463100000,0x0000006463200000) (1024K)]
  0x000001c8b959b7d0 JavaThread "Cache worker for checksums cache (D:\itantra\mobile_app_apk\android\.gradle\8.5\checksums)"        [_thread_blocked, id=37256, stack(0x0000006463200000,0x0000006463300000) (1024K)]
  0x000001c8b959df30 JavaThread "Cache worker for file hash cache (D:\itantra\mobile_app_apk\android\.gradle\8.5\fileHashes)"        [_thread_blocked, id=33388, stack(0x0000006463300000,0x0000006463400000) (1024K)]
  0x000001c8b959f2e0 JavaThread "Cache worker for cache directory md-supplier (C:\Users\rajku\.gradle\caches\8.5\md-supplier)"        [_thread_blocked, id=35992, stack(0x0000006463400000,0x0000006463500000) (1024K)]
  0x000001c8b959be60 JavaThread "Cache worker for cache directory md-rule (C:\Users\rajku\.gradle\caches\8.5\md-rule)"        [_thread_blocked, id=33664, stack(0x0000006463500000,0x0000006463600000) (1024K)]
  0x000001c8b959cb80 JavaThread "Cache worker for file content cache (C:\Users\rajku\.gradle\caches\8.5\fileContent)"        [_thread_blocked, id=30620, stack(0x0000006463600000,0x0000006463700000) (1024K)]
  0x000001c8b959f970 JavaThread "Cache worker for execution history cache (C:\Users\rajku\.gradle\caches\8.5\executionHistory)"        [_thread_blocked, id=6440, stack(0x0000006463700000,0x0000006463800000) (1024K)]
  0x000001c8b959e5c0 JavaThread "jar transforms"                    [_thread_blocked, id=33780, stack(0x0000006463800000,0x0000006463900000) (1024K)]
  0x000001c8b959d8a0 JavaThread "jar transforms Thread 2"           [_thread_blocked, id=32200, stack(0x0000006463900000,0x0000006463a00000) (1024K)]
  0x000001c8b95a2760 JavaThread "Cache worker for dependencies-accessors (D:\itantra\mobile_app_apk\android\.gradle\8.5\dependencies-accessors)"        [_thread_blocked, id=30176, stack(0x0000006463a00000,0x0000006463b00000) (1024K)]
  0x000001c8b95a20d0 JavaThread "jar transforms Thread 3"           [_thread_blocked, id=31376, stack(0x0000006463b00000,0x0000006463c00000) (1024K)]
  0x000001c8bba9bf90 JavaThread "Cache worker for Build Output Cleanup Cache (D:\itantra\mobile_app_apk\android\.gradle\buildOutputCleanup)"        [_thread_blocked, id=32280, stack(0x0000006463c00000,0x0000006463d00000) (1024K)]
  0x000001c8bba9ed80 JavaThread "Unconstrained build operations"        [_thread_blocked, id=32372, stack(0x0000006463d00000,0x0000006463e00000) (1024K)]
  0x000001c8bba9faa0 JavaThread "Unconstrained build operations Thread 2"        [_thread_blocked, id=23380, stack(0x0000006463e00000,0x0000006463f00000) (1024K)]
  0x000001c8bba9c620 JavaThread "Unconstrained build operations Thread 3"        [_thread_blocked, id=29952, stack(0x0000006463f00000,0x0000006464000000) (1024K)]
  0x000001c8bbaa0130 JavaThread "Unconstrained build operations Thread 4"        [_thread_blocked, id=34260, stack(0x0000006464000000,0x0000006464100000) (1024K)]
  0x000001c8bba9d340 JavaThread "Unconstrained build operations Thread 5"        [_thread_blocked, id=16104, stack(0x0000006464100000,0x0000006464200000) (1024K)]
  0x000001c8bba9e6f0 JavaThread "Unconstrained build operations Thread 6"        [_thread_blocked, id=33280, stack(0x0000006464200000,0x0000006464300000) (1024K)]
  0x000001c8bba9d9d0 JavaThread "Unconstrained build operations Thread 7"        [_thread_blocked, id=13688, stack(0x0000006464300000,0x0000006464400000) (1024K)]
  0x000001c8bba9ccb0 JavaThread "jar transforms Thread 4"           [_thread_blocked, id=26120, stack(0x0000006464400000,0x0000006464500000) (1024K)]
  0x000001c8bbaa0e50 JavaThread "jar transforms Thread 5"           [_thread_blocked, id=34416, stack(0x0000006464500000,0x0000006464600000) (1024K)]
  0x000001c8bbaa07c0 JavaThread "jar transforms Thread 6"           [_thread_blocked, id=34212, stack(0x0000006464600000,0x0000006464700000) (1024K)]
  0x000001c8bbaa14e0 JavaThread "jar transforms Thread 7"           [_thread_blocked, id=8040, stack(0x0000006464700000,0x0000006464800000) (1024K)]
  0x000001c8bba9e060 JavaThread "jar transforms Thread 8"           [_thread_blocked, id=2800, stack(0x0000006464800000,0x0000006464900000) (1024K)]
  0x000001c8bbaa2f20 JavaThread "Memory manager"                    [_thread_blocked, id=33192, stack(0x0000006464900000,0x0000006464a00000) (1024K)]
  0x000001c8ba3e3700 JavaThread "build event listener"              [_thread_blocked, id=29676, stack(0x0000006464a00000,0x0000006464b00000) (1024K)]
Total: 51

Other Threads:
  0x000001c8b2d9ec30 VMThread "VM Thread"                           [id=23536, stack(0x0000006461000000,0x0000006461100000) (1024K)]
  0x000001c8b2d125e0 WatcherThread "VM Periodic Task Thread"        [id=35108, stack(0x0000006460f00000,0x0000006461000000) (1024K)]
  0x000001c89c1eed60 WorkerThread "GC Thread#0"                     [id=1424, stack(0x0000006460a00000,0x0000006460b00000) (1024K)]
  0x000001c8b7958170 WorkerThread "GC Thread#1"                     [id=31720, stack(0x0000006461b00000,0x0000006461c00000) (1024K)]
  0x000001c8b77ed560 WorkerThread "GC Thread#2"                     [id=28108, stack(0x0000006461c00000,0x0000006461d00000) (1024K)]
  0x000001c8b7a19ef0 WorkerThread "GC Thread#3"                     [id=23084, stack(0x0000006461d00000,0x0000006461e00000) (1024K)]
  0x000001c8b7dbaa10 WorkerThread "GC Thread#4"                     [id=36072, stack(0x0000006461e00000,0x0000006461f00000) (1024K)]
  0x000001c8b81637e0 WorkerThread "GC Thread#5"                     [id=14612, stack(0x0000006462900000,0x0000006462a00000) (1024K)]
  0x000001c8b8642790 WorkerThread "GC Thread#6"                     [id=22224, stack(0x0000006462a00000,0x0000006462b00000) (1024K)]
  0x000001c8b8642b30 WorkerThread "GC Thread#7"                     [id=33492, stack(0x0000006462b00000,0x0000006462c00000) (1024K)]
  0x000001c89c1fc460 ConcurrentGCThread "G1 Main Marker"            [id=38888, stack(0x0000006460b00000,0x0000006460c00000) (1024K)]
  0x000001c89c1fdcb0 WorkerThread "G1 Conc#0"                       [id=28564, stack(0x0000006460c00000,0x0000006460d00000) (1024K)]
  0x000001c8b81a5180 WorkerThread "G1 Conc#1"                       [id=31656, stack(0x0000006462c00000,0x0000006462d00000) (1024K)]
  0x000001c8b2be6590 ConcurrentGCThread "G1 Refine#0"               [id=32024, stack(0x0000006460d00000,0x0000006460e00000) (1024K)]
  0x000001c8b2be7dc0 ConcurrentGCThread "G1 Service"                [id=34776, stack(0x0000006460e00000,0x0000006460f00000) (1024K)]
Total: 15

Threads with active compile tasks:
C2 CompilerThread0  36331 9169   !   4       java.lang.reflect.Executable::sharedToGenericString (255 bytes)
Total: 1

VM state: not at safepoint (normal execution)

VM Mutex/Monitor currently owned by a thread: None

Heap address: 0x00000000a0000000, size: 1536 MB, Compressed Oops mode: 32-bit

CDS archive(s) not mapped
Compressed class space mapped at: 0x0000000100000000-0x000000011a000000, reserved size: 436207616
Narrow klass base: 0x0000000000000000, Narrow klass shift: 3, Narrow klass range: 0x11a000000

GC Precious Log:
 CardTable entry size: 512
 Card Set container configuration: InlinePtr #cards 5 size 8 Array Of Cards #cards 12 size 40 Howl #buckets 4 coarsen threshold 1843 Howl Bitmap #cards 512 size 80 coarsen threshold 460 Card regions per heap region 1 cards per card region 2048
 CPUs: 8 total, 8 available
 Memory: 7835M
 Large Page Support: Disabled
 NUMA Support: Disabled
 Compressed Oops: Enabled (32-bit)
 Heap Region Size: 1M
 Heap Min Capacity: 8M
 Heap Initial Capacity: 124M
 Heap Max Capacity: 1536M
 Pre-touch: Disabled
 Parallel Workers: 8
 Concurrent Workers: 2
 Concurrent Refinement Workers: 8
 Periodic GC: Disabled

Heap:
 garbage-first heap   total 147456K, used 132062K [0x00000000a0000000, 0x0000000100000000)
  region size 1024K, 46 young (47104K), 4 survivors (4096K)
 Metaspace       used 93578K, committed 95360K, reserved 557056K
  class space    used 13117K, committed 13952K, reserved 425984K

Heap Regions: E=young(eden), S=young(survivor), O=old, HS=humongous(starts), HC=humongous(continues), CS=collection set, F=free, TAMS=top-at-mark-start, PB=parsable bottom
|   0|0x00000000a0000000, 0x00000000a0100000, 0x00000000a0100000|100%|HS|  |TAMS 0x00000000a0000000| PB 0x00000000a0000000| Complete 
|   1|0x00000000a0100000, 0x00000000a0200000, 0x00000000a0200000|100%|HC|  |TAMS 0x00000000a0100000| PB 0x00000000a0100000| Complete 
|   2|0x00000000a0200000, 0x00000000a0300000, 0x00000000a0300000|100%|HC|  |TAMS 0x00000000a0200000| PB 0x00000000a0200000| Complete 
|   3|0x00000000a0300000, 0x00000000a0400000, 0x00000000a0400000|100%|HC|  |TAMS 0x00000000a0300000| PB 0x00000000a0300000| Complete 
|   4|0x00000000a0400000, 0x00000000a0500000, 0x00000000a0500000|100%| O|  |TAMS 0x00000000a0400000| PB 0x00000000a0400000| Untracked 
|   5|0x00000000a0500000, 0x00000000a0600000, 0x00000000a0600000|100%| O|  |TAMS 0x00000000a0500000| PB 0x00000000a0500000| Untracked 
|   6|0x00000000a0600000, 0x00000000a0700000, 0x00000000a0700000|100%| O|  |TAMS 0x00000000a0600000| PB 0x00000000a0600000| Untracked 
|   7|0x00000000a0700000, 0x00000000a0800000, 0x00000000a0800000|100%| O|  |TAMS 0x00000000a0700000| PB 0x00000000a0700000| Untracked 
|   8|0x00000000a0800000, 0x00000000a0900000, 0x00000000a0900000|100%|HS|  |TAMS 0x00000000a0800000| PB 0x00000000a0800000| Complete 
|   9|0x00000000a0900000, 0x00000000a0a00000, 0x00000000a0a00000|100%| O|  |TAMS 0x00000000a0900000| PB 0x00000000a0900000| Untracked 
|  10|0x00000000a0a00000, 0x00000000a0b00000, 0x00000000a0b00000|100%| O|  |TAMS 0x00000000a0a00000| PB 0x00000000a0a00000| Untracked 
|  11|0x00000000a0b00000, 0x00000000a0c00000, 0x00000000a0c00000|100%| O|  |TAMS 0x00000000a0b00000| PB 0x00000000a0b00000| Untracked 
|  12|0x00000000a0c00000, 0x00000000a0d00000, 0x00000000a0d00000|100%| O|  |TAMS 0x00000000a0c00000| PB 0x00000000a0c00000| Untracked 
|  13|0x00000000a0d00000, 0x00000000a0e00000, 0x00000000a0e00000|100%| O|  |TAMS 0x00000000a0d00000| PB 0x00000000a0d00000| Untracked 
|  14|0x00000000a0e00000, 0x00000000a0f00000, 0x00000000a0f00000|100%| O|  |TAMS 0x00000000a0e00000| PB 0x00000000a0e00000| Untracked 
|  15|0x00000000a0f00000, 0x00000000a1000000, 0x00000000a1000000|100%| O|  |TAMS 0x00000000a0f00000| PB 0x00000000a0f00000| Untracked 
|  16|0x00000000a1000000, 0x00000000a1100000, 0x00000000a1100000|100%| O|  |TAMS 0x00000000a1000000| PB 0x00000000a1000000| Untracked 
|  17|0x00000000a1100000, 0x00000000a1200000, 0x00000000a1200000|100%| O|  |TAMS 0x00000000a1100000| PB 0x00000000a1100000| Untracked 
|  18|0x00000000a1200000, 0x00000000a1300000, 0x00000000a1300000|100%| O|  |TAMS 0x00000000a1200000| PB 0x00000000a1200000| Untracked 
|  19|0x00000000a1300000, 0x00000000a1400000, 0x00000000a1400000|100%| O|  |TAMS 0x00000000a1300000| PB 0x00000000a1300000| Untracked 
|  20|0x00000000a1400000, 0x00000000a1500000, 0x00000000a1500000|100%| O|  |TAMS 0x00000000a1400000| PB 0x00000000a1400000| Untracked 
|  21|0x00000000a1500000, 0x00000000a1600000, 0x00000000a1600000|100%| O|  |TAMS 0x00000000a1500000| PB 0x00000000a1500000| Untracked 
|  22|0x00000000a1600000, 0x00000000a1700000, 0x00000000a1700000|100%| O|  |TAMS 0x00000000a1600000| PB 0x00000000a1600000| Untracked 
|  23|0x00000000a1700000, 0x00000000a1800000, 0x00000000a1800000|100%| O|  |TAMS 0x00000000a1700000| PB 0x00000000a1700000| Untracked 
|  24|0x00000000a1800000, 0x00000000a1900000, 0x00000000a1900000|100%| O|  |TAMS 0x00000000a1800000| PB 0x00000000a1800000| Untracked 
|  25|0x00000000a1900000, 0x00000000a1a00000, 0x00000000a1a00000|100%|HS|  |TAMS 0x00000000a1900000| PB 0x00000000a1900000| Complete 
|  26|0x00000000a1a00000, 0x00000000a1b00000, 0x00000000a1b00000|100%|HC|  |TAMS 0x00000000a1a00000| PB 0x00000000a1a00000| Complete 
|  27|0x00000000a1b00000, 0x00000000a1c00000, 0x00000000a1c00000|100%| O|  |TAMS 0x00000000a1b00000| PB 0x00000000a1b00000| Untracked 
|  28|0x00000000a1c00000, 0x00000000a1d00000, 0x00000000a1d00000|100%| O|  |TAMS 0x00000000a1c00000| PB 0x00000000a1c00000| Untracked 
|  29|0x00000000a1d00000, 0x00000000a1e00000, 0x00000000a1e00000|100%| O|  |TAMS 0x00000000a1d00000| PB 0x00000000a1d00000| Untracked 
|  30|0x00000000a1e00000, 0x00000000a1f00000, 0x00000000a1f00000|100%| O|  |TAMS 0x00000000a1e00000| PB 0x00000000a1e00000| Untracked 
|  31|0x00000000a1f00000, 0x00000000a2000000, 0x00000000a2000000|100%| O|  |TAMS 0x00000000a1f00000| PB 0x00000000a1f00000| Untracked 
|  32|0x00000000a2000000, 0x00000000a2100000, 0x00000000a2100000|100%| O|  |TAMS 0x00000000a2000000| PB 0x00000000a2000000| Untracked 
|  33|0x00000000a2100000, 0x00000000a2200000, 0x00000000a2200000|100%|HS|  |TAMS 0x00000000a2100000| PB 0x00000000a2100000| Complete 
|  34|0x00000000a2200000, 0x00000000a2300000, 0x00000000a2300000|100%|HS|  |TAMS 0x00000000a2200000| PB 0x00000000a2200000| Complete 
|  35|0x00000000a2300000, 0x00000000a2400000, 0x00000000a2400000|100%|HS|  |TAMS 0x00000000a2300000| PB 0x00000000a2300000| Complete 
|  36|0x00000000a2400000, 0x00000000a2500000, 0x00000000a2500000|100%|HC|  |TAMS 0x00000000a2400000| PB 0x00000000a2400000| Complete 
|  37|0x00000000a2500000, 0x00000000a2600000, 0x00000000a2600000|100%|HC|  |TAMS 0x00000000a2500000| PB 0x00000000a2500000| Complete 
|  38|0x00000000a2600000, 0x00000000a2700000, 0x00000000a2700000|100%|HC|  |TAMS 0x00000000a2600000| PB 0x00000000a2600000| Complete 
|  39|0x00000000a2700000, 0x00000000a2800000, 0x00000000a2800000|100%|HS|  |TAMS 0x00000000a2700000| PB 0x00000000a2700000| Complete 
|  40|0x00000000a2800000, 0x00000000a2900000, 0x00000000a2900000|100%| O|  |TAMS 0x00000000a2800000| PB 0x00000000a2800000| Untracked 
|  41|0x00000000a2900000, 0x00000000a2a00000, 0x00000000a2a00000|100%| O|  |TAMS 0x00000000a2900000| PB 0x00000000a2900000| Untracked 
|  42|0x00000000a2a00000, 0x00000000a2b00000, 0x00000000a2b00000|100%| O|  |TAMS 0x00000000a2a00000| PB 0x00000000a2a00000| Untracked 
|  43|0x00000000a2b00000, 0x00000000a2c00000, 0x00000000a2c00000|100%| O|  |TAMS 0x00000000a2b00000| PB 0x00000000a2b00000| Untracked 
|  44|0x00000000a2c00000, 0x00000000a2d00000, 0x00000000a2d00000|100%| O|  |TAMS 0x00000000a2c00000| PB 0x00000000a2c00000| Untracked 
|  45|0x00000000a2d00000, 0x00000000a2e00000, 0x00000000a2e00000|100%|HS|  |TAMS 0x00000000a2d00000| PB 0x00000000a2d00000| Complete 
|  46|0x00000000a2e00000, 0x00000000a2f00000, 0x00000000a2f00000|100%|HC|  |TAMS 0x00000000a2e00000| PB 0x00000000a2e00000| Complete 
|  47|0x00000000a2f00000, 0x00000000a3000000, 0x00000000a3000000|100%|HS|  |TAMS 0x00000000a2f00000| PB 0x00000000a2f00000| Complete 
|  48|0x00000000a3000000, 0x00000000a3100000, 0x00000000a3100000|100%| O|  |TAMS 0x00000000a3000000| PB 0x00000000a3000000| Untracked 
|  49|0x00000000a3100000, 0x00000000a3200000, 0x00000000a3200000|100%| O|  |TAMS 0x00000000a3100000| PB 0x00000000a3100000| Untracked 
|  50|0x00000000a3200000, 0x00000000a3300000, 0x00000000a3300000|100%| O|  |TAMS 0x00000000a3200000| PB 0x00000000a3200000| Untracked 
|  51|0x00000000a3300000, 0x00000000a3400000, 0x00000000a3400000|100%| O|  |TAMS 0x00000000a3300000| PB 0x00000000a3300000| Untracked 
|  52|0x00000000a3400000, 0x00000000a3400000, 0x00000000a3500000|  0%| F|  |TAMS 0x00000000a3400000| PB 0x00000000a3400000| Untracked 
|  53|0x00000000a3500000, 0x00000000a3600000, 0x00000000a3600000|100%| O|  |TAMS 0x00000000a3500000| PB 0x00000000a3500000| Untracked 
|  54|0x00000000a3600000, 0x00000000a3700000, 0x00000000a3700000|100%| O|  |TAMS 0x00000000a3600000| PB 0x00000000a3600000| Untracked 
|  55|0x00000000a3700000, 0x00000000a3800000, 0x00000000a3800000|100%|HS|  |TAMS 0x00000000a3700000| PB 0x00000000a3700000| Complete 
|  56|0x00000000a3800000, 0x00000000a3900000, 0x00000000a3900000|100%|HC|  |TAMS 0x00000000a3800000| PB 0x00000000a3800000| Complete 
|  57|0x00000000a3900000, 0x00000000a3a00000, 0x00000000a3a00000|100%|HC|  |TAMS 0x00000000a3900000| PB 0x00000000a3900000| Complete 
|  58|0x00000000a3a00000, 0x00000000a3b00000, 0x00000000a3b00000|100%|HC|  |TAMS 0x00000000a3a00000| PB 0x00000000a3a00000| Complete 
|  59|0x00000000a3b00000, 0x00000000a3c00000, 0x00000000a3c00000|100%| O|  |TAMS 0x00000000a3b00000| PB 0x00000000a3b00000| Untracked 
|  60|0x00000000a3c00000, 0x00000000a3d00000, 0x00000000a3d00000|100%| O|  |TAMS 0x00000000a3c00000| PB 0x00000000a3c00000| Untracked 
|  61|0x00000000a3d00000, 0x00000000a3e00000, 0x00000000a3e00000|100%| O|  |TAMS 0x00000000a3d00000| PB 0x00000000a3d00000| Untracked 
|  62|0x00000000a3e00000, 0x00000000a3f00000, 0x00000000a3f00000|100%| O|  |TAMS 0x00000000a3e00000| PB 0x00000000a3e00000| Untracked 
|  63|0x00000000a3f00000, 0x00000000a4000000, 0x00000000a4000000|100%| O|  |TAMS 0x00000000a3f00000| PB 0x00000000a3f00000| Untracked 
|  64|0x00000000a4000000, 0x00000000a4100000, 0x00000000a4100000|100%| O|  |TAMS 0x00000000a4000000| PB 0x00000000a4000000| Untracked 
|  65|0x00000000a4100000, 0x00000000a4200000, 0x00000000a4200000|100%| O|  |TAMS 0x00000000a4100000| PB 0x00000000a4100000| Untracked 
|  66|0x00000000a4200000, 0x00000000a4300000, 0x00000000a4300000|100%| O|  |TAMS 0x00000000a4200000| PB 0x00000000a4200000| Untracked 
|  67|0x00000000a4300000, 0x00000000a4400000, 0x00000000a4400000|100%| O|  |TAMS 0x00000000a4300000| PB 0x00000000a4300000| Untracked 
|  68|0x00000000a4400000, 0x00000000a4500000, 0x00000000a4500000|100%| O|  |TAMS 0x00000000a4400000| PB 0x00000000a4400000| Untracked 
|  69|0x00000000a4500000, 0x00000000a4600000, 0x00000000a4600000|100%| O|  |TAMS 0x00000000a4500000| PB 0x00000000a4500000| Untracked 
|  70|0x00000000a4600000, 0x00000000a4690830, 0x00000000a4700000| 56%| O|  |TAMS 0x00000000a4600000| PB 0x00000000a4600000| Untracked 
|  71|0x00000000a4700000, 0x00000000a4700000, 0x00000000a4800000|  0%| F|  |TAMS 0x00000000a4700000| PB 0x00000000a4700000| Untracked 
|  72|0x00000000a4800000, 0x00000000a4800000, 0x00000000a4900000|  0%| F|  |TAMS 0x00000000a4800000| PB 0x00000000a4800000| Untracked 
|  73|0x00000000a4900000, 0x00000000a4900000, 0x00000000a4a00000|  0%| F|  |TAMS 0x00000000a4900000| PB 0x00000000a4900000| Untracked 
|  74|0x00000000a4a00000, 0x00000000a4a00000, 0x00000000a4b00000|  0%| F|  |TAMS 0x00000000a4a00000| PB 0x00000000a4a00000| Untracked 
|  75|0x00000000a4b00000, 0x00000000a4b67080, 0x00000000a4c00000| 40%| S|CS|TAMS 0x00000000a4b00000| PB 0x00000000a4b00000| Complete 
|  76|0x00000000a4c00000, 0x00000000a4d00000, 0x00000000a4d00000|100%| S|CS|TAMS 0x00000000a4c00000| PB 0x00000000a4c00000| Complete 
|  77|0x00000000a4d00000, 0x00000000a4e00000, 0x00000000a4e00000|100%| S|CS|TAMS 0x00000000a4d00000| PB 0x00000000a4d00000| Complete 
|  78|0x00000000a4e00000, 0x00000000a4f00000, 0x00000000a4f00000|100%| S|CS|TAMS 0x00000000a4e00000| PB 0x00000000a4e00000| Complete 
|  79|0x00000000a4f00000, 0x00000000a4f00000, 0x00000000a5000000|  0%| F|  |TAMS 0x00000000a4f00000| PB 0x00000000a4f00000| Untracked 
|  80|0x00000000a5000000, 0x00000000a5000000, 0x00000000a5100000|  0%| F|  |TAMS 0x00000000a5000000| PB 0x00000000a5000000| Untracked 
|  81|0x00000000a5100000, 0x00000000a5100000, 0x00000000a5200000|  0%| F|  |TAMS 0x00000000a5100000| PB 0x00000000a5100000| Untracked 
|  82|0x00000000a5200000, 0x00000000a5200000, 0x00000000a5300000|  0%| F|  |TAMS 0x00000000a5200000| PB 0x00000000a5200000| Untracked 
|  83|0x00000000a5300000, 0x00000000a5300000, 0x00000000a5400000|  0%| F|  |TAMS 0x00000000a5300000| PB 0x00000000a5300000| Untracked 
|  84|0x00000000a5400000, 0x00000000a5400000, 0x00000000a5500000|  0%| F|  |TAMS 0x00000000a5400000| PB 0x00000000a5400000| Untracked 
|  85|0x00000000a5500000, 0x00000000a5500000, 0x00000000a5600000|  0%| F|  |TAMS 0x00000000a5500000| PB 0x00000000a5500000| Untracked 
|  86|0x00000000a5600000, 0x00000000a5600000, 0x00000000a5700000|  0%| F|  |TAMS 0x00000000a5600000| PB 0x00000000a5600000| Untracked 
|  87|0x00000000a5700000, 0x00000000a5780000, 0x00000000a5800000| 50%| E|  |TAMS 0x00000000a5700000| PB 0x00000000a5700000| Complete 
|  88|0x00000000a5800000, 0x00000000a5900000, 0x00000000a5900000|100%| E|CS|TAMS 0x00000000a5800000| PB 0x00000000a5800000| Complete 
|  89|0x00000000a5900000, 0x00000000a5a00000, 0x00000000a5a00000|100%| E|CS|TAMS 0x00000000a5900000| PB 0x00000000a5900000| Complete 
|  90|0x00000000a5a00000, 0x00000000a5b00000, 0x00000000a5b00000|100%| E|CS|TAMS 0x00000000a5a00000| PB 0x00000000a5a00000| Complete 
|  91|0x00000000a5b00000, 0x00000000a5c00000, 0x00000000a5c00000|100%| E|CS|TAMS 0x00000000a5b00000| PB 0x00000000a5b00000| Complete 
|  92|0x00000000a5c00000, 0x00000000a5d00000, 0x00000000a5d00000|100%| E|CS|TAMS 0x00000000a5c00000| PB 0x00000000a5c00000| Complete 
|  93|0x00000000a5d00000, 0x00000000a5e00000, 0x00000000a5e00000|100%| E|CS|TAMS 0x00000000a5d00000| PB 0x00000000a5d00000| Complete 
|  94|0x00000000a5e00000, 0x00000000a5f00000, 0x00000000a5f00000|100%| E|CS|TAMS 0x00000000a5e00000| PB 0x00000000a5e00000| Complete 
|  95|0x00000000a5f00000, 0x00000000a6000000, 0x00000000a6000000|100%| E|CS|TAMS 0x00000000a5f00000| PB 0x00000000a5f00000| Complete 
|  96|0x00000000a6000000, 0x00000000a6100000, 0x00000000a6100000|100%| E|CS|TAMS 0x00000000a6000000| PB 0x00000000a6000000| Complete 
|  97|0x00000000a6100000, 0x00000000a6200000, 0x00000000a6200000|100%| E|CS|TAMS 0x00000000a6100000| PB 0x00000000a6100000| Complete 
|  98|0x00000000a6200000, 0x00000000a6300000, 0x00000000a6300000|100%| E|CS|TAMS 0x00000000a6200000| PB 0x00000000a6200000| Complete 
|  99|0x00000000a6300000, 0x00000000a6400000, 0x00000000a6400000|100%| E|CS|TAMS 0x00000000a6300000| PB 0x00000000a6300000| Complete 
| 100|0x00000000a6400000, 0x00000000a6500000, 0x00000000a6500000|100%| E|CS|TAMS 0x00000000a6400000| PB 0x00000000a6400000| Complete 
| 101|0x00000000a6500000, 0x00000000a6600000, 0x00000000a6600000|100%| E|CS|TAMS 0x00000000a6500000| PB 0x00000000a6500000| Complete 
| 102|0x00000000a6600000, 0x00000000a6700000, 0x00000000a6700000|100%| E|CS|TAMS 0x00000000a6600000| PB 0x00000000a6600000| Complete 
| 103|0x00000000a6700000, 0x00000000a6800000, 0x00000000a6800000|100%| E|CS|TAMS 0x00000000a6700000| PB 0x00000000a6700000| Complete 
| 104|0x00000000a6800000, 0x00000000a6900000, 0x00000000a6900000|100%| E|CS|TAMS 0x00000000a6800000| PB 0x00000000a6800000| Complete 
| 105|0x00000000a6900000, 0x00000000a6a00000, 0x00000000a6a00000|100%| E|CS|TAMS 0x00000000a6900000| PB 0x00000000a6900000| Complete 
| 106|0x00000000a6a00000, 0x00000000a6b00000, 0x00000000a6b00000|100%| E|CS|TAMS 0x00000000a6a00000| PB 0x00000000a6a00000| Complete 
| 107|0x00000000a6b00000, 0x00000000a6c00000, 0x00000000a6c00000|100%| E|CS|TAMS 0x00000000a6b00000| PB 0x00000000a6b00000| Complete 
| 108|0x00000000a6c00000, 0x00000000a6d00000, 0x00000000a6d00000|100%| E|CS|TAMS 0x00000000a6c00000| PB 0x00000000a6c00000| Complete 
| 109|0x00000000a6d00000, 0x00000000a6e00000, 0x00000000a6e00000|100%| E|CS|TAMS 0x00000000a6d00000| PB 0x00000000a6d00000| Complete 
| 110|0x00000000a6e00000, 0x00000000a6f00000, 0x00000000a6f00000|100%| E|CS|TAMS 0x00000000a6e00000| PB 0x00000000a6e00000| Complete 
| 111|0x00000000a6f00000, 0x00000000a7000000, 0x00000000a7000000|100%| E|CS|TAMS 0x00000000a6f00000| PB 0x00000000a6f00000| Complete 
| 112|0x00000000a7000000, 0x00000000a7100000, 0x00000000a7100000|100%| E|CS|TAMS 0x00000000a7000000| PB 0x00000000a7000000| Complete 
| 113|0x00000000a7100000, 0x00000000a7200000, 0x00000000a7200000|100%| E|CS|TAMS 0x00000000a7100000| PB 0x00000000a7100000| Complete 
| 114|0x00000000a7200000, 0x00000000a7300000, 0x00000000a7300000|100%| E|CS|TAMS 0x00000000a7200000| PB 0x00000000a7200000| Complete 
| 115|0x00000000a7300000, 0x00000000a7400000, 0x00000000a7400000|100%| E|CS|TAMS 0x00000000a7300000| PB 0x00000000a7300000| Complete 
| 116|0x00000000a7400000, 0x00000000a7500000, 0x00000000a7500000|100%| E|CS|TAMS 0x00000000a7400000| PB 0x00000000a7400000| Complete 
| 117|0x00000000a7500000, 0x00000000a7600000, 0x00000000a7600000|100%| E|CS|TAMS 0x00000000a7500000| PB 0x00000000a7500000| Complete 
| 118|0x00000000a7600000, 0x00000000a7700000, 0x00000000a7700000|100%| E|CS|TAMS 0x00000000a7600000| PB 0x00000000a7600000| Complete 
| 119|0x00000000a7700000, 0x00000000a7800000, 0x00000000a7800000|100%| E|CS|TAMS 0x00000000a7700000| PB 0x00000000a7700000| Complete 
| 120|0x00000000a7800000, 0x00000000a7900000, 0x00000000a7900000|100%| E|CS|TAMS 0x00000000a7800000| PB 0x00000000a7800000| Complete 
| 121|0x00000000a7900000, 0x00000000a7a00000, 0x00000000a7a00000|100%| E|CS|TAMS 0x00000000a7900000| PB 0x00000000a7900000| Complete 
| 122|0x00000000a7a00000, 0x00000000a7b00000, 0x00000000a7b00000|100%| E|CS|TAMS 0x00000000a7a00000| PB 0x00000000a7a00000| Complete 
| 123|0x00000000a7b00000, 0x00000000a7c00000, 0x00000000a7c00000|100%| E|CS|TAMS 0x00000000a7b00000| PB 0x00000000a7b00000| Complete 
| 124|0x00000000a7c00000, 0x00000000a7d00000, 0x00000000a7d00000|100%| E|CS|TAMS 0x00000000a7c00000| PB 0x00000000a7c00000| Complete 
| 125|0x00000000a7d00000, 0x00000000a7e00000, 0x00000000a7e00000|100%| E|CS|TAMS 0x00000000a7d00000| PB 0x00000000a7d00000| Complete 
|1518|0x00000000fee00000, 0x00000000fef00000, 0x00000000fef00000|100%| O|  |TAMS 0x00000000fee00000| PB 0x00000000fee00000| Untracked 
|1519|0x00000000fef00000, 0x00000000ff000000, 0x00000000ff000000|100%| E|CS|TAMS 0x00000000fef00000| PB 0x00000000fef00000| Complete 
|1520|0x00000000ff000000, 0x00000000ff100000, 0x00000000ff100000|100%| O|  |TAMS 0x00000000ff000000| PB 0x00000000ff000000| Untracked 
|1521|0x00000000ff100000, 0x00000000ff200000, 0x00000000ff200000|100%| O|  |TAMS 0x00000000ff100000| PB 0x00000000ff100000| Untracked 
|1522|0x00000000ff200000, 0x00000000ff300000, 0x00000000ff300000|100%| O|  |TAMS 0x00000000ff200000| PB 0x00000000ff200000| Untracked 
|1523|0x00000000ff300000, 0x00000000ff400000, 0x00000000ff400000|100%| O|  |TAMS 0x00000000ff300000| PB 0x00000000ff300000| Untracked 
|1524|0x00000000ff400000, 0x00000000ff500000, 0x00000000ff500000|100%| O|  |TAMS 0x00000000ff400000| PB 0x00000000ff400000| Untracked 
|1525|0x00000000ff500000, 0x00000000ff600000, 0x00000000ff600000|100%| O|  |TAMS 0x00000000ff500000| PB 0x00000000ff500000| Untracked 
|1526|0x00000000ff600000, 0x00000000ff700000, 0x00000000ff700000|100%| O|  |TAMS 0x00000000ff600000| PB 0x00000000ff600000| Untracked 
|1527|0x00000000ff700000, 0x00000000ff800000, 0x00000000ff800000|100%| O|  |TAMS 0x00000000ff700000| PB 0x00000000ff700000| Untracked 
|1528|0x00000000ff800000, 0x00000000ff900000, 0x00000000ff900000|100%| E|CS|TAMS 0x00000000ff800000| PB 0x00000000ff800000| Complete 
|1529|0x00000000ff900000, 0x00000000ffa00000, 0x00000000ffa00000|100%| O|  |TAMS 0x00000000ff900000| PB 0x00000000ff900000| Untracked 
|1530|0x00000000ffa00000, 0x00000000ffb00000, 0x00000000ffb00000|100%| O|  |TAMS 0x00000000ffa00000| PB 0x00000000ffa00000| Untracked 
|1531|0x00000000ffb00000, 0x00000000ffc00000, 0x00000000ffc00000|100%| O|  |TAMS 0x00000000ffb00000| PB 0x00000000ffb00000| Untracked 
|1532|0x00000000ffc00000, 0x00000000ffd00000, 0x00000000ffd00000|100%| O|  |TAMS 0x00000000ffc00000| PB 0x00000000ffc00000| Untracked 
|1533|0x00000000ffd00000, 0x00000000ffe00000, 0x00000000ffe00000|100%| E|CS|TAMS 0x00000000ffd00000| PB 0x00000000ffd00000| Complete 
|1534|0x00000000ffe00000, 0x00000000fff00000, 0x00000000fff00000|100%| O|  |TAMS 0x00000000ffe00000| PB 0x00000000ffe00000| Untracked 
|1535|0x00000000fff00000, 0x0000000100000000, 0x0000000100000000|100%| O|  |TAMS 0x00000000fff00000| PB 0x00000000fff00000| Untracked 

Card table byte_map: [0x000001c8ae820000,0x000001c8aeb20000] _byte_map_base: 0x000001c8ae320000

Marking Bits: (CMBitMap*) 0x000001c89c1efb80
 Bits: [0x000001c8aeb20000, 0x000001c8b0320000)

Polling page: 0x000001c899ce0000

Metaspace:

Usage:
  Non-class:     78.59 MB used.
      Class:     12.81 MB used.
       Both:     91.40 MB used.

Virtual space:
  Non-class space:      128.00 MB reserved,      79.50 MB ( 62%) committed,  2 nodes.
      Class space:      416.00 MB reserved,      13.62 MB (  3%) committed,  1 nodes.
             Both:      544.00 MB reserved,      93.12 MB ( 17%) committed. 

Chunk freelists:
   Non-Class:  15.78 MB
       Class:  2.39 MB
        Both:  18.17 MB

MaxMetaspaceSize: 512.00 MB
CompressedClassSpaceSize: 416.00 MB
Initial GC threshold: 21.00 MB
Current GC threshold: 139.06 MB
CDS: off
 - commit_granule_bytes: 65536.
 - commit_granule_words: 8192.
 - virtual_space_node_default_size: 8388608.
 - enlarge_chunks_in_place: 1.
 - use_allocation_guard: 0.


Internal statistics:

num_allocs_failed_limit: 6.
num_arena_births: 3310.
num_arena_deaths: 0.
num_vsnodes_births: 3.
num_vsnodes_deaths: 0.
num_space_committed: 1490.
num_space_uncommitted: 0.
num_chunks_returned_to_freelist: 6.
num_chunks_taken_from_freelist: 7018.
num_chunk_merges: 6.
num_chunk_splits: 4649.
num_chunks_enlarged: 2994.
num_inconsistent_stats: 0.

CodeHeap 'non-profiled nmethods': size=120000Kb used=4362Kb max_used=4362Kb free=115637Kb
 bounds [0x000001c8a6dd0000, 0x000001c8a7220000, 0x000001c8ae300000]
CodeHeap 'profiled nmethods': size=120000Kb used=15813Kb max_used=15813Kb free=104186Kb
 bounds [0x000001c89f300000, 0x000001c8a0280000, 0x000001c8a6830000]
CodeHeap 'non-nmethods': size=5760Kb used=2654Kb max_used=2690Kb free=3105Kb
 bounds [0x000001c8a6830000, 0x000001c8a6ae0000, 0x000001c8a6dd0000]
CodeCache: size=245760Kb, used=22829Kb, max_used=22865Kb, free=222928Kb
 total_blobs=9127, nmethods=8188, adapters=841, full_count=0
Compilation: enabled, stopped_count=0, restarted_count=0

Compilation events (20 events):
Event: 35.098 Thread 0x000001c8b709b0a0 nmethod 9457 0x000001c8a0264490 code [0x000001c8a0264680, 0x000001c8a0264ab8]
Event: 35.098 Thread 0x000001c8b709b0a0 9458       2       com.google.common.collect.Multimaps$CustomSetMultimap::<init> (17 bytes)
Event: 35.099 Thread 0x000001c8b709b0a0 nmethod 9458 0x000001c8a0264c90 code [0x000001c8a0264e80, 0x000001c8a0265258]
Event: 35.099 Thread 0x000001c8b709b0a0 9454       1       org.gradle.internal.reflect.annotations.impl.DefaultPropertyAnnotationMetadata::getGetter (5 bytes)
Event: 35.099 Thread 0x000001c8b709b0a0 nmethod 9454 0x000001c8a7212690 code [0x000001c8a7212820, 0x000001c8a72128e8]
Event: 35.100 Thread 0x000001c8b709b0a0 9460       2       com.google.common.collect.AbstractMultimap::keySet (23 bytes)
Event: 35.100 Thread 0x000001c8b709b0a0 nmethod 9460 0x000001c8a0265410 code [0x000001c8a02655c0, 0x000001c8a0265788]
Event: 35.100 Thread 0x000001c8b709b0a0 9462       2       com.google.common.collect.AbstractMapBasedMultimap::createMaybeNavigableKeySet (65 bytes)
Event: 35.102 Thread 0x000001c8b709b0a0 nmethod 9462 0x000001c8a0265810 code [0x000001c8a0265a60, 0x000001c8a02664b0]
Event: 35.102 Thread 0x000001c8b709b0a0 9463       2       com.google.common.collect.AbstractMapBasedMultimap$NavigableKeySet::<init> (12 bytes)
Event: 35.102 Thread 0x000001c8b709b0a0 nmethod 9463 0x000001c8a0266810 code [0x000001c8a02669e0, 0x000001c8a0266d68]
Event: 35.102 Thread 0x000001c8b709b0a0 9464       2       com.google.common.collect.AbstractMapBasedMultimap$SortedKeySet::<init> (12 bytes)
Event: 35.102 Thread 0x000001c8b709b0a0 nmethod 9464 0x000001c8a0266f10 code [0x000001c8a02670e0, 0x000001c8a0267410]
Event: 35.102 Thread 0x000001c8b709b0a0 9466       2       org.gradle.tooling.internal.provider.runner.ClientBuildEventGenerator$Disabled::accept (20 bytes)
Event: 35.103 Thread 0x000001c8b709b0a0 nmethod 9466 0x000001c8a0267590 code [0x000001c8a0267740, 0x000001c8a02678b0]
Event: 35.103 Thread 0x000001c8b709b0a0 9465       2       com.google.common.collect.AbstractMapBasedMultimap$KeySet::<init> (11 bytes)
Event: 35.103 Thread 0x000001c8b709b0a0 nmethod 9465 0x000001c8a0267990 code [0x000001c8a0267b40, 0x000001c8a0267e10]
Event: 35.103 Thread 0x000001c8b709b0a0 9461       2       com.google.common.collect.Multimaps$CustomSetMultimap::createKeySet (5 bytes)
Event: 35.103 Thread 0x000001c8b709b0a0 nmethod 9461 0x000001c8a0267f90 code [0x000001c8a0268140, 0x000001c8a0268260]
Event: 35.936 Thread 0x000001c8b709b0a0 9467       2       sun.nio.fs.WindowsPath::normalize (365 bytes)

GC Heap History (20 events):
Event: 22.122 GC heap before
{Heap before GC invocations=16 (full 0):
 garbage-first heap   total 122880K, used 101523K [0x00000000a0000000, 0x0000000100000000)
  region size 1024K, 39 young (39936K), 5 survivors (5120K)
 Metaspace       used 63149K, committed 64576K, reserved 491520K
  class space    used 8651K, committed 9344K, reserved 425984K
}
Event: 22.129 GC heap after
{Heap after GC invocations=17 (full 0):
 garbage-first heap   total 122880K, used 67663K [0x00000000a0000000, 0x0000000100000000)
  region size 1024K, 2 young (2048K), 2 survivors (2048K)
 Metaspace       used 63149K, committed 64576K, reserved 491520K
  class space    used 8651K, committed 9344K, reserved 425984K
}
Event: 23.725 GC heap before
{Heap before GC invocations=17 (full 0):
 garbage-first heap   total 122880K, used 103503K [0x00000000a0000000, 0x0000000100000000)
  region size 1024K, 37 young (37888K), 2 survivors (2048K)
 Metaspace       used 67276K, committed 68864K, reserved 491520K
  class space    used 9278K, committed 10048K, reserved 425984K
}
Event: 23.730 GC heap after
{Heap after GC invocations=18 (full 0):
 garbage-first heap   total 122880K, used 69043K [0x00000000a0000000, 0x0000000100000000)
  region size 1024K, 3 young (3072K), 3 survivors (3072K)
 Metaspace       used 67276K, committed 68864K, reserved 491520K
  class space    used 9278K, committed 10048K, reserved 425984K
}
Event: 25.000 GC heap before
{Heap before GC invocations=19 (full 0):
 garbage-first heap   total 122880K, used 112051K [0x00000000a0000000, 0x0000000100000000)
  region size 1024K, 39 young (39936K), 3 survivors (3072K)
 Metaspace       used 70244K, committed 71872K, reserved 491520K
  class space    used 9661K, committed 10432K, reserved 425984K
}
Event: 25.011 GC heap after
{Heap after GC invocations=20 (full 0):
 garbage-first heap   total 122880K, used 73304K [0x00000000a0000000, 0x0000000100000000)
  region size 1024K, 5 young (5120K), 5 survivors (5120K)
 Metaspace       used 70244K, committed 71872K, reserved 491520K
  class space    used 9661K, committed 10432K, reserved 425984K
}
Event: 26.308 GC heap before
{Heap before GC invocations=20 (full 0):
 garbage-first heap   total 122880K, used 108120K [0x00000000a0000000, 0x0000000100000000)
  region size 1024K, 39 young (39936K), 5 survivors (5120K)
 Metaspace       used 73041K, committed 74560K, reserved 491520K
  class space    used 10039K, committed 10752K, reserved 425984K
}
Event: 26.316 GC heap after
{Heap after GC invocations=21 (full 0):
 garbage-first heap   total 122880K, used 74793K [0x00000000a0000000, 0x0000000100000000)
  region size 1024K, 3 young (3072K), 3 survivors (3072K)
 Metaspace       used 73041K, committed 74560K, reserved 491520K
  class space    used 10039K, committed 10752K, reserved 425984K
}
Event: 27.243 GC heap before
{Heap before GC invocations=21 (full 0):
 garbage-first heap   total 122880K, used 92201K [0x00000000a0000000, 0x0000000100000000)
  region size 1024K, 21 young (21504K), 3 survivors (3072K)
 Metaspace       used 75859K, committed 77504K, reserved 557056K
  class space    used 10439K, committed 11200K, reserved 425984K
}
Event: 27.251 GC heap after
{Heap after GC invocations=22 (full 0):
 garbage-first heap   total 122880K, used 75614K [0x00000000a0000000, 0x0000000100000000)
  region size 1024K, 3 young (3072K), 3 survivors (3072K)
 Metaspace       used 75859K, committed 77504K, reserved 557056K
  class space    used 10439K, committed 11200K, reserved 425984K
}
Event: 28.932 GC heap before
{Heap before GC invocations=23 (full 0):
 garbage-first heap   total 133120K, used 115550K [0x00000000a0000000, 0x0000000100000000)
  region size 1024K, 38 young (38912K), 3 survivors (3072K)
 Metaspace       used 80237K, committed 81792K, reserved 557056K
  class space    used 11043K, committed 11776K, reserved 425984K
}
Event: 28.940 GC heap after
{Heap after GC invocations=24 (full 0):
 garbage-first heap   total 133120K, used 81547K [0x00000000a0000000, 0x0000000100000000)
  region size 1024K, 3 young (3072K), 3 survivors (3072K)
 Metaspace       used 80237K, committed 81792K, reserved 557056K
  class space    used 11043K, committed 11776K, reserved 425984K
}
Event: 30.167 GC heap before
{Heap before GC invocations=24 (full 0):
 garbage-first heap   total 133120K, used 120459K [0x00000000a0000000, 0x0000000100000000)
  region size 1024K, 41 young (41984K), 3 survivors (3072K)
 Metaspace       used 83019K, committed 84608K, reserved 557056K
  class space    used 11432K, committed 12224K, reserved 425984K
}
Event: 30.179 GC heap after
{Heap after GC invocations=25 (full 0):
 garbage-first heap   total 133120K, used 83761K [0x00000000a0000000, 0x0000000100000000)
  region size 1024K, 6 young (6144K), 6 survivors (6144K)
 Metaspace       used 83019K, committed 84608K, reserved 557056K
  class space    used 11432K, committed 12224K, reserved 425984K
}
Event: 30.863 GC heap before
{Heap before GC invocations=25 (full 0):
 garbage-first heap   total 133120K, used 120625K [0x00000000a0000000, 0x0000000100000000)
  region size 1024K, 42 young (43008K), 6 survivors (6144K)
 Metaspace       used 83683K, committed 85376K, reserved 557056K
  class space    used 11517K, committed 12288K, reserved 425984K
}
Event: 30.871 GC heap after
{Heap after GC invocations=26 (full 0):
 garbage-first heap   total 133120K, used 86751K [0x00000000a0000000, 0x0000000100000000)
  region size 1024K, 6 young (6144K), 6 survivors (6144K)
 Metaspace       used 83683K, committed 85376K, reserved 557056K
  class space    used 11517K, committed 12288K, reserved 425984K
}
Event: 32.212 GC heap before
{Heap before GC invocations=27 (full 0):
 garbage-first heap   total 147456K, used 123615K [0x00000000a0000000, 0x0000000100000000)
  region size 1024K, 41 young (41984K), 6 survivors (6144K)
 Metaspace       used 86539K, committed 88256K, reserved 557056K
  class space    used 11932K, committed 12736K, reserved 425984K
}
Event: 32.220 GC heap after
{Heap after GC invocations=28 (full 0):
 garbage-first heap   total 147456K, used 88271K [0x00000000a0000000, 0x0000000100000000)
  region size 1024K, 5 young (5120K), 5 survivors (5120K)
 Metaspace       used 86539K, committed 88256K, reserved 557056K
  class space    used 11932K, committed 12736K, reserved 425984K
}
Event: 33.745 GC heap before
{Heap before GC invocations=28 (full 0):
 garbage-first heap   total 147456K, used 133327K [0x00000000a0000000, 0x0000000100000000)
  region size 1024K, 49 young (50176K), 5 survivors (5120K)
 Metaspace       used 90263K, committed 91968K, reserved 557056K
  class space    used 12628K, committed 13440K, reserved 425984K
}
Event: 33.752 GC heap after
{Heap after GC invocations=29 (full 0):
 garbage-first heap   total 147456K, used 90078K [0x00000000a0000000, 0x0000000100000000)
  region size 1024K, 4 young (4096K), 4 survivors (4096K)
 Metaspace       used 90263K, committed 91968K, reserved 557056K
  class space    used 12628K, committed 13440K, reserved 425984K
}

Dll operation events (3 events):
Event: 0.028 Loaded shared library C:\Program Files\Android\Android Studio\jbr\bin\java.dll
Event: 0.038 Loaded shared library C:\Program Files\Android\Android Studio\jbr\bin\zip.dll
Event: 0.872 Loaded shared library C:\Program Files\Android\Android Studio\jbr\bin\verify.dll

Deoptimization events (20 events):
Event: 34.940 Thread 0x000001c8b765cc40 Uncommon trap: trap_request=0xffffff45 fr.pc=0x000001c8a70895c8 relative=0x0000000000000ce8
Event: 34.940 Thread 0x000001c8b765cc40 Uncommon trap: reason=unstable_if action=reinterpret pc=0x000001c8a70895c8 method=com.esotericsoftware.kryo.io.Input.readString()Ljava/lang/String; @ 28 c2
Event: 34.940 Thread 0x000001c8b765cc40 DEOPT PACKING pc=0x000001c8a70895c8 sp=0x00000064625f8d80
Event: 34.940 Thread 0x000001c8b765cc40 DEOPT UNPACKING pc=0x000001c8a68843a2 sp=0x00000064625f8d58 mode 2
Event: 34.960 Thread 0x000001c8b765cc40 Uncommon trap: trap_request=0xffffff45 fr.pc=0x000001c8a707909c relative=0x00000000000001dc
Event: 34.960 Thread 0x000001c8b765cc40 Uncommon trap: reason=unstable_if action=reinterpret pc=0x000001c8a707909c method=com.esotericsoftware.kryo.io.Input.require(I)I @ 65 c2
Event: 34.960 Thread 0x000001c8b765cc40 DEOPT PACKING pc=0x000001c8a707909c sp=0x00000064625f8bb0
Event: 34.960 Thread 0x000001c8b765cc40 DEOPT UNPACKING pc=0x000001c8a68843a2 sp=0x00000064625f8b60 mode 2
Event: 34.976 Thread 0x000001c8b765cc40 Uncommon trap: trap_request=0xfffffff4 fr.pc=0x000001c8a7096e4c relative=0x000000000000052c
Event: 34.976 Thread 0x000001c8b765cc40 Uncommon trap: reason=null_check action=make_not_entrant pc=0x000001c8a7096e4c method=org.gradle.util.internal.SimpleMapInterner.intern(Ljava/lang/Object;)Ljava/lang/Object; @ 2 c2
Event: 34.976 Thread 0x000001c8b765cc40 DEOPT PACKING pc=0x000001c8a7096e4c sp=0x00000064625f8d30
Event: 34.976 Thread 0x000001c8b765cc40 DEOPT UNPACKING pc=0x000001c8a68843a2 sp=0x00000064625f8ce8 mode 2
Event: 34.976 Thread 0x000001c8b765cc40 Uncommon trap: trap_request=0xffffff45 fr.pc=0x000001c8a70984b4 relative=0x0000000000000514
Event: 34.976 Thread 0x000001c8b765cc40 Uncommon trap: reason=unstable_if action=reinterpret pc=0x000001c8a70984b4 method=org.gradle.util.internal.SimpleMapInterner.intern(Ljava/lang/String;)Ljava/lang/String; @ 1 c2
Event: 34.976 Thread 0x000001c8b765cc40 DEOPT PACKING pc=0x000001c8a70984b4 sp=0x00000064625f8cc0
Event: 34.976 Thread 0x000001c8b765cc40 DEOPT UNPACKING pc=0x000001c8a68843a2 sp=0x00000064625f8c78 mode 2
Event: 34.980 Thread 0x000001c8b765cc40 Uncommon trap: trap_request=0xffffffc6 fr.pc=0x000001c8a70cf3d4 relative=0x0000000000000074
Event: 34.980 Thread 0x000001c8b765cc40 Uncommon trap: reason=bimorphic_or_optimized_type_check action=maybe_recompile pc=0x000001c8a70cf3d4 method=com.google.common.collect.ImmutableList.copyOf(Ljava/util/Collection;)Lcom/google/common/collect/ImmutableList; @ 16 c2
Event: 34.980 Thread 0x000001c8b765cc40 DEOPT PACKING pc=0x000001c8a70cf3d4 sp=0x00000064625f8660
Event: 34.980 Thread 0x000001c8b765cc40 DEOPT UNPACKING pc=0x000001c8a68843a2 sp=0x00000064625f8608 mode 2

Classes loaded (20 events):
Event: 28.985 Loading class java/lang/Override
Event: 28.985 Loading class java/lang/Override done
Event: 30.305 Loading class java/beans/IntrospectionException
Event: 30.306 Loading class java/beans/IntrospectionException done
Event: 31.525 Loading class java/util/concurrent/atomic/AtomicIntegerArray
Event: 31.526 Loading class java/util/concurrent/atomic/AtomicIntegerArray done
Event: 31.530 Loading class java/util/Currency
Event: 31.532 Loading class java/util/Currency done
Event: 31.544 Loading class java/util/concurrent/atomic/AtomicLongArray
Event: 31.544 Loading class java/util/concurrent/atomic/AtomicLongArray done
Event: 31.637 Loading class sun/reflect/generics/repository/FieldRepository
Event: 31.638 Loading class sun/reflect/generics/repository/FieldRepository done
Event: 31.688 Loading class jdk/internal/vm/annotation/ForceInline
Event: 31.688 Loading class jdk/internal/vm/annotation/ForceInline done
Event: 31.817 Loading class java/util/regex/Pattern$Caret
Event: 31.817 Loading class java/util/regex/Pattern$Caret done
Event: 34.338 Loading class java/util/AbstractList$ListItr
Event: 34.338 Loading class java/util/AbstractList$ListItr done
Event: 35.106 Loading class java/util/zip/ZipOutputStream
Event: 35.108 Loading class java/util/zip/ZipOutputStream done

Classes unloaded (0 events):
No events

Classes redefined (0 events):
No events

Internal exceptions (20 events):
Event: 33.875 Thread 0x000001c8b765cc40 Exception <a 'java/lang/ClassNotFoundException'{0x00000000a7b9f560}: com/android/build/gradle/internal/api/BaseVariantOutputImplCustomizer> (0x00000000a7b9f560) 
thrown [s\src\hotspot\share\classfile\systemDictionary.cpp, line 312]
Event: 33.877 Thread 0x000001c8b765cc40 Exception <a 'java/lang/ClassNotFoundException'{0x00000000a7bbfbb0}: com/android/build/gradle/internal/api/ApkVariantOutputImplCustomizer> (0x00000000a7bbfbb0) 
thrown [s\src\hotspot\share\classfile\systemDictionary.cpp, line 312]
Event: 33.878 Thread 0x000001c8b765cc40 Exception <a 'java/lang/ClassNotFoundException'{0x00000000a7bdb320}: com/android/build/gradle/internal/api/ApkVariantOutputImpl_DecoratedCustomizer> (0x00000000a7bdb320) 
thrown [s\src\hotspot\share\classfile\systemDictionary.cpp, line 312]
Event: 34.159 Thread 0x000001c8b765cc40 Exception <a 'java/lang/ClassNotFoundException'{0x00000000a71ea638}: com/android/build/gradle/internal/api/ReadOnlyBuildTypeBeanInfo> (0x00000000a71ea638) 
thrown [s\src\hotspot\share\classfile\systemDictionary.cpp, line 312]
Event: 34.162 Thread 0x000001c8b765cc40 Exception <a 'java/lang/ClassNotFoundException'{0x00000000a71f72d0}: com/android/build/gradle/internal/api/ReadOnlyBaseConfigBeanInfo> (0x00000000a71f72d0) 
thrown [s\src\hotspot\share\classfile\systemDictionary.cpp, line 312]
Event: 34.163 Thread 0x000001c8b765cc40 Exception <a 'java/lang/ClassNotFoundException'{0x00000000a70041f0}: com/android/build/gradle/internal/api/ReadOnlyBaseConfigCustomizer> (0x00000000a70041f0) 
thrown [s\src\hotspot\share\classfile\systemDictionary.cpp, line 312]
Event: 34.165 Thread 0x000001c8b765cc40 Exception <a 'java/lang/ClassNotFoundException'{0x00000000a7021f68}: com/android/build/gradle/internal/api/ReadOnlyBuildTypeCustomizer> (0x00000000a7021f68) 
thrown [s\src\hotspot\share\classfile\systemDictionary.cpp, line 312]
Event: 34.698 Thread 0x000001c8b765cc40 Exception <a 'java/lang/ClassNotFoundException'{0x00000000a63d6138}: org/gradle/api/internal/plugins/NaggingBasePluginConventionBeanInfo> (0x00000000a63d6138) 
thrown [s\src\hotspot\share\classfile\systemDictionary.cpp, line 312]
Event: 34.701 Thread 0x000001c8b765cc40 Exception <a 'java/lang/ClassNotFoundException'{0x00000000a63e2b50}: org/gradle/api/plugins/BasePluginConventionBeanInfo> (0x00000000a63e2b50) 
thrown [s\src\hotspot\share\classfile\systemDictionary.cpp, line 312]
Event: 34.704 Thread 0x000001c8b765cc40 Exception <a 'java/lang/ClassNotFoundException'{0x00000000a63ef530}: org/gradle/api/plugins/BasePluginConventionCustomizer> (0x00000000a63ef530) 
thrown [s\src\hotspot\share\classfile\systemDictionary.cpp, line 312]
Event: 34.708 Thread 0x000001c8b765cc40 Exception <a 'java/lang/ClassNotFoundException'{0x00000000a6207860}: org/gradle/api/internal/plugins/NaggingBasePluginConventionCustomizer> (0x00000000a6207860) 
thrown [s\src\hotspot\share\classfile\systemDictionary.cpp, line 312]
Event: 34.712 Thread 0x000001c8b765cc40 Exception <a 'java/lang/ClassNotFoundException'{0x00000000a6245030}: org/gradle/api/plugins/internal/NaggingJavaPluginConventionBeanInfo> (0x00000000a6245030) 
thrown [s\src\hotspot\share\classfile\systemDictionary.cpp, line 312]
Event: 34.713 Thread 0x000001c8b765cc40 Exception <a 'java/lang/ClassNotFoundException'{0x00000000a6251a48}: org/gradle/api/plugins/JavaPluginConventionBeanInfo> (0x00000000a6251a48) 
thrown [s\src\hotspot\share\classfile\systemDictionary.cpp, line 312]
Event: 34.714 Thread 0x000001c8b765cc40 Exception <a 'java/lang/ClassNotFoundException'{0x00000000a625e428}: org/gradle/api/plugins/JavaPluginConventionCustomizer> (0x00000000a625e428) 
thrown [s\src\hotspot\share\classfile\systemDictionary.cpp, line 312]
Event: 34.721 Thread 0x000001c8b765cc40 Exception <a 'java/lang/ClassNotFoundException'{0x00000000a62806e0}: org/gradle/api/plugins/internal/NaggingJavaPluginConventionCustomizer> (0x00000000a62806e0) 
thrown [s\src\hotspot\share\classfile\systemDictionary.cpp, line 312]
Event: 34.792 Thread 0x000001c8b765cc40 Implicit null exception at 0x000001c8a7209169 to 0x000001c8a7209214
Event: 34.976 Thread 0x000001c8b765cc40 Implicit null exception at 0x000001c8a709695d to 0x000001c8a7096e3c
Event: 34.976 Thread 0x000001c8b765cc40 Implicit null exception at 0x000001c8a7097fdf to 0x000001c8a70984a0
Event: 35.938 Thread 0x000001c8b8e48f30 Exception <a 'sun/nio/fs/WindowsException'{0x00000000a5a097b0}> (0x00000000a5a097b0) 
thrown [s\src\hotspot\share\prims\jni.cpp, line 537]
Event: 35.951 Thread 0x000001c8b8e48f30 Exception <a 'sun/nio/fs/WindowsException'{0x00000000a5a16a80}> (0x00000000a5a16a80) 
thrown [s\src\hotspot\share\prims\jni.cpp, line 537]

ZGC Phase Switch (0 events):
No events

VM Operations (20 events):
Event: 30.863 Executing VM operation: G1CollectForAllocation (G1 Evacuation Pause)
Event: 30.871 Executing VM operation: G1CollectForAllocation (G1 Evacuation Pause) done
Event: 30.928 Executing VM operation: G1PauseRemark
Event: 30.932 Executing VM operation: G1PauseRemark done
Event: 30.956 Executing VM operation: G1PauseCleanup
Event: 30.956 Executing VM operation: G1PauseCleanup done
Event: 31.961 Executing VM operation: Cleanup
Event: 31.961 Executing VM operation: Cleanup done
Event: 32.212 Executing VM operation: G1CollectForAllocation (G1 Evacuation Pause)
Event: 32.220 Executing VM operation: G1CollectForAllocation (G1 Evacuation Pause) done
Event: 33.220 Executing VM operation: Cleanup
Event: 33.220 Executing VM operation: Cleanup done
Event: 33.745 Executing VM operation: G1CollectForAllocation (G1 Evacuation Pause)
Event: 33.752 Executing VM operation: G1CollectForAllocation (G1 Evacuation Pause) done
Event: 34.340 Executing VM operation: HandshakeAllThreads (Deoptimize)
Event: 34.340 Executing VM operation: HandshakeAllThreads (Deoptimize) done
Event: 34.891 Executing VM operation: ICBufferFull
Event: 34.891 Executing VM operation: ICBufferFull done
Event: 35.897 Executing VM operation: Cleanup
Event: 35.897 Executing VM operation: Cleanup done

Memory protections (0 events):
No events

Nmethod flushes (20 events):
Event: 30.932 Thread 0x000001c8b2d9ec30 flushing  nmethod 0x000001c89f937a90
Event: 30.932 Thread 0x000001c8b2d9ec30 flushing  nmethod 0x000001c89ff24a90
Event: 30.932 Thread 0x000001c8b2d9ec30 flushing  nmethod 0x000001c8a6e4fc10
Event: 30.932 Thread 0x000001c8b2d9ec30 flushing  nmethod 0x000001c8a6ed6890
Event: 30.932 Thread 0x000001c8b2d9ec30 flushing  nmethod 0x000001c89f32a310
Event: 30.932 Thread 0x000001c8b2d9ec30 flushing  nmethod 0x000001c89f3a2290
Event: 30.932 Thread 0x000001c8b2d9ec30 flushing  nmethod 0x000001c89f462f90
Event: 30.932 Thread 0x000001c8b2d9ec30 flushing  nmethod 0x000001c89f812290
Event: 30.932 Thread 0x000001c8b2d9ec30 flushing  nmethod 0x000001c89f8fe690
Event: 30.932 Thread 0x000001c8b2d9ec30 flushing  nmethod 0x000001c89f909a10
Event: 30.932 Thread 0x000001c8b2d9ec30 flushing  nmethod 0x000001c89f970490
Event: 30.932 Thread 0x000001c8b2d9ec30 flushing  nmethod 0x000001c89fdcb510
Event: 30.932 Thread 0x000001c8b2d9ec30 flushing  nmethod 0x000001c89fee9f90
Event: 30.932 Thread 0x000001c8b2d9ec30 flushing  nmethod 0x000001c89f789c10
Event: 30.932 Thread 0x000001c8b2d9ec30 flushing  nmethod 0x000001c89f78b810
Event: 30.932 Thread 0x000001c8b2d9ec30 flushing  nmethod 0x000001c89f8d5590
Event: 30.932 Thread 0x000001c8b2d9ec30 flushing  nmethod 0x000001c89f931410
Event: 30.932 Thread 0x000001c8b2d9ec30 flushing  nmethod 0x000001c89f96ee10
Event: 30.932 Thread 0x000001c8b2d9ec30 flushing  nmethod 0x000001c89fdcc390
Event: 30.932 Thread 0x000001c8b2d9ec30 flushing  nmethod 0x000001c89fe9e090

Events (20 events):
Event: 11.462 Thread 0x000001c8b765cc40 Thread added: 0x000001c8b959f970
Event: 13.217 Thread 0x000001c8b765cc40 Thread added: 0x000001c8b959e5c0
Event: 13.843 Thread 0x000001c8b765cc40 Thread added: 0x000001c8b959d8a0
Event: 14.342 Thread 0x000001c8b765cc40 Thread added: 0x000001c8b95a2760
Event: 15.423 Thread 0x000001c8b765cc40 Thread added: 0x000001c8b95a20d0
Event: 15.947 Thread 0x000001c8b765cc40 Thread added: 0x000001c8bba9bf90
Event: 18.261 Thread 0x000001c8b765cc40 Thread added: 0x000001c8bba9ed80
Event: 18.262 Thread 0x000001c8b765cc40 Thread added: 0x000001c8bba9faa0
Event: 18.263 Thread 0x000001c8b765cc40 Thread added: 0x000001c8bba9c620
Event: 18.263 Thread 0x000001c8b765cc40 Thread added: 0x000001c8bbaa0130
Event: 18.264 Thread 0x000001c8b765cc40 Thread added: 0x000001c8bba9d340
Event: 18.264 Thread 0x000001c8b765cc40 Thread added: 0x000001c8bba9e6f0
Event: 18.265 Thread 0x000001c8b765cc40 Thread added: 0x000001c8bba9d9d0
Event: 18.669 Thread 0x000001c8b765cc40 Thread added: 0x000001c8bba9ccb0
Event: 18.670 Thread 0x000001c8b765cc40 Thread added: 0x000001c8bbaa0e50
Event: 18.671 Thread 0x000001c8b765cc40 Thread added: 0x000001c8bbaa07c0
Event: 18.671 Thread 0x000001c8b765cc40 Thread added: 0x000001c8bbaa14e0
Event: 18.672 Thread 0x000001c8b765cc40 Thread added: 0x000001c8bba9e060
Event: 23.535 Thread 0x000001c8b765cc40 Thread added: 0x000001c8bbaa2f20
Event: 27.105 Thread 0x000001c8b765cc40 Thread added: 0x000001c8ba3e3700


Dynamic libraries:
0x00007ff62b430000 - 0x00007ff62b43a000 	C:\Program Files\Android\Android Studio\jbr\bin\java.exe
0x00007ffbec4a0000 - 0x00007ffbec706000 	C:\windows\SYSTEM32\ntdll.dll
0x00007ffb9d780000 - 0x00007ffb9d7a1000 	C:\Program Files\Avast Software\Avast\aswhook.dll
0x00007ffbeb380000 - 0x00007ffbeb449000 	C:\windows\System32\KERNEL32.DLL
0x00007ffbe9b80000 - 0x00007ffbe9f7f000 	C:\windows\System32\KERNELBASE.dll
0x00007ffbe98f0000 - 0x00007ffbe9a3c000 	C:\windows\System32\ucrtbase.dll
0x00007ffb8f200000 - 0x00007ffb8f218000 	C:\Program Files\Android\Android Studio\jbr\bin\jli.dll
0x00007ffb95af0000 - 0x00007ffb95b0b000 	C:\Program Files\Android\Android Studio\jbr\bin\VCRUNTIME140.dll
0x00007ffbeabe0000 - 0x00007ffbeada6000 	C:\windows\System32\USER32.dll
0x00007ffbea110000 - 0x00007ffbea137000 	C:\windows\System32\win32u.dll
0x00007ffbeaac0000 - 0x00007ffbeaaeb000 	C:\windows\System32\GDI32.dll
0x00007ffbc4dd0000 - 0x00007ffbc5061000 	C:\windows\WinSxS\amd64_microsoft.windows.common-controls_6595b64144ccf1df_6.0.26100.8972_none_3e0da176e32f9d4b\COMCTL32.dll
0x00007ffbe9a50000 - 0x00007ffbe9b79000 	C:\windows\System32\gdi32full.dll
0x00007ffbe96b0000 - 0x00007ffbe9753000 	C:\windows\System32\msvcp_win.dll
0x00007ffbeba50000 - 0x00007ffbebaf9000 	C:\windows\System32\msvcrt.dll
0x00007ffbeba10000 - 0x00007ffbeba42000 	C:\windows\System32\IMM32.DLL
0x00007ffb95b10000 - 0x00007ffb95b1c000 	C:\Program Files\Android\Android Studio\jbr\bin\vcruntime140_1.dll
0x00007ffb88750000 - 0x00007ffb887dd000 	C:\Program Files\Android\Android Studio\jbr\bin\msvcp140.dll
0x00007ffb349a0000 - 0x00007ffb35636000 	C:\Program Files\Android\Android Studio\jbr\bin\server\jvm.dll
0x00007ffbeadd0000 - 0x00007ffbeae8c000 	C:\windows\System32\ADVAPI32.dll
0x00007ffbea1d0000 - 0x00007ffbea27a000 	C:\windows\System32\sechost.dll
0x00007ffbebe10000 - 0x00007ffbebf28000 	C:\windows\System32\RPCRT4.dll
0x00007ffbeafa0000 - 0x00007ffbeb022000 	C:\windows\System32\WS2_32.dll
0x00007ffbe1330000 - 0x00007ffbe1366000 	C:\windows\SYSTEM32\WINMM.dll
0x00007ffbe1170000 - 0x00007ffbe117b000 	C:\windows\SYSTEM32\VERSION.dll
0x00007ffbe9510000 - 0x00007ffbe956e000 	C:\windows\SYSTEM32\POWRPROF.dll
0x00007ffbe94f0000 - 0x00007ffbe9505000 	C:\windows\SYSTEM32\UMPDC.dll
0x00007ffbe83a0000 - 0x00007ffbe83bb000 	C:\windows\SYSTEM32\kernel.appcore.dll
0x00007ffb95ae0000 - 0x00007ffb95aea000 	C:\Program Files\Android\Android Studio\jbr\bin\jimage.dll
0x00007ffbe6c50000 - 0x00007ffbe6e92000 	C:\windows\SYSTEM32\DBGHELP.DLL
0x00007ffbeb5f0000 - 0x00007ffbeb975000 	C:\windows\System32\combase.dll
0x00007ffbeb2a0000 - 0x00007ffbeb379000 	C:\windows\System32\OLEAUT32.dll
0x00007ffbcfc70000 - 0x00007ffbcfcab000 	C:\windows\SYSTEM32\dbgcore.DLL
0x00007ffbea050000 - 0x00007ffbea0fc000 	C:\windows\System32\bcryptPrimitives.dll
0x00007ffbb37d0000 - 0x00007ffbb37de000 	C:\Program Files\Android\Android Studio\jbr\bin\instrument.dll
0x00007ffb809d0000 - 0x00007ffb809f0000 	C:\Program Files\Android\Android Studio\jbr\bin\java.dll
0x00007ffb46460000 - 0x00007ffb46478000 	C:\Program Files\Android\Android Studio\jbr\bin\zip.dll
0x00007ffbea300000 - 0x00007ffbeaa88000 	C:\windows\System32\SHELL32.dll
0x00007ffbe7130000 - 0x00007ffbe79cb000 	C:\windows\SYSTEM32\windows.storage.dll
0x00007ffbeb030000 - 0x00007ffbeb129000 	C:\windows\System32\SHCORE.dll
0x00007ffbebbc0000 - 0x00007ffbebc26000 	C:\windows\System32\shlwapi.dll
0x00007ffbe95d0000 - 0x00007ffbe95f9000 	C:\windows\SYSTEM32\profapi.dll
0x00007ffb95ad0000 - 0x00007ffb95ae0000 	C:\Program Files\Android\Android Studio\jbr\bin\net.dll
0x00007ffbd7760000 - 0x00007ffbd7888000 	C:\windows\SYSTEM32\WINHTTP.dll
0x00007ffbe8950000 - 0x00007ffbe89bc000 	C:\windows\system32\mswsock.dll
0x00007ffb38130000 - 0x00007ffb38146000 	C:\Program Files\Android\Android Studio\jbr\bin\nio.dll
0x00007ffb37860000 - 0x00007ffb37870000 	C:\Program Files\Android\Android Studio\jbr\bin\verify.dll
0x00007ffb88520000 - 0x00007ffb88547000 	C:\Users\rajku\.gradle\native\c067742578af261105cb4f569cf0c3c89f3d7b1fecec35dd04571415982c5e48\windows-amd64\native-platform.dll
0x00007ffb883d0000 - 0x00007ffb88514000 	C:\Users\rajku\.gradle\native\38dada09dfb8b06ba9b0570ebf7e218e3eb74d4ef43ca46872605cf95ebc2f47\windows-amd64\native-platform-file-events.dll
0x00007ffb4da40000 - 0x00007ffb4da49000 	C:\Program Files\Android\Android Studio\jbr\bin\management.dll
0x00007ffb4ccd0000 - 0x00007ffb4ccdb000 	C:\Program Files\Android\Android Studio\jbr\bin\management_ext.dll
0x00007ffbec430000 - 0x00007ffbec438000 	C:\windows\System32\PSAPI.DLL
0x00007ffbe8c60000 - 0x00007ffbe8c7b000 	C:\windows\SYSTEM32\CRYPTSP.dll
0x00007ffbe8300000 - 0x00007ffbe8339000 	C:\windows\system32\rsaenh.dll
0x00007ffbe8a00000 - 0x00007ffbe8a32000 	C:\windows\SYSTEM32\USERENV.dll
0x00007ffbe95a0000 - 0x00007ffbe95ca000 	C:\windows\SYSTEM32\bcrypt.dll
0x00007ffbe8c40000 - 0x00007ffbe8c4c000 	C:\windows\SYSTEM32\CRYPTBASE.dll
0x00007ffbe7d80000 - 0x00007ffbe7db3000 	C:\windows\SYSTEM32\IPHLPAPI.DLL
0x00007ffbebf30000 - 0x00007ffbebf3a000 	C:\windows\System32\NSI.dll
0x00007ffb809c0000 - 0x00007ffb809c9000 	C:\Program Files\Android\Android Studio\jbr\bin\extnet.dll
0x00007ffb9f2a0000 - 0x00007ffb9f2a8000 	C:\windows\system32\wshunix.dll

JVMTI agents:
C:\Users\rajku\.gradle\wrapper\dists\gradle-8.5-bin\5t9huq95ubn472n8rpzujfbqh\gradle-8.5\lib\agents\gradle-instrumentation-agent-8.5.jar path:C:\Program Files\Android\Android Studio\jbr\bin\instrument.dll, loaded, initialized, instrumentlib options:none

dbghelp: loaded successfully - version: 4.0.5 - missing functions: none
symbol engine: initialized successfully - sym options: 0x614 - pdb path: .;C:\Program Files\Android\Android Studio\jbr\bin;C:\windows\SYSTEM32;C:\Program Files\Avast Software\Avast;C:\windows\WinSxS\amd64_microsoft.windows.common-controls_6595b64144ccf1df_6.0.26100.8972_none_3e0da176e32f9d4b;C:\Program Files\Android\Android Studio\jbr\bin\server;C:\Users\rajku\.gradle\native\c067742578af261105cb4f569cf0c3c89f3d7b1fecec35dd04571415982c5e48\windows-amd64;C:\Users\rajku\.gradle\native\38dada09dfb8b06ba9b0570ebf7e218e3eb74d4ef43ca46872605cf95ebc2f47\windows-amd64

VM Arguments:
jvm_args: -XX:MaxMetaspaceSize=512m --add-opens=java.base/java.util=ALL-UNNAMED --add-opens=java.base/java.lang=ALL-UNNAMED --add-opens=java.base/java.lang.invoke=ALL-UNNAMED --add-opens=java.prefs/java.util.prefs=ALL-UNNAMED --add-opens=java.base/java.nio.charset=ALL-UNNAMED --add-opens=java.base/java.net=ALL-UNNAMED --add-opens=java.base/java.util.concurrent.atomic=ALL-UNNAMED -Xmx1536m -Dfile.encoding=UTF-8 -Duser.country=IN -Duser.language=en -Duser.variant -javaagent:C:\Users\rajku\.gradle\wrapper\dists\gradle-8.5-bin\5t9huq95ubn472n8rpzujfbqh\gradle-8.5\lib\agents\gradle-instrumentation-agent-8.5.jar 
java_command: org.gradle.launcher.daemon.bootstrap.GradleDaemon 8.5
java_class_path (initial): C:\Users\rajku\.gradle\wrapper\dists\gradle-8.5-bin\5t9huq95ubn472n8rpzujfbqh\gradle-8.5\lib\gradle-launcher-8.5.jar
Launcher Type: SUN_STANDARD

[Global flags]
     intx CICompilerCount                          = 4                                         {product} {ergonomic}
   size_t CompressedClassSpaceSize                 = 436207616                                 {product} {ergonomic}
     uint ConcGCThreads                            = 2                                         {product} {ergonomic}
     uint G1ConcRefinementThreads                  = 8                                         {product} {ergonomic}
   size_t G1HeapRegionSize                         = 1048576                                   {product} {ergonomic}
    uintx GCDrainStackTargetSize                   = 64                                        {product} {ergonomic}
   size_t InitialHeapSize                          = 130023424                                 {product} {ergonomic}
   size_t MarkStackSize                            = 4194304                                   {product} {ergonomic}
   size_t MaxHeapSize                              = 1610612736                                {product} {command line}
   size_t MaxMetaspaceSize                         = 536870912                                 {product} {command line}
   size_t MaxNewSize                               = 965738496                                 {product} {ergonomic}
   size_t MinHeapDeltaBytes                        = 1048576                                   {product} {ergonomic}
   size_t MinHeapSize                              = 8388608                                   {product} {ergonomic}
    uintx NonNMethodCodeHeapSize                   = 5839372                                {pd product} {ergonomic}
    uintx NonProfiledCodeHeapSize                  = 122909434                              {pd product} {ergonomic}
    uintx ProfiledCodeHeapSize                     = 122909434                              {pd product} {ergonomic}
    uintx ReservedCodeCacheSize                    = 251658240                              {pd product} {ergonomic}
     bool SegmentedCodeCache                       = true                                      {product} {ergonomic}
   size_t SoftMaxHeapSize                          = 1610612736                             {manageable} {ergonomic}
     bool UseCompressedOops                        = true                           {product lp64_product} {ergonomic}
     bool UseG1GC                                  = true                                      {product} {ergonomic}
     bool UseLargePagesIndividualAllocation        = false                                  {pd product} {ergonomic}

Logging:
Log output configuration:
 #0: stdout all=warning uptime,level,tags foldmultilines=false
 #1: stderr all=off uptime,level,tags foldmultilines=false

Release file:
JAVA_VERSION="21.0.9" 
MODULES="java.base java.compiler java.datatransfer java.xml java.prefs java.desktop java.instrument java.logging java.management java.security.sasl java.naming java.rmi java.management.rmi java.net.http java.scripting java.security.jgss java.transaction.xa java.sql java.sql.rowset java.xml.crypto java.se java.smartcardio jdk.accessibility jdk.internal.jvmstat jdk.attach jdk.charsets jdk.internal.opt jdk.zipfs jdk.compiler jdk.crypto.ec jdk.crypto.cryptoki jdk.dynalink jdk.hotspot.agent jdk.httpserver jdk.internal.ed jdk.internal.le jdk.internal.vm.ci jdk.jartool jdk.javadoc jdk.jcmd jdk.jdeps jdk.jdwp.agent jdk.jdi jdk.jfr jdk.jlink jdk.jsobject jdk.localedata jdk.management jdk.management.agent jdk.management.jfr jdk.naming.dns jdk.naming.rmi jdk.net jdk.sctp jdk.security.auth jdk.security.jgss jdk.unsupported jdk.unsupported.desktop jdk.xml.dom" 
IMPLEMENTOR="JetBrains s.r.o." 
JAVA_RUNTIME_VERSION="21.0.9+-14787801-b1163.94" 
LIBC="default" 
OS_ARCH="x86_64" 
OS_NAME="Windows" 
SOURCE=".:git:0c757ddc9f2f" 

Environment Variables:
JAVA_HOME=C:\Program Files\Android\Android Studio\jbr
CLASSPATH=D:\itantra\mobile_app_apk\android\\gradle\wrapper\gradle-wrapper.jar
PATH=C:\Program Files\Android\Android Studio\jbr\bin;C:/Users/rajku/.gemini/antigravity/bin;C:\Users\rajku\AppData\Roaming\Antigravity\bin;C:\Python314\Scripts\;C:\Python314\;C:\windows\system32;C:\windows;C:\windows\System32\Wbem;C:\windows\System32\WindowsPowerShell\v1.0\;C:\windows\System32\OpenSSH\;C:\Program Files\Git\cmd;C:\Program Files (x86)\pcsuite\;C:\ProgramData\chocolatey\bin;C:\Users\rajku\;C:\Users\rajku\AppData\Local\Programs\Python\Python311\Scripts\;C:\Users\rajku\AppData\Local\Programs\Python\Python311\;C:\Users\rajku\AppData\Local\Microsoft\WindowsApps;C:\Users\rajku\AppData\Local\Programs\Microsoft VS Code\bin;C:\Program Files\MongoDB\Server\8.2\bin;%JAVA_HOME%\bin;C:\Users\rajku\AppData\Local\Programs\Antigravity\bin;C:\Users\rajku\AppData\Local\Google\Cloud SDK\google-cloud-sdk\bin;C:\Users\rajku\AppData\Roaming\npm;C:\Users\rajku\AppData\Local\Programs\Ollama
USERNAME=rajku
OS=Windows_NT
PROCESSOR_IDENTIFIER=Intel64 Family 6 Model 186 Stepping 3, GenuineIntel
TMP=C:\Users\rajku\AppData\Local\Temp
TEMP=C:\Users\rajku\AppData\Local\Temp




Periodic native trim disabled

JNI global refs:
JNI global refs: 25, weak refs: 12

JNI global refs memory usage: 835, weak refs: 833

Process memory usage:
Resident Set Size: 380788K (4% of 8023876K total physical memory with 293296K free physical memory)

OOME stack traces (most recent first):
Classloader memory used:
Loader org.gradle.internal.classloader.VisitableURLClassLoader                         : 35604K
Loader bootstrap                                                                       : 26864K
Loader org.gradle.internal.classloader.VisitableURLClassLoader$InstrumentingVisitableURLClassLoader: 20590K
Loader org.gradle.initialization.MixInLegacyTypesClassLoader                           : 9569K
Loader jdk.internal.loader.ClassLoaders$PlatformClassLoader                            : 521K
Loader jdk.internal.loader.ClassLoaders$AppClassLoader                                 : 227K
Loader org.gradle.groovy.scripts.internal.DefaultScriptCompilationHandler$ScriptClassLoader: 162K
Loader jdk.internal.reflect.DelegatingClassLoader                                      : 94248B
Loader org.codehaus.groovy.runtime.callsite.CallSiteClassLoader                        : 10144B
Loader sun.reflect.misc.MethodUtil                                                     : 2984B

Classes loaded by more than one classloader:
Class com.google.common.base.PairwiseEquivalence                                      : loaded 2 times (x 83B)
Class com.google.common.base.Equivalence$Identity                                     : loaded 2 times (x 82B)
Class com.google.common.collect.RegularImmutableMap$KeySet                            : loaded 2 times (x 150B)
Class org.gradle.internal.classloader.FilteringClassLoader                            : loaded 2 times (x 105B)
Class [Lcom.google.common.base.AbstractIterator$State;                                : loaded 2 times (x 69B)
Class com.google.common.base.CharMatcher$IsEither                                     : loaded 2 times (x 111B)
Class org.gradle.internal.classloader.ClassLoaderHierarchy                            : loaded 2 times (x 70B)
Class com.google.common.collect.ImmutableEnumSet                                      : loaded 2 times (x 146B)
Class com.google.common.util.concurrent.ExecutionError                                : loaded 2 times (x 82B)
Class com.google.common.collect.ImmutableList$1                                       : loaded 2 times (x 97B)
Class org.gradle.api.internal.classpath.ManifestUtil                                  : loaded 2 times (x 71B)
Class com.google.common.collect.RegularImmutableMap                                   : loaded 2 times (x 121B)
Class com.google.common.collect.ImmutableMap$MapViewOfValuesAsSingletonSets           : loaded 2 times (x 125B)
Class [Lorg.objectweb.asm.Symbol;                                                     : loaded 2 times (x 69B)
Class org.objectweb.asm.ClassVisitor                                                  : loaded 2 times (x 87B)
Class com.google.common.collect.UnmodifiableListIterator                              : loaded 2 times (x 95B)
Class org.objectweb.asm.MethodTooLargeException                                       : loaded 2 times (x 83B)
Class com.google.common.base.Platform$JdkPatternCompiler                              : loaded 2 times (x 75B)
Class [Lcom.google.common.cache.CacheBuilder$OneWeigher;                              : loaded 2 times (x 69B)
Class com.google.common.base.Suppliers                                                : loaded 2 times (x 71B)
Class org.gradle.internal.classloader.DefaultClassLoaderFactory                       : loaded 2 times (x 82B)
Class com.google.common.base.CharMatcher$None                                         : loaded 2 times (x 112B)
Class org.gradle.internal.classloader.ClassLoaderVisitor                              : loaded 2 times (x 76B)
Class [Lcom.google.common.collect.ImmutableMapEntry;                                  : loaded 2 times (x 69B)
Class org.gradle.api.internal.classpath.EffectiveClassPath                            : loaded 2 times (x 90B)
Class com.google.common.collect.ImmutableEnumMap                                      : loaded 2 times (x 125B)
Class com.google.common.collect.ListMultimap                                          : loaded 2 times (x 70B)
Class com.google.common.collect.Sets$1                                                : loaded 2 times (x 139B)
Class org.objectweb.asm.AnnotationVisitor                                             : loaded 2 times (x 77B)
Class com.google.common.base.Splitter                                                 : loaded 2 times (x 72B)
Class org.gradle.api.internal.DefaultClassPathProvider                                : loaded 2 times (x 76B)
Class com.google.common.collect.Sets$2                                                : loaded 2 times (x 139B)
Class [Lorg.gradle.api.internal.ClassPathProvider;                                    : loaded 2 times (x 69B)
Class org.gradle.api.internal.ClassPathProvider                                       : loaded 2 times (x 70B)
Class [Lorg.objectweb.asm.AnnotationVisitor;                                          : loaded 2 times (x 69B)
Class com.google.common.collect.Sets$3                                                : loaded 2 times (x 139B)
Class com.google.common.util.concurrent.AbstractFuture$SafeAtomicHelper               : loaded 2 times (x 79B)
Class com.google.common.cache.LocalCache$LocalLoadingCache                            : loaded 2 times (x 134B)
Class com.google.common.base.AbstractIterator$State                                   : loaded 2 times (x 79B)
Class org.gradle.internal.service.UnknownServiceException                             : loaded 2 times (x 83B)
Class com.google.common.collect.Sets$4                                                : loaded 2 times (x 139B)
Class org.objectweb.asm.ModuleVisitor                                                 : loaded 2 times (x 80B)
Class com.google.common.cache.LocalCache$Strength$1                                   : loaded 2 times (x 81B)
Class com.google.common.util.concurrent.SettableFuture                                : loaded 2 times (x 114B)
Class com.google.common.cache.LocalCache$Strength$2                                   : loaded 2 times (x 81B)
Class com.google.common.cache.LocalCache$Strength$3                                   : loaded 2 times (x 81B)
Class com.google.common.collect.MapDifference                                         : loaded 2 times (x 70B)
Class com.google.common.base.Splitter$1                                               : loaded 2 times (x 77B)
Class org.objectweb.asm.FieldWriter                                                   : loaded 2 times (x 77B)
Class com.google.common.cache.CacheBuilder$NullListener                               : loaded 2 times (x 82B)
Class org.gradle.internal.classpath.TransformedClassPath                              : loaded 2 times (x 96B)
Class com.google.common.cache.CacheLoader$FunctionToCacheLoader                       : loaded 2 times (x 75B)
Class com.google.common.collect.Iterators$ArrayItr                                    : loaded 2 times (x 97B)
Class com.google.common.collect.ImmutableCollection$Builder                           : loaded 2 times (x 76B)
Class com.google.common.base.Joiner                                                   : loaded 2 times (x 79B)
Class com.google.common.base.MoreObjects                                              : loaded 2 times (x 71B)
Class [Lorg.objectweb.asm.Type;                                                       : loaded 2 times (x 69B)
Class com.google.common.collect.Platform                                              : loaded 2 times (x 71B)
Class com.google.common.collect.UnmodifiableIterator                                  : loaded 2 times (x 80B)
Class org.gradle.internal.service.ServiceLocator                                      : loaded 2 times (x 70B)
Class com.google.common.base.Ascii                                                    : loaded 2 times (x 71B)
Class com.google.common.cache.LocalCache$1                                            : loaded 2 times (x 89B)
Class com.google.common.collect.AbstractMapEntry                                      : loaded 2 times (x 81B)
Class com.google.common.collect.Sets$ImprovedAbstractSet                              : loaded 2 times (x 135B)
Class com.google.common.collect.ImmutableList$Builder                                 : loaded 2 times (x 77B)
Class com.google.common.cache.LocalCache$2                                            : loaded 2 times (x 142B)
Class com.google.common.collect.AbstractMultimap                                      : loaded 2 times (x 123B)
Class com.google.common.util.concurrent.AbstractFuture$UnsafeAtomicHelper$1           : loaded 2 times (x 76B)
Class com.google.common.collect.RegularImmutableAsList                                : loaded 2 times (x 216B)
Class com.google.common.util.concurrent.AbstractFuture$Trusted                        : loaded 2 times (x 70B)
Class com.google.common.collect.Iterators                                             : loaded 2 times (x 71B)
Class com.google.common.base.CharMatcher$RangesMatcher                                : loaded 2 times (x 112B)
Class build_6q0ghfex2m7ky4eb05875xkei$_run_closure1                                   : loaded 2 times (x 139B)
Class com.google.common.util.concurrent.UncheckedExecutionException                   : loaded 2 times (x 82B)
Class com.google.common.collect.Lists$StringAsImmutableList                           : loaded 2 times (x 207B)
Class com.google.common.base.CharMatcher$JavaLetterOrDigit                            : loaded 2 times (x 111B)
Class org.gradle.internal.InternalTransformer                                         : loaded 2 times (x 70B)
Class com.google.common.collect.AbstractMapBasedMultimap$KeySet$1                     : loaded 2 times (x 82B)
Class org.objectweb.asm.ClassWriter                                                   : loaded 2 times (x 104B)
Class com.google.common.cache.CacheLoader$UnsupportedLoadingOperationException        : loaded 2 times (x 82B)
Class com.google.common.base.CharMatcher$And                                          : loaded 2 times (x 112B)
Class org.gradle.internal.classloader.ClasspathUtil$1                                 : loaded 2 times (x 76B)
Class com.google.common.base.Objects                                                  : loaded 2 times (x 71B)
Class org.objectweb.asm.FieldVisitor                                                  : loaded 2 times (x 76B)
Class com.google.common.collect.IndexedImmutableSet                                   : loaded 2 times (x 150B)
Class com.google.common.collect.ImmutableMap$1                                        : loaded 2 times (x 81B)
Class com.google.common.collect.BiMap                                                 : loaded 2 times (x 70B)
Class settings_45oobmneggqzdycjcw65v8uef$_run_closure1                                : loaded 2 times (x 139B)
Class org.gradle.api.internal.classpath.DefaultModuleRegistry$DefaultModule           : loaded 2 times (x 86B)
Class com.google.common.primitives.Ints                                               : loaded 2 times (x 71B)
Class com.google.common.collect.AbstractIterator                                      : loaded 2 times (x 82B)
Class com.google.common.math.MathPreconditions                                        : loaded 2 times (x 71B)
Class com.google.common.collect.Multiset                                              : loaded 2 times (x 70B)
Class com.google.common.collect.ArrayListMultimapGwtSerializationDependencies         : loaded 2 times (x 172B)
Class com.google.common.collect.ObjectArrays                                          : loaded 2 times (x 71B)
Class com.google.common.collect.AbstractIndexedListIterator                           : loaded 2 times (x 96B)
Class com.google.common.collect.ImmutableMapEntrySet                                  : loaded 2 times (x 151B)
Class org.gradle.api.internal.classpath.Module                                        : loaded 2 times (x 70B)
Class com.google.common.cache.Weigher                                                 : loaded 2 times (x 70B)
Class org.gradle.api.internal.classpath.UnknownModuleException                        : loaded 2 times (x 82B)
Class org.gradle.cache.GlobalCache                                                    : loaded 2 times (x 70B)
Class com.google.common.base.Stopwatch                                                : loaded 2 times (x 72B)
Class com.google.common.cache.LocalCache$Strength                                     : loaded 2 times (x 81B)
Class com.google.common.cache.Cache                                                   : loaded 2 times (x 70B)
Class com.google.common.util.concurrent.AbstractFuture$Cancellation                   : loaded 2 times (x 72B)
Class com.google.common.collect.ImmutableMap$Builder                                  : loaded 2 times (x 82B)
Class com.google.common.base.NullnessCasts                                            : loaded 2 times (x 71B)
Class com.google.common.cache.RemovalListener                                         : loaded 2 times (x 70B)
Class org.gradle.api.internal.DefaultClassPathRegistry                                : loaded 2 times (x 76B)
Class com.google.common.primitives.IntsMethodsForWeb                                  : loaded 2 times (x 71B)
Class com.google.common.collect.Multimap                                              : loaded 2 times (x 70B)
Class org.gradle.api.internal.ClassPathRegistry                                       : loaded 2 times (x 70B)
Class org.gradle.internal.classpath.DefaultClassPath$ImmutableUniqueList              : loaded 2 times (x 199B)
Class com.google.common.base.ExtraObjectsMethodsForWeb                                : loaded 2 times (x 71B)
Class com.google.common.cache.CacheBuilder                                            : loaded 2 times (x 72B)
Class com.google.common.collect.SingletonImmutableList                                : loaded 2 times (x 207B)
Class settings_45oobmneggqzdycjcw65v8uef$_run_closure1$_closure2                      : loaded 2 times (x 139B)
Class org.gradle.internal.classpath.ClassPath                                         : loaded 2 times (x 70B)
Class org.gradle.api.UncheckedIOException                                             : loaded 2 times (x 82B)
Class com.google.common.collect.ImmutableList$ReverseImmutableList                    : loaded 2 times (x 208B)
Class com.google.common.base.JdkPattern                                               : loaded 2 times (x 75B)
Class org.objectweb.asm.SymbolTable$Entry                                             : loaded 2 times (x 74B)
Class com.google.common.util.concurrent.AbstractFuture$AtomicHelper                   : loaded 2 times (x 78B)
Class org.objectweb.asm.Edge                                                          : loaded 2 times (x 72B)
Class com.google.common.base.Suppliers$SupplierOfInstance                             : loaded 2 times (x 79B)
Class com.google.common.collect.Iterators$1                                           : loaded 2 times (x 81B)
Class com.google.common.cache.LocalCache$ComputingValueReference                      : loaded 2 times (x 96B)
Class com.google.common.collect.SingletonImmutableSet                                 : loaded 2 times (x 146B)
Class com.google.common.collect.ImmutableMap$IteratorBasedImmutableMap                : loaded 2 times (x 125B)
Class com.google.common.cache.LocalCache$Segment                                      : loaded 2 times (x 154B)
Class [Lorg.objectweb.asm.SymbolTable$Entry;                                          : loaded 2 times (x 69B)
Class com.google.common.cache.CacheLoader                                             : loaded 2 times (x 74B)
Class com.google.common.collect.Iterators$4                                           : loaded 2 times (x 82B)
Class com.google.common.collect.ImmutableBiMap                                        : loaded 2 times (x 143B)
Class com.google.common.collect.AbstractListMultimap                                  : loaded 2 times (x 172B)
Class org.gradle.internal.installation.GradleInstallation$1                           : loaded 2 times (x 75B)
Class org.gradle.api.internal.classpath.ModuleRegistry                                : loaded 2 times (x 70B)
Class com.google.common.util.concurrent.internal.InternalFutureFailureAccess          : loaded 2 times (x 72B)
Class com.google.common.collect.Iterators$5                                           : loaded 2 times (x 82B)
Class com.google.common.collect.ImmutableSet$JdkBackedSetBuilderImpl                  : loaded 2 times (x 76B)
Class com.google.common.base.Splitter$SplittingIterator                               : loaded 2 times (x 84B)
Class com.google.common.util.concurrent.AbstractFuture$UnsafeAtomicHelper             : loaded 2 times (x 78B)
Class com.google.common.cache.LocalCache$LocalManualCache$1                           : loaded 2 times (x 75B)
Class com.google.common.base.CharMatcher$ForPredicate                                 : loaded 2 times (x 112B)
Class com.google.common.collect.ImmutableCollection                                   : loaded 2 times (x 125B)
Class com.google.common.base.CharMatcher$AnyOf                                        : loaded 2 times (x 112B)
Class org.gradle.api.internal.classpath.DefaultModuleRegistry                         : loaded 2 times (x 86B)
Class com.google.common.util.concurrent.ListenableFuture                              : loaded 2 times (x 70B)
Class com.google.common.cache.ReferenceEntry                                          : loaded 2 times (x 70B)
Class com.google.common.collect.ImmutableSet$CachingAsList                            : loaded 2 times (x 147B)
Class com.google.common.base.Converter                                                : loaded 2 times (x 90B)
Class com.google.common.collect.Lists                                                 : loaded 2 times (x 71B)
Class com.google.common.base.CharMatcher$Any                                          : loaded 2 times (x 112B)
Class com.google.common.util.concurrent.AbstractFuture                                : loaded 2 times (x 106B)
Class com.google.common.base.FunctionalEquivalence                                    : loaded 2 times (x 83B)
Class com.google.common.collect.Iterators$9                                           : loaded 2 times (x 81B)
Class com.google.common.collect.AbstractMapBasedMultimap                              : loaded 2 times (x 139B)
Class com.google.common.collect.ImmutableAsList                                       : loaded 2 times (x 209B)
Class org.objectweb.asm.RecordComponentVisitor                                        : loaded 2 times (x 77B)
Class com.google.common.cache.CacheLoader$SupplierToCacheLoader                       : loaded 2 times (x 75B)
Class com.google.common.collect.Maps$EntryTransformer                                 : loaded 2 times (x 70B)
Class org.gradle.internal.service.ServiceLookupException                              : loaded 2 times (x 82B)
Class [Lcom.google.common.cache.LocalCache$EntryFactory;                              : loaded 2 times (x 69B)
Class com.google.common.base.CharMatcher$JavaLetter                                   : loaded 2 times (x 111B)
Class org.gradle.internal.classloader.ClassLoaderFactory                              : loaded 2 times (x 70B)
Class com.google.common.cache.LocalCache$LocalManualCache                             : loaded 2 times (x 99B)
Class com.google.common.base.CharMatcher$IsNot                                        : loaded 2 times (x 111B)
Class com.google.common.base.CommonPattern                                            : loaded 2 times (x 74B)
Class org.gradle.internal.service.CachingServiceLocator                               : loaded 2 times (x 82B)
Class com.google.common.collect.AbstractMapBasedMultimap$KeySet                       : loaded 2 times (x 137B)
Class com.google.common.math.IntMath                                                  : loaded 2 times (x 71B)
Class com.google.common.collect.Iterators$10                                          : loaded 2 times (x 81B)
Class com.google.common.collect.ImmutableMapEntry                                     : loaded 2 times (x 85B)
Class com.google.common.base.CharMatcher$JavaDigit                                    : loaded 2 times (x 111B)
Class com.google.common.base.Equivalence                                              : loaded 2 times (x 82B)
Class com.google.common.collect.ImmutableMapEntry$NonTerminalImmutableMapEntry        : loaded 2 times (x 85B)
Class com.google.common.base.Function                                                 : loaded 2 times (x 70B)
Class com.google.common.cache.CacheBuilder$OneWeigher                                 : loaded 2 times (x 82B)
Class com.google.common.collect.RegularImmutableList                                  : loaded 2 times (x 212B)
Class com.google.common.collect.ImmutableBiMapFauxverideShim                          : loaded 2 times (x 120B)
Class org.gradle.internal.classloader.ClasspathUtil                                   : loaded 2 times (x 71B)
Class com.google.common.base.Charsets                                                 : loaded 2 times (x 71B)
Class com.google.common.util.concurrent.Uninterruptibles                              : loaded 2 times (x 71B)
Class com.google.common.collect.Maps                                                  : loaded 2 times (x 71B)
Class com.google.common.base.CharMatcher$JavaUpperCase                                : loaded 2 times (x 111B)
Class org.gradle.api.specs.Spec                                                       : loaded 2 times (x 70B)
Class [Lcom.google.common.collect.ImmutableEntry;                                     : loaded 2 times (x 69B)
Class com.google.common.cache.LocalCache$LoadingValueReference                        : loaded 2 times (x 96B)
Class com.google.common.base.Platform                                                 : loaded 2 times (x 71B)
Class [Lorg.objectweb.asm.AnnotationWriter;                                           : loaded 2 times (x 69B)
Class com.google.common.primitives.Ints$IntConverter                                  : loaded 2 times (x 90B)
Class com.google.common.collect.Maps$8                                                : loaded 2 times (x 82B)
Class com.google.common.collect.Sets$SetView                                          : loaded 2 times (x 138B)
Class com.google.common.cache.LocalCache$StrongValueReference                         : loaded 2 times (x 90B)
Class com.google.common.util.concurrent.AbstractFuture$SynchronizedHelper             : loaded 2 times (x 78B)
Class com.google.common.base.CharMatcher$Invisible                                    : loaded 2 times (x 112B)
Class org.objectweb.asm.Type                                                          : loaded 2 times (x 72B)
Class org.gradle.internal.classloader.VisitableURLClassLoader$InstrumentingVisitableURLClassLoader: loaded 2 times (x 123B)
Class org.objectweb.asm.ByteVector                                                    : loaded 2 times (x 78B)
Class [Lcom.google.common.cache.CacheBuilder$NullListener;                            : loaded 2 times (x 69B)
Class com.google.common.math.IntMath$1                                                : loaded 2 times (x 71B)
Class org.gradle.internal.classloader.VisitableURLClassLoader$Spec                    : loaded 2 times (x 74B)
Class org.gradle.internal.classpath.DefaultClassPath                                  : loaded 2 times (x 90B)
Class org.objectweb.asm.Symbol                                                        : loaded 2 times (x 73B)
Class com.google.common.base.AbstractIterator                                         : loaded 2 times (x 80B)
Class com.google.common.collect.RegularImmutableMap$Values                            : loaded 2 times (x 207B)
Class com.google.common.collect.ImmutableSet                                          : loaded 2 times (x 145B)
Class com.google.common.base.CharMatcher$BitSetMatcher                                : loaded 2 times (x 112B)
Class com.google.common.base.CharMatcher$Ascii                                        : loaded 2 times (x 112B)
Class org.gradle.internal.classloader.ClassLoaderSpec                                 : loaded 2 times (x 71B)
Class org.objectweb.asm.AnnotationWriter                                              : loaded 2 times (x 78B)
Class com.google.common.cache.CacheStats                                              : loaded 2 times (x 71B)
Class org.objectweb.asm.RecordComponentWriter                                         : loaded 2 times (x 78B)
Class com.google.common.util.concurrent.AbstractFuture$Listener                       : loaded 2 times (x 72B)
Class com.google.common.base.CharMatcher$Or                                           : loaded 2 times (x 112B)
Class org.objectweb.asm.Attribute                                                     : loaded 2 times (x 77B)
Class com.google.common.base.Supplier                                                 : loaded 2 times (x 70B)
Class org.gradle.internal.classloader.VisitableURLClassLoader                         : loaded 2 times (x 117B)
Class com.google.common.util.concurrent.AbstractFuture$Waiter                         : loaded 2 times (x 72B)
Class org.gradle.internal.Cast                                                        : loaded 2 times (x 71B)
Class org.gradle.api.Action                                                           : loaded 2 times (x 70B)
Class com.google.common.collect.Sets                                                  : loaded 2 times (x 71B)
Class org.objectweb.asm.Handler                                                       : loaded 2 times (x 72B)
Class com.google.common.base.Strings                                                  : loaded 2 times (x 71B)
Class com.google.common.base.Ticker                                                   : loaded 2 times (x 72B)
Class com.google.common.base.CharMatcher$FastMatcher                                  : loaded 2 times (x 111B)
Class org.gradle.internal.agents.InstrumentingClassLoader                             : loaded 2 times (x 70B)
Class [Lcom.google.common.cache.LocalCache$Segment;                                   : loaded 2 times (x 69B)
Class [Lcom.google.common.cache.LocalCache$Strength;                                  : loaded 2 times (x 69B)
Class com.google.common.cache.CacheBuilder$1                                          : loaded 2 times (x 85B)
Class com.google.common.collect.ImmutableMap                                          : loaded 2 times (x 120B)
Class com.google.common.base.Predicate                                                : loaded 2 times (x 70B)
Class org.gradle.internal.classpath.DefaultClassPath$ImmutableUniqueList$Builder      : loaded 2 times (x 75B)
Class com.google.common.cache.LocalCache                                              : loaded 2 times (x 187B)
Class com.google.common.cache.CacheBuilder$2                                          : loaded 2 times (x 79B)
Class com.google.common.base.CharMatcher$NegatedFastMatcher                           : loaded 2 times (x 113B)
Class com.google.common.cache.CacheBuilder$3                                          : loaded 2 times (x 72B)
Class [Lcom.google.common.collect.AbstractMapEntry;                                   : loaded 2 times (x 69B)
Class com.google.common.collect.ImmutableEntry                                        : loaded 2 times (x 82B)
Class com.google.common.collect.ArrayListMultimap                                     : loaded 2 times (x 172B)
Class com.google.common.base.AbstractIterator$1                                       : loaded 2 times (x 71B)
Class com.google.common.base.CharMatcher$Digit                                        : loaded 2 times (x 112B)
Class org.gradle.api.GradleException                                                  : loaded 2 times (x 82B)
Class build_93tkcne4o3x68w9v4mkydah3e                                                 : loaded 2 times (x 180B)
Class com.google.common.collect.CollectPreconditions                                  : loaded 2 times (x 71B)
Class com.google.common.base.CharMatcher$JavaIsoControl                               : loaded 2 times (x 112B)
Class build_93tkcne4o3x68w9v4mkydah3e$_run_closure1                                   : loaded 2 times (x 139B)
Class com.google.common.collect.SortedMapDifference                                   : loaded 2 times (x 70B)
Class com.google.common.base.CharMatcher$JavaLowerCase                                : loaded 2 times (x 111B)
Class build_6q0ghfex2m7ky4eb05875xkei                                                 : loaded 2 times (x 180B)
Class com.google.common.cache.LocalCache$EntryFactory                                 : loaded 2 times (x 83B)
Class com.google.common.cache.LocalCache$AbstractReferenceEntry                       : loaded 2 times (x 107B)
Class com.google.common.base.Splitter$1$1                                             : loaded 2 times (x 86B)
Class com.google.common.base.CharMatcher$Whitespace                                   : loaded 2 times (x 112B)
Class org.gradle.internal.IoActions                                                   : loaded 2 times (x 71B)
Class org.objectweb.asm.SymbolTable                                                   : loaded 2 times (x 72B)
Class com.google.common.cache.CacheLoader$InvalidCacheLoadException                   : loaded 2 times (x 82B)
Class com.google.common.collect.ImmutableSet$RegularSetBuilderImpl                    : loaded 2 times (x 77B)
Class com.google.common.base.CharMatcher$SingleWidth                                  : loaded 2 times (x 112B)
Class org.gradle.internal.classloader.SystemClassLoaderSpec                           : loaded 2 times (x 71B)
Class com.google.common.cache.LocalCache$StrongEntry                                  : loaded 2 times (x 108B)
Class com.google.common.util.concurrent.AbstractFuture$TrustedFuture                  : loaded 2 times (x 114B)
Class com.google.common.cache.LoadingCache                                            : loaded 2 times (x 70B)
Class org.objectweb.asm.MethodWriter                                                  : loaded 2 times (x 105B)
Class [Lcom.google.common.cache.Weigher;                                              : loaded 2 times (x 69B)
Class com.google.common.collect.RegularImmutableMap$BucketOverflowException           : loaded 2 times (x 82B)
Class com.google.common.cache.LocalCache$ValueReference                               : loaded 2 times (x 70B)
Class com.google.common.base.CharMatcher$Negated                                      : loaded 2 times (x 113B)
Class com.google.common.base.CharMatcher$Is                                           : loaded 2 times (x 111B)
Class com.google.common.util.concurrent.AbstractFuture$Failure                        : loaded 2 times (x 72B)
Class com.google.common.base.PatternCompiler                                          : loaded 2 times (x 70B)
Class com.google.common.base.Equivalence$Equals                                       : loaded 2 times (x 82B)
Class com.google.common.collect.Hashing                                               : loaded 2 times (x 71B)
Class com.google.common.base.Preconditions                                            : loaded 2 times (x 71B)
Class settings_45oobmneggqzdycjcw65v8uef                                              : loaded 2 times (x 179B)
Class com.google.common.base.Joiner$1                                                 : loaded 2 times (x 80B)
Class org.objectweb.asm.Label                                                         : loaded 2 times (x 73B)
Class org.objectweb.asm.CurrentFrame                                                  : loaded 2 times (x 73B)
Class org.objectweb.asm.ClassTooLargeException                                        : loaded 2 times (x 83B)
Class com.google.common.collect.PeekingIterator                                       : loaded 2 times (x 70B)
Class com.google.common.base.CharMatcher                                              : loaded 2 times (x 111B)
Class com.google.common.base.Joiner$2                                                 : loaded 2 times (x 79B)
Class org.objectweb.asm.Frame                                                         : loaded 2 times (x 73B)
Class org.objectweb.asm.MethodVisitor                                                 : loaded 2 times (x 104B)
Class com.google.common.cache.LocalCache$EntryFactory$1                               : loaded 2 times (x 83B)
Class [Lcom.google.common.cache.RemovalListener;                                      : loaded 2 times (x 69B)
Class com.google.common.base.CharMatcher$1                                            : loaded 2 times (x 113B)
Class com.google.common.base.CharMatcher$NamedFastMatcher                             : loaded 2 times (x 112B)
Class com.google.common.cache.LocalCache$EntryFactory$2                               : loaded 2 times (x 83B)
Class org.objectweb.asm.ModuleWriter                                                  : loaded 2 times (x 81B)
Class com.google.common.cache.LocalCache$EntryFactory$3                               : loaded 2 times (x 83B)
Class com.google.common.base.Ticker$1                                                 : loaded 2 times (x 72B)
Class com.google.common.collect.ImmutableMapEntrySet$RegularEntrySet                  : loaded 2 times (x 151B)
Class com.google.common.collect.Maps$BiMapConverter                                   : loaded 2 times (x 90B)
Class com.google.common.cache.LocalCache$EntryFactory$4                               : loaded 2 times (x 83B)
Class com.google.common.collect.ImmutableSet$Builder                                  : loaded 2 times (x 85B)
Class com.google.common.base.CharMatcher$InRange                                      : loaded 2 times (x 111B)
Class com.google.common.cache.LocalCache$EntryFactory$5                               : loaded 2 times (x 83B)
Class com.google.common.cache.LocalCache$EntryFactory$6                               : loaded 2 times (x 83B)
Class org.gradle.internal.installation.CurrentGradleInstallationLocator               : loaded 2 times (x 71B)
Class com.google.common.collect.Maps$KeySet                                           : loaded 2 times (x 137B)
Class com.google.common.cache.LocalCache$EntryFactory$7                               : loaded 2 times (x 83B)
Class com.google.common.collect.ImmutableSet$EmptySetBuilderImpl                      : loaded 2 times (x 76B)
Class com.google.common.collect.ImmutableList                                         : loaded 2 times (x 206B)
Class org.gradle.internal.service.DefaultServiceLocator                               : loaded 2 times (x 83B)
Class com.google.common.cache.LocalCache$EntryFactory$8                               : loaded 2 times (x 83B)
Class com.google.common.collect.ImmutableSet$SetBuilderImpl                           : loaded 2 times (x 76B)
Class org.gradle.internal.installation.CurrentGradleInstallation                      : loaded 2 times (x 73B)
Class com.google.common.cache.CacheLoader$1                                           : loaded 2 times (x 75B)
Class com.google.common.collect.ImmutableList$SubList                                 : loaded 2 times (x 208B)
Class org.gradle.util.internal.GUtil                                                  : loaded 2 times (x 71B)
Class com.google.common.util.concurrent.AbstractFuture$SetFuture                      : loaded 2 times (x 75B)
Class com.google.common.cache.AbstractCache$StatsCounter                              : loaded 2 times (x 70B)
Class com.google.common.collect.Iterators$MergingIterator                             : loaded 2 times (x 81B)
Class com.google.common.collect.RegularImmutableSet                                   : loaded 2 times (x 148B)
Class org.gradle.internal.installation.GradleInstallation                             : loaded 2 times (x 75B)
Class com.google.common.collect.Iterables                                             : loaded 2 times (x 71B)
Class com.google.common.base.Splitter$Strategy                                        : loaded 2 times (x 70B)

---------------  S Y S T E M  ---------------

OS:
 Windows 11 , 64 bit Build 26100 (10.0.26100.9168)
OS uptime: 0 days 2:23 hours
Hyper-V role detected

CPU: total 8 (initial active 8) (4 cores per cpu, 2 threads per core) family 6 model 186 stepping 3 microcode 0x6134, cx8, cmov, fxsr, ht, mmx, 3dnowpref, sse, sse2, sse3, ssse3, sse4.1, sse4.2, popcnt, lzcnt, tsc, tscinvbit, avx, avx2, aes, erms, clmul, bmi1, bmi2, adx, sha, fma, vzeroupper, clflush, clflushopt, clwb, hv, serialize, rdtscp, rdpid, fsrm, f16c, cet_ibt, cet_ss
Processor Information for the first 8 processors :
  Max Mhz: 1200, Current Mhz: 1200, Mhz Limit: 1200

Memory: 4k page, system-wide physical 7835M (278M free)
TotalPageFile size 31387M (AvailPageFile size 39M)
current process WorkingSet (physical memory assigned to process): 373M, peak: 378M
current process commit charge ("private bytes"): 415M, peak: 421M

vm_info: OpenJDK 64-Bit Server VM (21.0.9+-14787801-b1163.94) for windows-amd64 JRE (21.0.9+-14787801-b1163.94), built on 2026-01-27T21:15:44Z by "builder" with MS VC++ 16.10 / 16.11 (VS2019)

END.
