#
# There is insufficient memory for the Java Runtime Environment to continue.
# Native memory allocation (malloc) failed to allocate 1171648 bytes. Error detail: Chunk::new
# Possible reasons:
#   The system is out of physical RAM or swap space
#   This process is running with CompressedOops enabled, and the Java Heap may be blocking the growth of the native heap
# Possible solutions:
#   Reduce memory load on the system
#   Increase physical memory or swap space
#   Check if swap backing store is full
#   Decrease Java heap size (-Xmx/-Xms)
#   Decrease number of Java threads
#   Decrease Java thread stack sizes (-Xss)
#   Set larger code cache with -XX:ReservedCodeCacheSize=
#   JVM is running with Unscaled Compressed Oops mode in which the Java heap is
#     placed in the first 4GB address space. The Java Heap base address is the
#     maximum limit for the native heap growth. Please use -XX:HeapBaseMinAddress
#     to set the Java Heap base and to place the Java Heap above 4GB virtual address.
# This output file may be truncated or incomplete.
#
#  Out of Memory Error (arena.cpp:168), pid=17020, tid=25316
#
# JRE version: OpenJDK Runtime Environment (21.0.9) (build 21.0.9+-14787801-b1163.94)
# Java VM: OpenJDK 64-Bit Server VM (21.0.9+-14787801-b1163.94, mixed mode, tiered, compressed oops, compressed class ptrs, g1 gc, windows-amd64)
# No core dump will be written. Minidumps are not enabled by default on client versions of Windows
#

---------------  S U M M A R Y ------------

Command Line: --add-opens=java.base/java.util=ALL-UNNAMED --add-opens=java.base/java.lang=ALL-UNNAMED --add-opens=java.base/java.lang.invoke=ALL-UNNAMED --add-opens=java.prefs/java.util.prefs=ALL-UNNAMED --add-opens=java.base/java.nio.charset=ALL-UNNAMED --add-opens=java.base/java.net=ALL-UNNAMED --add-opens=java.base/java.util.concurrent.atomic=ALL-UNNAMED -Xmx512m -Dfile.encoding=UTF-8 -Duser.country=IN -Duser.language=en -Duser.variant -javaagent:C:\Users\rajku\.gradle\wrapper\dists\gradle-8.5-bin\5t9huq95ubn472n8rpzujfbqh\gradle-8.5\lib\agents\gradle-instrumentation-agent-8.5.jar org.gradle.launcher.daemon.bootstrap.GradleDaemon 8.5

Host: 13th Gen Intel(R) Core(TM) i3-1315U, 8 cores, 7G,  Windows 11 , 64 bit Build 26100 (10.0.26100.9168)
Time: Fri Aug 28 01:47:15 2026 India Standard Time elapsed time: 40.924070 seconds (0d 0h 0m 40s)

---------------  T H R E A D  ---------------

Current thread (0x00000161ad7e55e0):  JavaThread "C2 CompilerThread0" daemon [_thread_in_native, id=25316, stack(0x0000002069600000,0x0000002069700000) (1024K)]


Current CompileTask:
C2:40924 10903       4       org.gradle.cache.internal.btree.FreeListBlockStore::read (12 bytes)

Stack: [0x0000002069600000,0x0000002069700000]
Native frames: (J=compiled Java code, j=interpreted, Vv=VM code, C=native code)
V  [jvm.dll+0x6d6c99]
V  [jvm.dll+0x866b83]
V  [jvm.dll+0x8691ae]
V  [jvm.dll+0x869893]
V  [jvm.dll+0x280776]
V  [jvm.dll+0xc07cd]
V  [jvm.dll+0xc0d03]
V  [jvm.dll+0x3b986b]
V  [jvm.dll+0x3856a7]
V  [jvm.dll+0x384b1a]
V  [jvm.dll+0x249462]
V  [jvm.dll+0x248a31]
V  [jvm.dll+0x1c7344]
V  [jvm.dll+0x2581ae]
V  [jvm.dll+0x2566f6]
V  [jvm.dll+0x3f48a6]
V  [jvm.dll+0x80f118]
V  [jvm.dll+0x6d54ed]
C  [ucrtbase.dll+0x2cd30]
C  [KERNEL32.DLL+0x2ccb7]
C  [ntdll.dll+0xaad6c]


---------------  P R O C E S S  ---------------

Threads class SMR info:
_java_thread_list=0x00000161b5bdf4e0, length=67, elements={
0x0000016195957960, 0x00000161ad7b0b60, 0x00000161ad7c9180, 0x00000161ad7c9be0,
0x00000161ad7dd830, 0x00000161ad7de290, 0x00000161ad7decf0, 0x00000161ad7d2780,
0x00000161ad7e55e0, 0x00000161ad7e2d20, 0x00000161adafeff0, 0x00000161b2b216e0,
0x00000161b402c440, 0x00000161b3eb0e30, 0x00000161b3eeaa00, 0x00000161b357c030,
0x00000161b3e74b50, 0x00000161b3e751c0, 0x00000161b35feda0, 0x00000161b3602220,
0x00000161b3601500, 0x00000161b3601b90, 0x00000161b3600e70, 0x00000161b35ffac0,
0x00000161b3600150, 0x00000161b36007e0, 0x00000161b631f770, 0x00000161b631ea50,
0x00000161b631dd30, 0x00000161b631d010, 0x00000161b631d6a0, 0x00000161b631fe00,
0x00000161b6320490, 0x00000161b6320b20, 0x00000161b6321840, 0x00000161b6322bf0,
0x00000161b6323910, 0x00000161b24f7ff0, 0x00000161b24f65b0, 0x00000161b24f8680,
0x00000161b24f5890, 0x00000161b24f5f20, 0x00000161b24fa0c0, 0x00000161b24f8d10,
0x00000161b24f72d0, 0x00000161b24f93a0, 0x00000161b24f6c40, 0x00000161b24fa750,
0x00000161b24f9a30, 0x00000161b24fbb00, 0x00000161b24fceb0, 0x00000161b71a7350,
0x00000161b70b5d80, 0x00000161b70b7e50, 0x00000161b70b7130, 0x00000161b70b84e0,
0x00000161b70b77c0, 0x00000161b70b56f0, 0x00000161b70bb2d0, 0x00000161b70b9200,
0x00000161b70bb960, 0x00000161b70bbff0, 0x00000161b70bac40, 0x00000161b70b9890,
0x00000161b70b9f20, 0x00000161b7eb1140, 0x00000161b7eb2b80
}

Java Threads: ( => current thread )
  0x0000016195957960 JavaThread "main"                              [_thread_blocked, id=37656, stack(0x0000002068700000,0x0000002068800000) (1024K)]
  0x00000161ad7b0b60 JavaThread "Common-Cleaner"             daemon [_thread_blocked, id=12808, stack(0x0000002068f00000,0x0000002069000000) (1024K)]
  0x00000161ad7c9180 JavaThread "Reference Handler"          daemon [_thread_blocked, id=32152, stack(0x0000002069000000,0x0000002069100000) (1024K)]
  0x00000161ad7c9be0 JavaThread "Finalizer"                  daemon [_thread_blocked, id=31928, stack(0x0000002069100000,0x0000002069200000) (1024K)]
  0x00000161ad7dd830 JavaThread "Signal Dispatcher"          daemon [_thread_blocked, id=33808, stack(0x0000002069200000,0x0000002069300000) (1024K)]
  0x00000161ad7de290 JavaThread "Attach Listener"            daemon [_thread_blocked, id=19360, stack(0x0000002069300000,0x0000002069400000) (1024K)]
  0x00000161ad7decf0 JavaThread "Service Thread"             daemon [_thread_blocked, id=16324, stack(0x0000002069400000,0x0000002069500000) (1024K)]
  0x00000161ad7d2780 JavaThread "Monitor Deflation Thread"   daemon [_thread_blocked, id=38212, stack(0x0000002069500000,0x0000002069600000) (1024K)]
=>0x00000161ad7e55e0 JavaThread "C2 CompilerThread0"         daemon [_thread_in_native, id=25316, stack(0x0000002069600000,0x0000002069700000) (1024K)]
  0x00000161ad7e2d20 JavaThread "C1 CompilerThread0"         daemon [_thread_blocked, id=1616, stack(0x0000002069700000,0x0000002069800000) (1024K)]
  0x00000161adafeff0 JavaThread "Notification Thread"        daemon [_thread_blocked, id=35784, stack(0x0000002069800000,0x0000002069900000) (1024K)]
  0x00000161b2b216e0 JavaThread "Daemon health stats"               [_thread_blocked, id=36288, stack(0x0000002069900000,0x0000002069a00000) (1024K)]
  0x00000161b402c440 JavaThread "Incoming local TCP Connector on port 49677"        [_thread_in_native, id=21036, stack(0x0000002069f00000,0x000000206a000000) (1024K)]
  0x00000161b3eb0e30 JavaThread "Daemon periodic checks"            [_thread_blocked, id=5324, stack(0x000000206a000000,0x000000206a100000) (1024K)]
  0x00000161b3eeaa00 JavaThread "Daemon"                            [_thread_blocked, id=12348, stack(0x000000206a100000,0x000000206a200000) (1024K)]
  0x00000161b357c030 JavaThread "Handler for socket connection from /127.0.0.1:49677 to /127.0.0.1:49679"        [_thread_in_native, id=33212, stack(0x000000206a200000,0x000000206a300000) (1024K)]
  0x00000161b3e74b50 JavaThread "Cancel handler"                    [_thread_blocked, id=24836, stack(0x000000206a300000,0x000000206a400000) (1024K)]
  0x00000161b3e751c0 JavaThread "Daemon worker"                     [_thread_blocked, id=33240, stack(0x000000206a400000,0x000000206a500000) (1024K)]
  0x00000161b35feda0 JavaThread "Asynchronous log dispatcher for DefaultDaemonConnection: socket connection from /127.0.0.1:49677 to /127.0.0.1:49679"        [_thread_blocked, id=37444, stack(0x000000206a500000,0x000000206a600000) (1024K)]
  0x00000161b3602220 JavaThread "Stdin handler"                     [_thread_blocked, id=38832, stack(0x000000206a600000,0x000000206a700000) (1024K)]
  0x00000161b3601500 JavaThread "Daemon client event forwarder"        [_thread_blocked, id=22144, stack(0x000000206a700000,0x000000206a800000) (1024K)]
  0x00000161b3601b90 JavaThread "Cache worker for journal cache (C:\Users\rajku\.gradle\caches\journal-1)"        [_thread_blocked, id=30480, stack(0x0000002069e00000,0x0000002069f00000) (1024K)]
  0x00000161b3600e70 JavaThread "File lock request listener"        [_thread_in_native, id=35660, stack(0x000000206ac00000,0x000000206ad00000) (1024K)]
  0x00000161b35ffac0 JavaThread "Cache worker for file hash cache (C:\Users\rajku\.gradle\caches\8.5\fileHashes)"        [_thread_in_Java, id=27940, stack(0x000000206ad00000,0x000000206ae00000) (1024K)]
  0x00000161b3600150 JavaThread "File watcher server"        daemon [_thread_in_native, id=36252, stack(0x000000206af00000,0x000000206b000000) (1024K)]
  0x00000161b36007e0 JavaThread "File watcher consumer"      daemon [_thread_blocked, id=35172, stack(0x000000206b000000,0x000000206b100000) (1024K)]
  0x00000161b631f770 JavaThread "Cache worker for checksums cache (D:\itantra\mobile_app_apk\android\.gradle\8.5\checksums)"        [_thread_blocked, id=21952, stack(0x000000206ae00000,0x000000206af00000) (1024K)]
  0x00000161b631ea50 JavaThread "Cache worker for file hash cache (D:\itantra\mobile_app_apk\android\.gradle\8.5\fileHashes)"        [_thread_blocked, id=34776, stack(0x000000206b100000,0x000000206b200000) (1024K)]
  0x00000161b631dd30 JavaThread "Cache worker for cache directory md-supplier (C:\Users\rajku\.gradle\caches\8.5\md-supplier)"        [_thread_blocked, id=35668, stack(0x000000206b200000,0x000000206b300000) (1024K)]
  0x00000161b631d010 JavaThread "Cache worker for cache directory md-rule (C:\Users\rajku\.gradle\caches\8.5\md-rule)"        [_thread_blocked, id=35416, stack(0x000000206b300000,0x000000206b400000) (1024K)]
  0x00000161b631d6a0 JavaThread "Cache worker for file content cache (C:\Users\rajku\.gradle\caches\8.5\fileContent)"        [_thread_blocked, id=32200, stack(0x000000206b400000,0x000000206b500000) (1024K)]
  0x00000161b631fe00 JavaThread "Cache worker for execution history cache (C:\Users\rajku\.gradle\caches\8.5\executionHistory)"        [_thread_blocked, id=13688, stack(0x000000206b500000,0x000000206b600000) (1024K)]
  0x00000161b6320490 JavaThread "jar transforms"                    [_thread_blocked, id=30620, stack(0x000000206b700000,0x000000206b800000) (1024K)]
  0x00000161b6320b20 JavaThread "jar transforms Thread 2"           [_thread_blocked, id=30900, stack(0x000000206b800000,0x000000206b900000) (1024K)]
  0x00000161b6321840 JavaThread "Cache worker for dependencies-accessors (D:\itantra\mobile_app_apk\android\.gradle\8.5\dependencies-accessors)"        [_thread_blocked, id=8716, stack(0x000000206b900000,0x000000206ba00000) (1024K)]
  0x00000161b6322bf0 JavaThread "jar transforms Thread 3"           [_thread_blocked, id=37064, stack(0x000000206ba00000,0x000000206bb00000) (1024K)]
  0x00000161b6323910 JavaThread "Cache worker for Build Output Cleanup Cache (D:\itantra\mobile_app_apk\android\.gradle\buildOutputCleanup)"        [_thread_blocked, id=1608, stack(0x000000206bb00000,0x000000206bc00000) (1024K)]
  0x00000161b24f7ff0 JavaThread "Unconstrained build operations"        [_thread_blocked, id=35740, stack(0x000000206b600000,0x000000206b700000) (1024K)]
  0x00000161b24f65b0 JavaThread "Unconstrained build operations Thread 2"        [_thread_blocked, id=8532, stack(0x000000206bc00000,0x000000206bd00000) (1024K)]
  0x00000161b24f8680 JavaThread "Unconstrained build operations Thread 3"        [_thread_blocked, id=4436, stack(0x000000206bd00000,0x000000206be00000) (1024K)]
  0x00000161b24f5890 JavaThread "Unconstrained build operations Thread 4"        [_thread_blocked, id=12036, stack(0x000000206be00000,0x000000206bf00000) (1024K)]
  0x00000161b24f5f20 JavaThread "Unconstrained build operations Thread 5"        [_thread_blocked, id=34920, stack(0x000000206bf00000,0x000000206c000000) (1024K)]
  0x00000161b24fa0c0 JavaThread "Unconstrained build operations Thread 6"        [_thread_blocked, id=31264, stack(0x000000206c000000,0x000000206c100000) (1024K)]
  0x00000161b24f8d10 JavaThread "Unconstrained build operations Thread 7"        [_thread_blocked, id=38796, stack(0x000000206c100000,0x000000206c200000) (1024K)]
  0x00000161b24f72d0 JavaThread "jar transforms Thread 4"           [_thread_blocked, id=32356, stack(0x000000206c200000,0x000000206c300000) (1024K)]
  0x00000161b24f93a0 JavaThread "jar transforms Thread 5"           [_thread_blocked, id=11984, stack(0x000000206c300000,0x000000206c400000) (1024K)]
  0x00000161b24f6c40 JavaThread "jar transforms Thread 6"           [_thread_blocked, id=12296, stack(0x000000206c400000,0x000000206c500000) (1024K)]
  0x00000161b24fa750 JavaThread "jar transforms Thread 7"           [_thread_blocked, id=1640, stack(0x000000206c500000,0x000000206c600000) (1024K)]
  0x00000161b24f9a30 JavaThread "jar transforms Thread 8"           [_thread_blocked, id=23644, stack(0x000000206c600000,0x000000206c700000) (1024K)]
  0x00000161b24fbb00 JavaThread "Memory manager"                    [_thread_blocked, id=37536, stack(0x000000206c800000,0x000000206c900000) (1024K)]
  0x00000161b24fceb0 JavaThread "build event listener"              [_thread_blocked, id=30132, stack(0x000000206c700000,0x000000206c800000) (1024K)]
  0x00000161b71a7350 JavaThread "included builds"                   [_thread_blocked, id=36840, stack(0x000000206ca00000,0x000000206cb00000) (1024K)]
  0x00000161b70b5d80 JavaThread "Execution worker"                  [_thread_blocked, id=35440, stack(0x000000206cb00000,0x000000206cc00000) (1024K)]
  0x00000161b70b7e50 JavaThread "Execution worker Thread 2"         [_thread_blocked, id=16088, stack(0x000000206cc00000,0x000000206cd00000) (1024K)]
  0x00000161b70b7130 JavaThread "Execution worker Thread 3"         [_thread_blocked, id=36308, stack(0x000000206cd00000,0x000000206ce00000) (1024K)]
  0x00000161b70b84e0 JavaThread "Execution worker Thread 4"         [_thread_blocked, id=30856, stack(0x000000206ce00000,0x000000206cf00000) (1024K)]
  0x00000161b70b77c0 JavaThread "Execution worker Thread 5"         [_thread_blocked, id=38216, stack(0x000000206cf00000,0x000000206d000000) (1024K)]
  0x00000161b70b56f0 JavaThread "Execution worker Thread 6"         [_thread_blocked, id=11888, stack(0x000000206d000000,0x000000206d100000) (1024K)]
  0x00000161b70bb2d0 JavaThread "Execution worker Thread 7"         [_thread_blocked, id=2644, stack(0x000000206d100000,0x000000206d200000) (1024K)]
  0x00000161b70b9200 JavaThread "Cache worker for execution history cache (D:\itantra\mobile_app_apk\android\.gradle\8.5\executionHistory)"        [_thread_blocked, id=5980, stack(0x000000206d200000,0x000000206d300000) (1024K)]
  0x00000161b70bb960 JavaThread "Unconstrained build operations Thread 8"        [_thread_blocked, id=15332, stack(0x000000206c900000,0x000000206ca00000) (1024K)]
  0x00000161b70bbff0 JavaThread "Unconstrained build operations Thread 9"        [_thread_blocked, id=37308, stack(0x000000206d300000,0x000000206d400000) (1024K)]
  0x00000161b70bac40 JavaThread "Unconstrained build operations Thread 10"        [_thread_blocked, id=37080, stack(0x000000206d400000,0x000000206d500000) (1024K)]
  0x00000161b70b9890 JavaThread "Unconstrained build operations Thread 11"        [_thread_blocked, id=26536, stack(0x000000206d500000,0x000000206d600000) (1024K)]
  0x00000161b70b9f20 JavaThread "Unconstrained build operations Thread 12"        [_thread_blocked, id=8524, stack(0x000000206d600000,0x000000206d700000) (1024K)]
  0x00000161b7eb1140 JavaThread "Unconstrained build operations Thread 13"        [_thread_blocked, id=34692, stack(0x000000206d700000,0x000000206d800000) (1024K)]
  0x00000161b7eb2b80 JavaThread "Unconstrained build operations Thread 14"        [_thread_blocked, id=30584, stack(0x000000206d800000,0x000000206d900000) (1024K)]
Total: 67

Other Threads:
  0x00000161ad5b2d90 VMThread "VM Thread"                           [id=37484, stack(0x0000002068e00000,0x0000002068f00000) (1024K)]
  0x00000161ad5a83a0 WatcherThread "VM Periodic Task Thread"        [id=25872, stack(0x0000002068d00000,0x0000002068e00000) (1024K)]
  0x0000016197d4e720 WorkerThread "GC Thread#0"                     [id=12412, stack(0x0000002068800000,0x0000002068900000) (1024K)]
  0x00000161ad5b34d0 WorkerThread "GC Thread#1"                     [id=35892, stack(0x0000002069a00000,0x0000002069b00000) (1024K)]
  0x00000161ad5b3fb0 WorkerThread "GC Thread#2"                     [id=1312, stack(0x0000002069b00000,0x0000002069c00000) (1024K)]
  0x00000161ad5b4350 WorkerThread "GC Thread#3"                     [id=2088, stack(0x0000002069c00000,0x0000002069d00000) (1024K)]
  0x00000161ad5b3c10 WorkerThread "GC Thread#4"                     [id=34196, stack(0x0000002069d00000,0x0000002069e00000) (1024K)]
  0x00000161b2dcd500 WorkerThread "GC Thread#5"                     [id=34992, stack(0x000000206a800000,0x000000206a900000) (1024K)]
  0x00000161b2dcdc40 WorkerThread "GC Thread#6"                     [id=31676, stack(0x000000206a900000,0x000000206aa00000) (1024K)]
  0x00000161b2dcc2e0 WorkerThread "GC Thread#7"                     [id=38724, stack(0x000000206aa00000,0x000000206ab00000) (1024K)]
  0x0000016197d53610 ConcurrentGCThread "G1 Main Marker"            [id=20740, stack(0x0000002068900000,0x0000002068a00000) (1024K)]
  0x0000016197d55e10 WorkerThread "G1 Conc#0"                       [id=22608, stack(0x0000002068a00000,0x0000002068b00000) (1024K)]
  0x00000161b2dcca20 WorkerThread "G1 Conc#1"                       [id=29700, stack(0x000000206ab00000,0x000000206ac00000) (1024K)]
  0x00000161ad473180 ConcurrentGCThread "G1 Refine#0"               [id=16492, stack(0x0000002068b00000,0x0000002068c00000) (1024K)]
  0x00000161ad4759b0 ConcurrentGCThread "G1 Service"                [id=25508, stack(0x0000002068c00000,0x0000002068d00000) (1024K)]
Total: 15

Threads with active compile tasks:
C2 CompilerThread0  40994 10903       4       org.gradle.cache.internal.btree.FreeListBlockStore::read (12 bytes)
Total: 1

VM state: not at safepoint (normal execution)

VM Mutex/Monitor currently owned by a thread: None

Heap address: 0x00000000e0000000, size: 512 MB, Compressed Oops mode: 32-bit

CDS archive(s) not mapped
Compressed class space mapped at: 0x0000000100000000-0x0000000140000000, reserved size: 1073741824
Narrow klass base: 0x0000000000000000, Narrow klass shift: 3, Narrow klass range: 0x140000000

GC Precious Log:
 CardTable entry size: 512
 Card Set container configuration: InlinePtr #cards 5 size 8 Array Of Cards #cards 12 size 40 Howl #buckets 4 coarsen threshold 1843 Howl Bitmap #cards 512 size 80 coarsen threshold 460 Card regions per heap region 1 cards per card region 2048
 CPUs: 8 total, 8 available
 Memory: 7835M
 Large Page Support: Disabled
 NUMA Support: Disabled
 Compressed Oops: Enabled (32-bit)
 Heap Region Size: 1M
 Heap Min Capacity: 8M
 Heap Initial Capacity: 124M
 Heap Max Capacity: 512M
 Pre-touch: Disabled
 Parallel Workers: 8
 Concurrent Workers: 2
 Concurrent Refinement Workers: 8
 Periodic GC: Disabled

Heap:
 garbage-first heap   total 165888K, used 117119K [0x00000000e0000000, 0x0000000100000000)
  region size 1024K, 22 young (22528K), 7 survivors (7168K)
 Metaspace       used 104051K, committed 105920K, reserved 1179648K
  class space    used 14774K, committed 15680K, reserved 1048576K

Heap Regions: E=young(eden), S=young(survivor), O=old, HS=humongous(starts), HC=humongous(continues), CS=collection set, F=free, TAMS=top-at-mark-start, PB=parsable bottom
|   0|0x00000000e0000000, 0x00000000e0100000, 0x00000000e0100000|100%|HS|  |TAMS 0x00000000e0000000| PB 0x00000000e0000000| Complete 
|   1|0x00000000e0100000, 0x00000000e0200000, 0x00000000e0200000|100%|HC|  |TAMS 0x00000000e0100000| PB 0x00000000e0100000| Complete 
|   2|0x00000000e0200000, 0x00000000e0300000, 0x00000000e0300000|100%|HC|  |TAMS 0x00000000e0200000| PB 0x00000000e0200000| Complete 
|   3|0x00000000e0300000, 0x00000000e0400000, 0x00000000e0400000|100%|HC|  |TAMS 0x00000000e0300000| PB 0x00000000e0300000| Complete 
|   4|0x00000000e0400000, 0x00000000e0500000, 0x00000000e0500000|100%| O|  |TAMS 0x00000000e0400000| PB 0x00000000e0400000| Untracked 
|   5|0x00000000e0500000, 0x00000000e0600000, 0x00000000e0600000|100%| O|  |TAMS 0x00000000e0500000| PB 0x00000000e0500000| Untracked 
|   6|0x00000000e0600000, 0x00000000e0700000, 0x00000000e0700000|100%| O|  |TAMS 0x00000000e0600000| PB 0x00000000e0600000| Untracked 
|   7|0x00000000e0700000, 0x00000000e0800000, 0x00000000e0800000|100%| O|  |TAMS 0x00000000e0700000| PB 0x00000000e0700000| Untracked 
|   8|0x00000000e0800000, 0x00000000e0900000, 0x00000000e0900000|100%| O|  |TAMS 0x00000000e0800000| PB 0x00000000e0800000| Untracked 
|   9|0x00000000e0900000, 0x00000000e0a00000, 0x00000000e0a00000|100%| O|  |TAMS 0x00000000e0900000| PB 0x00000000e0900000| Untracked 
|  10|0x00000000e0a00000, 0x00000000e0b00000, 0x00000000e0b00000|100%| O|  |TAMS 0x00000000e0a00000| PB 0x00000000e0a00000| Untracked 
|  11|0x00000000e0b00000, 0x00000000e0c00000, 0x00000000e0c00000|100%| O|  |TAMS 0x00000000e0b00000| PB 0x00000000e0b00000| Untracked 
|  12|0x00000000e0c00000, 0x00000000e0d00000, 0x00000000e0d00000|100%| O|  |TAMS 0x00000000e0c00000| PB 0x00000000e0c00000| Untracked 
|  13|0x00000000e0d00000, 0x00000000e0e00000, 0x00000000e0e00000|100%| O|  |TAMS 0x00000000e0d00000| PB 0x00000000e0d00000| Untracked 
|  14|0x00000000e0e00000, 0x00000000e0f00000, 0x00000000e0f00000|100%| O|  |TAMS 0x00000000e0e00000| PB 0x00000000e0e00000| Untracked 
|  15|0x00000000e0f00000, 0x00000000e1000000, 0x00000000e1000000|100%| O|  |TAMS 0x00000000e0f00000| PB 0x00000000e0f00000| Untracked 
|  16|0x00000000e1000000, 0x00000000e1100000, 0x00000000e1100000|100%| O|  |TAMS 0x00000000e1000000| PB 0x00000000e1000000| Untracked 
|  17|0x00000000e1100000, 0x00000000e1200000, 0x00000000e1200000|100%| O|  |TAMS 0x00000000e1100000| PB 0x00000000e1100000| Untracked 
|  18|0x00000000e1200000, 0x00000000e1300000, 0x00000000e1300000|100%| O|  |TAMS 0x00000000e1200000| PB 0x00000000e1200000| Untracked 
|  19|0x00000000e1300000, 0x00000000e1400000, 0x00000000e1400000|100%| O|  |TAMS 0x00000000e1300000| PB 0x00000000e1300000| Untracked 
|  20|0x00000000e1400000, 0x00000000e1500000, 0x00000000e1500000|100%| O|  |TAMS 0x00000000e1400000| PB 0x00000000e1400000| Untracked 
|  21|0x00000000e1500000, 0x00000000e1600000, 0x00000000e1600000|100%| O|  |TAMS 0x00000000e1500000| PB 0x00000000e1500000| Untracked 
|  22|0x00000000e1600000, 0x00000000e1700000, 0x00000000e1700000|100%| O|  |TAMS 0x00000000e1600000| PB 0x00000000e1600000| Untracked 
|  23|0x00000000e1700000, 0x00000000e1800000, 0x00000000e1800000|100%| O|  |TAMS 0x00000000e1700000| PB 0x00000000e1700000| Untracked 
|  24|0x00000000e1800000, 0x00000000e1900000, 0x00000000e1900000|100%|HS|  |TAMS 0x00000000e1800000| PB 0x00000000e1800000| Complete 
|  25|0x00000000e1900000, 0x00000000e1a00000, 0x00000000e1a00000|100%|HS|  |TAMS 0x00000000e1900000| PB 0x00000000e1900000| Complete 
|  26|0x00000000e1a00000, 0x00000000e1b00000, 0x00000000e1b00000|100%|HC|  |TAMS 0x00000000e1a00000| PB 0x00000000e1a00000| Complete 
|  27|0x00000000e1b00000, 0x00000000e1c00000, 0x00000000e1c00000|100%| O|  |TAMS 0x00000000e1b00000| PB 0x00000000e1b00000| Untracked 
|  28|0x00000000e1c00000, 0x00000000e1d00000, 0x00000000e1d00000|100%| O|  |TAMS 0x00000000e1c00000| PB 0x00000000e1c00000| Untracked 
|  29|0x00000000e1d00000, 0x00000000e1e00000, 0x00000000e1e00000|100%| O|  |TAMS 0x00000000e1d00000| PB 0x00000000e1d00000| Untracked 
|  30|0x00000000e1e00000, 0x00000000e1f00000, 0x00000000e1f00000|100%| O|  |TAMS 0x00000000e1e00000| PB 0x00000000e1e00000| Untracked 
|  31|0x00000000e1f00000, 0x00000000e2000000, 0x00000000e2000000|100%| O|  |TAMS 0x00000000e1f00000| PB 0x00000000e1f00000| Untracked 
|  32|0x00000000e2000000, 0x00000000e2100000, 0x00000000e2100000|100%| O|  |TAMS 0x00000000e2000000| PB 0x00000000e2000000| Untracked 
|  33|0x00000000e2100000, 0x00000000e2200000, 0x00000000e2200000|100%|HS|  |TAMS 0x00000000e2100000| PB 0x00000000e2100000| Complete 
|  34|0x00000000e2200000, 0x00000000e2300000, 0x00000000e2300000|100%|HS|  |TAMS 0x00000000e2200000| PB 0x00000000e2200000| Complete 
|  35|0x00000000e2300000, 0x00000000e2400000, 0x00000000e2400000|100%|HS|  |TAMS 0x00000000e2300000| PB 0x00000000e2300000| Complete 
|  36|0x00000000e2400000, 0x00000000e2500000, 0x00000000e2500000|100%|HC|  |TAMS 0x00000000e2400000| PB 0x00000000e2400000| Complete 
|  37|0x00000000e2500000, 0x00000000e2600000, 0x00000000e2600000|100%|HC|  |TAMS 0x00000000e2500000| PB 0x00000000e2500000| Complete 
|  38|0x00000000e2600000, 0x00000000e2700000, 0x00000000e2700000|100%|HC|  |TAMS 0x00000000e2600000| PB 0x00000000e2600000| Complete 
|  39|0x00000000e2700000, 0x00000000e2800000, 0x00000000e2800000|100%|HS|  |TAMS 0x00000000e2700000| PB 0x00000000e2700000| Complete 
|  40|0x00000000e2800000, 0x00000000e2900000, 0x00000000e2900000|100%|HS|  |TAMS 0x00000000e2800000| PB 0x00000000e2800000| Complete 
|  41|0x00000000e2900000, 0x00000000e2a00000, 0x00000000e2a00000|100%|HC|  |TAMS 0x00000000e2900000| PB 0x00000000e2900000| Complete 
|  42|0x00000000e2a00000, 0x00000000e2b00000, 0x00000000e2b00000|100%| O|  |TAMS 0x00000000e2a00000| PB 0x00000000e2a00000| Untracked 
|  43|0x00000000e2b00000, 0x00000000e2c00000, 0x00000000e2c00000|100%| O|  |TAMS 0x00000000e2b00000| PB 0x00000000e2b00000| Untracked 
|  44|0x00000000e2c00000, 0x00000000e2d00000, 0x00000000e2d00000|100%| O|  |TAMS 0x00000000e2c00000| PB 0x00000000e2c00000| Untracked 
|  45|0x00000000e2d00000, 0x00000000e2e00000, 0x00000000e2e00000|100%| O|  |TAMS 0x00000000e2d00000| PB 0x00000000e2d00000| Untracked 
|  46|0x00000000e2e00000, 0x00000000e2f00000, 0x00000000e2f00000|100%| O|  |TAMS 0x00000000e2e00000| PB 0x00000000e2e00000| Untracked 
|  47|0x00000000e2f00000, 0x00000000e3000000, 0x00000000e3000000|100%| O|  |TAMS 0x00000000e2f00000| PB 0x00000000e2f00000| Untracked 
|  48|0x00000000e3000000, 0x00000000e3100000, 0x00000000e3100000|100%|HS|  |TAMS 0x00000000e3000000| PB 0x00000000e3000000| Complete 
|  49|0x00000000e3100000, 0x00000000e3200000, 0x00000000e3200000|100%| O|  |TAMS 0x00000000e3100000| PB 0x00000000e3100000| Untracked 
|  50|0x00000000e3200000, 0x00000000e3300000, 0x00000000e3300000|100%| O|  |TAMS 0x00000000e3200000| PB 0x00000000e3200000| Untracked 
|  51|0x00000000e3300000, 0x00000000e3400000, 0x00000000e3400000|100%| O|Cm|TAMS 0x00000000e3300000| PB 0x00000000e3300000| Complete 
|  52|0x00000000e3400000, 0x00000000e3500000, 0x00000000e3500000|100%| O|  |TAMS 0x00000000e3400000| PB 0x00000000e3400000| Untracked 
|  53|0x00000000e3500000, 0x00000000e3600000, 0x00000000e3600000|100%| O|  |TAMS 0x00000000e3500000| PB 0x00000000e3500000| Untracked 
|  54|0x00000000e3600000, 0x00000000e3700000, 0x00000000e3700000|100%| O|  |TAMS 0x00000000e3600000| PB 0x00000000e3600000| Untracked 
|  55|0x00000000e3700000, 0x00000000e3800000, 0x00000000e3800000|100%| O|  |TAMS 0x00000000e3700000| PB 0x00000000e3700000| Untracked 
|  56|0x00000000e3800000, 0x00000000e3900000, 0x00000000e3900000|100%|HS|  |TAMS 0x00000000e3800000| PB 0x00000000e3800000| Complete 
|  57|0x00000000e3900000, 0x00000000e3a00000, 0x00000000e3a00000|100%|HC|  |TAMS 0x00000000e3900000| PB 0x00000000e3900000| Complete 
|  58|0x00000000e3a00000, 0x00000000e3b00000, 0x00000000e3b00000|100%|HC|  |TAMS 0x00000000e3a00000| PB 0x00000000e3a00000| Complete 
|  59|0x00000000e3b00000, 0x00000000e3c00000, 0x00000000e3c00000|100%|HC|  |TAMS 0x00000000e3b00000| PB 0x00000000e3b00000| Complete 
|  60|0x00000000e3c00000, 0x00000000e3d00000, 0x00000000e3d00000|100%| O|  |TAMS 0x00000000e3c00000| PB 0x00000000e3c00000| Untracked 
|  61|0x00000000e3d00000, 0x00000000e3e00000, 0x00000000e3e00000|100%| O|  |TAMS 0x00000000e3d00000| PB 0x00000000e3d00000| Untracked 
|  62|0x00000000e3e00000, 0x00000000e3f00000, 0x00000000e3f00000|100%| O|  |TAMS 0x00000000e3e00000| PB 0x00000000e3e00000| Untracked 
|  63|0x00000000e3f00000, 0x00000000e4000000, 0x00000000e4000000|100%| O|  |TAMS 0x00000000e3f00000| PB 0x00000000e3f00000| Untracked 
|  64|0x00000000e4000000, 0x00000000e4100000, 0x00000000e4100000|100%| O|  |TAMS 0x00000000e4000000| PB 0x00000000e4000000| Untracked 
|  65|0x00000000e4100000, 0x00000000e4200000, 0x00000000e4200000|100%| O|  |TAMS 0x00000000e4100000| PB 0x00000000e4100000| Untracked 
|  66|0x00000000e4200000, 0x00000000e4300000, 0x00000000e4300000|100%| O|  |TAMS 0x00000000e4200000| PB 0x00000000e4200000| Untracked 
|  67|0x00000000e4300000, 0x00000000e4400000, 0x00000000e4400000|100%| O|  |TAMS 0x00000000e4300000| PB 0x00000000e4300000| Untracked 
|  68|0x00000000e4400000, 0x00000000e4500000, 0x00000000e4500000|100%| O|  |TAMS 0x00000000e4400000| PB 0x00000000e4400000| Untracked 
|  69|0x00000000e4500000, 0x00000000e4600000, 0x00000000e4600000|100%| O|  |TAMS 0x00000000e4500000| PB 0x00000000e4500000| Untracked 
|  70|0x00000000e4600000, 0x00000000e4700000, 0x00000000e4700000|100%| O|  |TAMS 0x00000000e4600000| PB 0x00000000e4600000| Untracked 
|  71|0x00000000e4700000, 0x00000000e4800000, 0x00000000e4800000|100%| O|  |TAMS 0x00000000e4700000| PB 0x00000000e4700000| Untracked 
|  72|0x00000000e4800000, 0x00000000e4900000, 0x00000000e4900000|100%| O|Cm|TAMS 0x00000000e4800000| PB 0x00000000e4800000| Complete 
|  73|0x00000000e4900000, 0x00000000e4a00000, 0x00000000e4a00000|100%| O|  |TAMS 0x00000000e4900000| PB 0x00000000e4900000| Untracked 
|  74|0x00000000e4a00000, 0x00000000e4b00000, 0x00000000e4b00000|100%| O|  |TAMS 0x00000000e4a00000| PB 0x00000000e4a00000| Untracked 
|  75|0x00000000e4b00000, 0x00000000e4c00000, 0x00000000e4c00000|100%| O|  |TAMS 0x00000000e4b00000| PB 0x00000000e4b00000| Untracked 
|  76|0x00000000e4c00000, 0x00000000e4d00000, 0x00000000e4d00000|100%| O|  |TAMS 0x00000000e4c00000| PB 0x00000000e4c00000| Untracked 
|  77|0x00000000e4d00000, 0x00000000e4e00000, 0x00000000e4e00000|100%| O|  |TAMS 0x00000000e4d00000| PB 0x00000000e4d00000| Untracked 
|  78|0x00000000e4e00000, 0x00000000e4e5fcd0, 0x00000000e4f00000| 37%| O|  |TAMS 0x00000000e4e00000| PB 0x00000000e4e00000| Untracked 
|  79|0x00000000e4f00000, 0x00000000e4f00000, 0x00000000e5000000|  0%| F|  |TAMS 0x00000000e4f00000| PB 0x00000000e4f00000| Untracked 
|  80|0x00000000e5000000, 0x00000000e5000000, 0x00000000e5100000|  0%| F|  |TAMS 0x00000000e5000000| PB 0x00000000e5000000| Untracked 
|  81|0x00000000e5100000, 0x00000000e5100000, 0x00000000e5200000|  0%| F|  |TAMS 0x00000000e5100000| PB 0x00000000e5100000| Untracked 
|  82|0x00000000e5200000, 0x00000000e5200000, 0x00000000e5300000|  0%| F|  |TAMS 0x00000000e5200000| PB 0x00000000e5200000| Untracked 
|  83|0x00000000e5300000, 0x00000000e5300000, 0x00000000e5400000|  0%| F|  |TAMS 0x00000000e5300000| PB 0x00000000e5300000| Untracked 
|  84|0x00000000e5400000, 0x00000000e5400000, 0x00000000e5500000|  0%| F|  |TAMS 0x00000000e5400000| PB 0x00000000e5400000| Untracked 
|  85|0x00000000e5500000, 0x00000000e5500000, 0x00000000e5600000|  0%| F|  |TAMS 0x00000000e5500000| PB 0x00000000e5500000| Untracked 
|  86|0x00000000e5600000, 0x00000000e5600000, 0x00000000e5700000|  0%| F|  |TAMS 0x00000000e5600000| PB 0x00000000e5600000| Untracked 
|  87|0x00000000e5700000, 0x00000000e5700000, 0x00000000e5800000|  0%| F|  |TAMS 0x00000000e5700000| PB 0x00000000e5700000| Untracked 
|  88|0x00000000e5800000, 0x00000000e5800000, 0x00000000e5900000|  0%| F|  |TAMS 0x00000000e5800000| PB 0x00000000e5800000| Untracked 
|  89|0x00000000e5900000, 0x00000000e5900000, 0x00000000e5a00000|  0%| F|  |TAMS 0x00000000e5900000| PB 0x00000000e5900000| Untracked 
|  90|0x00000000e5a00000, 0x00000000e5a00000, 0x00000000e5b00000|  0%| F|  |TAMS 0x00000000e5a00000| PB 0x00000000e5a00000| Untracked 
|  91|0x00000000e5b00000, 0x00000000e5b00000, 0x00000000e5c00000|  0%| F|  |TAMS 0x00000000e5b00000| PB 0x00000000e5b00000| Untracked 
|  92|0x00000000e5c00000, 0x00000000e5c00000, 0x00000000e5d00000|  0%| F|  |TAMS 0x00000000e5c00000| PB 0x00000000e5c00000| Untracked 
|  93|0x00000000e5d00000, 0x00000000e5d00000, 0x00000000e5e00000|  0%| F|  |TAMS 0x00000000e5d00000| PB 0x00000000e5d00000| Untracked 
|  94|0x00000000e5e00000, 0x00000000e5e00000, 0x00000000e5f00000|  0%| F|  |TAMS 0x00000000e5e00000| PB 0x00000000e5e00000| Untracked 
|  95|0x00000000e5f00000, 0x00000000e5f00000, 0x00000000e6000000|  0%| F|  |TAMS 0x00000000e5f00000| PB 0x00000000e5f00000| Untracked 
|  96|0x00000000e6000000, 0x00000000e6100000, 0x00000000e6100000|100%| S|CS|TAMS 0x00000000e6000000| PB 0x00000000e6000000| Complete 
|  97|0x00000000e6100000, 0x00000000e6200000, 0x00000000e6200000|100%| S|CS|TAMS 0x00000000e6100000| PB 0x00000000e6100000| Complete 
|  98|0x00000000e6200000, 0x00000000e6300000, 0x00000000e6300000|100%| S|CS|TAMS 0x00000000e6200000| PB 0x00000000e6200000| Complete 
|  99|0x00000000e6300000, 0x00000000e6400000, 0x00000000e6400000|100%| S|CS|TAMS 0x00000000e6300000| PB 0x00000000e6300000| Complete 
| 100|0x00000000e6400000, 0x00000000e6500000, 0x00000000e6500000|100%| S|CS|TAMS 0x00000000e6400000| PB 0x00000000e6400000| Complete 
| 101|0x00000000e6500000, 0x00000000e6600000, 0x00000000e6600000|100%| S|CS|TAMS 0x00000000e6500000| PB 0x00000000e6500000| Complete 
| 102|0x00000000e6600000, 0x00000000e6700000, 0x00000000e6700000|100%| S|CS|TAMS 0x00000000e6600000| PB 0x00000000e6600000| Complete 
| 103|0x00000000e6700000, 0x00000000e6700000, 0x00000000e6800000|  0%| F|  |TAMS 0x00000000e6700000| PB 0x00000000e6700000| Untracked 
| 104|0x00000000e6800000, 0x00000000e6800000, 0x00000000e6900000|  0%| F|  |TAMS 0x00000000e6800000| PB 0x00000000e6800000| Untracked 
| 105|0x00000000e6900000, 0x00000000e6900000, 0x00000000e6a00000|  0%| F|  |TAMS 0x00000000e6900000| PB 0x00000000e6900000| Untracked 
| 106|0x00000000e6a00000, 0x00000000e6a00000, 0x00000000e6b00000|  0%| F|  |TAMS 0x00000000e6a00000| PB 0x00000000e6a00000| Untracked 
| 107|0x00000000e6b00000, 0x00000000e6b00000, 0x00000000e6c00000|  0%| F|  |TAMS 0x00000000e6b00000| PB 0x00000000e6b00000| Untracked 
| 108|0x00000000e6c00000, 0x00000000e6c00000, 0x00000000e6d00000|  0%| F|  |TAMS 0x00000000e6c00000| PB 0x00000000e6c00000| Untracked 
| 109|0x00000000e6d00000, 0x00000000e6d00000, 0x00000000e6e00000|  0%| F|  |TAMS 0x00000000e6d00000| PB 0x00000000e6d00000| Untracked 
| 110|0x00000000e6e00000, 0x00000000e6e00000, 0x00000000e6f00000|  0%| F|  |TAMS 0x00000000e6e00000| PB 0x00000000e6e00000| Untracked 
| 111|0x00000000e6f00000, 0x00000000e6f00000, 0x00000000e7000000|  0%| F|  |TAMS 0x00000000e6f00000| PB 0x00000000e6f00000| Untracked 
| 112|0x00000000e7000000, 0x00000000e7000000, 0x00000000e7100000|  0%| F|  |TAMS 0x00000000e7000000| PB 0x00000000e7000000| Untracked 
| 113|0x00000000e7100000, 0x00000000e7100000, 0x00000000e7200000|  0%| F|  |TAMS 0x00000000e7100000| PB 0x00000000e7100000| Untracked 
| 114|0x00000000e7200000, 0x00000000e7200000, 0x00000000e7300000|  0%| F|  |TAMS 0x00000000e7200000| PB 0x00000000e7200000| Untracked 
| 115|0x00000000e7300000, 0x00000000e7300000, 0x00000000e7400000|  0%| F|  |TAMS 0x00000000e7300000| PB 0x00000000e7300000| Untracked 
| 116|0x00000000e7400000, 0x00000000e7400000, 0x00000000e7500000|  0%| F|  |TAMS 0x00000000e7400000| PB 0x00000000e7400000| Untracked 
| 117|0x00000000e7500000, 0x00000000e7500000, 0x00000000e7600000|  0%| F|  |TAMS 0x00000000e7500000| PB 0x00000000e7500000| Untracked 
| 118|0x00000000e7600000, 0x00000000e7600000, 0x00000000e7700000|  0%| F|  |TAMS 0x00000000e7600000| PB 0x00000000e7600000| Untracked 
| 119|0x00000000e7700000, 0x00000000e7700000, 0x00000000e7800000|  0%| F|  |TAMS 0x00000000e7700000| PB 0x00000000e7700000| Untracked 
| 120|0x00000000e7800000, 0x00000000e7800000, 0x00000000e7900000|  0%| F|  |TAMS 0x00000000e7800000| PB 0x00000000e7800000| Untracked 
| 121|0x00000000e7900000, 0x00000000e7900000, 0x00000000e7a00000|  0%| F|  |TAMS 0x00000000e7900000| PB 0x00000000e7900000| Untracked 
| 122|0x00000000e7a00000, 0x00000000e7a00000, 0x00000000e7b00000|  0%| F|  |TAMS 0x00000000e7a00000| PB 0x00000000e7a00000| Untracked 
| 123|0x00000000e7b00000, 0x00000000e7b00000, 0x00000000e7c00000|  0%| F|  |TAMS 0x00000000e7b00000| PB 0x00000000e7b00000| Untracked 
| 124|0x00000000e7c00000, 0x00000000e7c00000, 0x00000000e7d00000|  0%| F|  |TAMS 0x00000000e7c00000| PB 0x00000000e7c00000| Untracked 
| 125|0x00000000e7d00000, 0x00000000e7d00000, 0x00000000e7e00000|  0%| F|  |TAMS 0x00000000e7d00000| PB 0x00000000e7d00000| Untracked 
| 126|0x00000000e7e00000, 0x00000000e7e00000, 0x00000000e7f00000|  0%| F|  |TAMS 0x00000000e7e00000| PB 0x00000000e7e00000| Untracked 
| 127|0x00000000e7f00000, 0x00000000e7f00000, 0x00000000e8000000|  0%| F|  |TAMS 0x00000000e7f00000| PB 0x00000000e7f00000| Untracked 
| 128|0x00000000e8000000, 0x00000000e8000000, 0x00000000e8100000|  0%| F|  |TAMS 0x00000000e8000000| PB 0x00000000e8000000| Untracked 
| 129|0x00000000e8100000, 0x00000000e8100000, 0x00000000e8200000|  0%| F|  |TAMS 0x00000000e8100000| PB 0x00000000e8100000| Untracked 
| 130|0x00000000e8200000, 0x00000000e8200000, 0x00000000e8300000|  0%| F|  |TAMS 0x00000000e8200000| PB 0x00000000e8200000| Untracked 
| 131|0x00000000e8300000, 0x00000000e83b0178, 0x00000000e8400000| 68%| E|  |TAMS 0x00000000e8300000| PB 0x00000000e8300000| Complete 
| 132|0x00000000e8400000, 0x00000000e8500000, 0x00000000e8500000|100%| E|CS|TAMS 0x00000000e8400000| PB 0x00000000e8400000| Complete 
| 133|0x00000000e8500000, 0x00000000e8600000, 0x00000000e8600000|100%| E|CS|TAMS 0x00000000e8500000| PB 0x00000000e8500000| Complete 
| 134|0x00000000e8600000, 0x00000000e8700000, 0x00000000e8700000|100%| E|CS|TAMS 0x00000000e8600000| PB 0x00000000e8600000| Complete 
| 135|0x00000000e8700000, 0x00000000e8800000, 0x00000000e8800000|100%| E|CS|TAMS 0x00000000e8700000| PB 0x00000000e8700000| Complete 
| 136|0x00000000e8800000, 0x00000000e8900000, 0x00000000e8900000|100%| E|CS|TAMS 0x00000000e8800000| PB 0x00000000e8800000| Complete 
| 137|0x00000000e8900000, 0x00000000e8a00000, 0x00000000e8a00000|100%| E|  |TAMS 0x00000000e8900000| PB 0x00000000e8900000| Complete 
| 138|0x00000000e8a00000, 0x00000000e8b00000, 0x00000000e8b00000|100%| E|CS|TAMS 0x00000000e8a00000| PB 0x00000000e8a00000| Complete 
| 139|0x00000000e8b00000, 0x00000000e8c00000, 0x00000000e8c00000|100%| E|CS|TAMS 0x00000000e8b00000| PB 0x00000000e8b00000| Complete 
| 140|0x00000000e8c00000, 0x00000000e8d00000, 0x00000000e8d00000|100%| E|CS|TAMS 0x00000000e8c00000| PB 0x00000000e8c00000| Complete 
| 141|0x00000000e8d00000, 0x00000000e8e00000, 0x00000000e8e00000|100%| E|CS|TAMS 0x00000000e8d00000| PB 0x00000000e8d00000| Complete 
| 142|0x00000000e8e00000, 0x00000000e8f00000, 0x00000000e8f00000|100%| E|CS|TAMS 0x00000000e8e00000| PB 0x00000000e8e00000| Complete 
| 143|0x00000000e8f00000, 0x00000000e9000000, 0x00000000e9000000|100%| E|CS|TAMS 0x00000000e8f00000| PB 0x00000000e8f00000| Complete 
| 494|0x00000000fee00000, 0x00000000fef00000, 0x00000000fef00000|100%| E|CS|TAMS 0x00000000fee00000| PB 0x00000000fee00000| Complete 
| 495|0x00000000fef00000, 0x00000000ff000000, 0x00000000ff000000|100%| E|CS|TAMS 0x00000000fef00000| PB 0x00000000fef00000| Complete 
| 496|0x00000000ff000000, 0x00000000ff100000, 0x00000000ff100000|100%| O|  |TAMS 0x00000000ff000000| PB 0x00000000ff000000| Untracked 
| 497|0x00000000ff100000, 0x00000000ff200000, 0x00000000ff200000|100%| O|  |TAMS 0x00000000ff100000| PB 0x00000000ff100000| Untracked 
| 498|0x00000000ff200000, 0x00000000ff300000, 0x00000000ff300000|100%| O|  |TAMS 0x00000000ff200000| PB 0x00000000ff200000| Untracked 
| 499|0x00000000ff300000, 0x00000000ff400000, 0x00000000ff400000|100%| O|  |TAMS 0x00000000ff300000| PB 0x00000000ff300000| Untracked 
| 500|0x00000000ff400000, 0x00000000ff500000, 0x00000000ff500000|100%| O|  |TAMS 0x00000000ff400000| PB 0x00000000ff400000| Untracked 
| 501|0x00000000ff500000, 0x00000000ff600000, 0x00000000ff600000|100%| O|  |TAMS 0x00000000ff500000| PB 0x00000000ff500000| Untracked 
| 502|0x00000000ff600000, 0x00000000ff700000, 0x00000000ff700000|100%| O|  |TAMS 0x00000000ff600000| PB 0x00000000ff600000| Untracked 
| 503|0x00000000ff700000, 0x00000000ff800000, 0x00000000ff800000|100%| O|  |TAMS 0x00000000ff700000| PB 0x00000000ff700000| Untracked 
| 504|0x00000000ff800000, 0x00000000ff900000, 0x00000000ff900000|100%| O|  |TAMS 0x00000000ff800000| PB 0x00000000ff800000| Untracked 
| 505|0x00000000ff900000, 0x00000000ffa00000, 0x00000000ffa00000|100%| O|  |TAMS 0x00000000ff900000| PB 0x00000000ff900000| Untracked 
| 506|0x00000000ffa00000, 0x00000000ffb00000, 0x00000000ffb00000|100%| O|  |TAMS 0x00000000ffa00000| PB 0x00000000ffa00000| Untracked 
| 507|0x00000000ffb00000, 0x00000000ffc00000, 0x00000000ffc00000|100%| O|  |TAMS 0x00000000ffb00000| PB 0x00000000ffb00000| Untracked 
| 508|0x00000000ffc00000, 0x00000000ffd00000, 0x00000000ffd00000|100%| O|  |TAMS 0x00000000ffc00000| PB 0x00000000ffc00000| Untracked 
| 509|0x00000000ffd00000, 0x00000000ffe00000, 0x00000000ffe00000|100%| O|  |TAMS 0x00000000ffd00000| PB 0x00000000ffd00000| Untracked 
| 510|0x00000000ffe00000, 0x00000000fff00000, 0x00000000fff00000|100%| O|  |TAMS 0x00000000ffe00000| PB 0x00000000ffe00000| Untracked 
| 511|0x00000000fff00000, 0x0000000100000000, 0x0000000100000000|100%| O|  |TAMS 0x00000000fff00000| PB 0x00000000fff00000| Untracked 

Card table byte_map: [0x00000161aa2b0000,0x00000161aa3b0000] _byte_map_base: 0x00000161a9bb0000

Marking Bits: (CMBitMap*) 0x0000016197d4ed30
 Bits: [0x00000161aa3b0000, 0x00000161aabb0000)

Polling page: 0x0000016195ba0000

Metaspace:

Usage:
  Non-class:     87.18 MB used.
      Class:     14.43 MB used.
       Both:    101.61 MB used.

Virtual space:
  Non-class space:      128.00 MB reserved,      88.12 MB ( 69%) committed,  2 nodes.
      Class space:        1.00 GB reserved,      15.31 MB (  1%) committed,  1 nodes.
             Both:        1.12 GB reserved,     103.44 MB (  9%) committed. 

Chunk freelists:
   Non-Class:  7.91 MB
       Class:  736.00 KB
        Both:  8.62 MB

MaxMetaspaceSize: unlimited
CompressedClassSpaceSize: 1.00 GB
Initial GC threshold: 21.00 MB
Current GC threshold: 167.94 MB
CDS: off
 - commit_granule_bytes: 65536.
 - commit_granule_words: 8192.
 - virtual_space_node_default_size: 8388608.
 - enlarge_chunks_in_place: 1.
 - use_allocation_guard: 0.


Internal statistics:

num_allocs_failed_limit: 6.
num_arena_births: 3586.
num_arena_deaths: 0.
num_vsnodes_births: 3.
num_vsnodes_deaths: 0.
num_space_committed: 1655.
num_space_uncommitted: 0.
num_chunks_returned_to_freelist: 6.
num_chunks_taken_from_freelist: 7786.
num_chunk_merges: 6.
num_chunk_splits: 5115.
num_chunks_enlarged: 3316.
num_inconsistent_stats: 0.

CodeHeap 'non-profiled nmethods': size=120000Kb used=5265Kb max_used=5265Kb free=114734Kb
 bounds [0x00000161a2950000, 0x00000161a2e80000, 0x00000161a9e80000]
CodeHeap 'profiled nmethods': size=120000Kb used=18216Kb max_used=18216Kb free=101783Kb
 bounds [0x000001619ae80000, 0x000001619c050000, 0x00000161a23b0000]
CodeHeap 'non-nmethods': size=5760Kb used=2648Kb max_used=2710Kb free=3111Kb
 bounds [0x00000161a23b0000, 0x00000161a2660000, 0x00000161a2950000]
CodeCache: size=245760Kb, used=26129Kb, max_used=26191Kb, free=219628Kb
 total_blobs=10395, nmethods=9459, adapters=839, full_count=0
Compilation: enabled, stopped_count=0, restarted_count=0

Compilation events (20 events):
Event: 39.911 Thread 0x00000161ad7e2d20 nmethod 10929 0x000001619c022610 code [0x000001619c0227e0, 0x000001619c022b70]
Event: 39.911 Thread 0x00000161ad7e2d20 10930       3       org.gradle.internal.snapshot.impl.DirectorySnapshotterStatistics$CollectingFileVisitor::preVisitDirectory (14 bytes)
Event: 39.912 Thread 0x00000161ad7e2d20 nmethod 10930 0x000001619c022d10 code [0x000001619c022ee0, 0x000001619c023110]
Event: 39.912 Thread 0x00000161ad7e2d20 10931       3       org.gradle.internal.snapshot.impl.FilteredTrackingMerkleDirectorySnapshotBuilder::enterDirectory (28 bytes)
Event: 39.912 Thread 0x00000161ad7e2d20 nmethod 10931 0x000001619c023290 code [0x000001619c023460, 0x000001619c0237a8]
Event: 39.916 Thread 0x00000161ad7e2d20 10932       3       org.gradle.internal.snapshot.MerkleDirectorySnapshotBuilder$Directory::fold (145 bytes)
Event: 39.920 Thread 0x00000161ad7e2d20 nmethod 10932 0x000001619c023910 code [0x000001619c023e80, 0x000001619c026af0]
Event: 39.920 Thread 0x00000161ad7e2d20 10933       3       org.gradle.internal.snapshot.impl.DirectorySnapshotterStatistics$CollectingFileVisitor::postVisitDirectory (10 bytes)
Event: 39.921 Thread 0x00000161ad7e2d20 nmethod 10933 0x000001619c027c90 code [0x000001619c027e60, 0x000001619c028108]
Event: 39.921 Thread 0x00000161ad7e2d20 10934       3       org.gradle.internal.snapshot.impl.DirectorySnapshotterStatistics$CollectingFileVisitor::postVisitDirectory (7 bytes)
Event: 39.921 Thread 0x00000161ad7e2d20 nmethod 10934 0x000001619c028210 code [0x000001619c0283c0, 0x000001619c028518]
Event: 39.969 Thread 0x00000161ad7e2d20 10935       3       com.google.common.cache.LocalCache$Segment::enqueueNotification (67 bytes)
Event: 39.969 Thread 0x00000161ad7e2d20 nmethod 10935 0x000001619c028610 code [0x000001619c028800, 0x000001619c028c48]
Event: 39.974 Thread 0x00000161ad7e2d20 10936       3       com.google.common.cache.LocalCache$Segment::getNextEvictable (58 bytes)
Event: 39.974 Thread 0x00000161ad7e2d20 nmethod 10936 0x000001619c028e10 code [0x000001619c029040, 0x000001619c0297b8]
Event: 39.974 Thread 0x00000161ad7e2d20 10938       3       com.google.common.cache.LocalCache$Segment::removeEntry (139 bytes)
Event: 39.977 Thread 0x00000161ad7e2d20 nmethod 10938 0x000001619c029a10 code [0x000001619c029e60, 0x000001619c02bdc8]
Event: 39.977 Thread 0x00000161ad7e2d20 10937       3       com.google.common.cache.LocalCache$AccessQueue::iterator (13 bytes)
Event: 39.977 Thread 0x00000161ad7e2d20 nmethod 10937 0x000001619c02cb10 code [0x000001619c02cd00, 0x000001619c02d220]
Event: 39.977 Thread 0x00000161ad7e2d20 10939       3       com.google.common.collect.ImmutableSortedMap::entrySet (5 bytes)

GC Heap History (20 events):
Event: 26.030 GC heap before
{Heap before GC invocations=23 (full 0):
 garbage-first heap   total 126976K, used 109635K [0x00000000e0000000, 0x0000000100000000)
  region size 1024K, 34 young (34816K), 3 survivors (3072K)
 Metaspace       used 76530K, committed 78144K, reserved 1179648K
  class space    used 10526K, committed 11328K, reserved 1048576K
}
Event: 26.036 GC heap after
{Heap after GC invocations=24 (full 0):
 garbage-first heap   total 126976K, used 80724K [0x00000000e0000000, 0x0000000100000000)
  region size 1024K, 4 young (4096K), 4 survivors (4096K)
 Metaspace       used 76530K, committed 78144K, reserved 1179648K
  class space    used 10526K, committed 11328K, reserved 1048576K
}
Event: 27.703 GC heap before
{Heap before GC invocations=24 (full 0):
 garbage-first heap   total 126976K, used 115540K [0x00000000e0000000, 0x0000000100000000)
  region size 1024K, 38 young (38912K), 4 survivors (4096K)
 Metaspace       used 80874K, committed 82560K, reserved 1179648K
  class space    used 11122K, committed 11904K, reserved 1048576K
}
Event: 27.714 GC heap after
{Heap after GC invocations=25 (full 0):
 garbage-first heap   total 126976K, used 82308K [0x00000000e0000000, 0x0000000100000000)
  region size 1024K, 4 young (4096K), 4 survivors (4096K)
 Metaspace       used 80874K, committed 82560K, reserved 1179648K
  class space    used 11122K, committed 11904K, reserved 1048576K
}
Event: 28.792 GC heap before
{Heap before GC invocations=25 (full 0):
 garbage-first heap   total 126976K, used 116100K [0x00000000e0000000, 0x0000000100000000)
  region size 1024K, 37 young (37888K), 4 survivors (4096K)
 Metaspace       used 83062K, committed 84736K, reserved 1179648K
  class space    used 11431K, committed 12224K, reserved 1048576K
}
Event: 28.801 GC heap after
{Heap after GC invocations=26 (full 0):
 garbage-first heap   total 126976K, used 84582K [0x00000000e0000000, 0x0000000100000000)
  region size 1024K, 4 young (4096K), 4 survivors (4096K)
 Metaspace       used 83062K, committed 84736K, reserved 1179648K
  class space    used 11431K, committed 12224K, reserved 1048576K
}
Event: 29.240 GC heap before
{Heap before GC invocations=27 (full 0):
 garbage-first heap   total 142336K, used 117350K [0x00000000e0000000, 0x0000000100000000)
  region size 1024K, 36 young (36864K), 4 survivors (4096K)
 Metaspace       used 83410K, committed 84992K, reserved 1179648K
  class space    used 11474K, committed 12224K, reserved 1048576K
}
Event: 29.246 GC heap after
{Heap after GC invocations=28 (full 0):
 garbage-first heap   total 142336K, used 87134K [0x00000000e0000000, 0x0000000100000000)
  region size 1024K, 5 young (5120K), 5 survivors (5120K)
 Metaspace       used 83410K, committed 84992K, reserved 1179648K
  class space    used 11474K, committed 12224K, reserved 1048576K
}
Event: 30.714 GC heap before
{Heap before GC invocations=28 (full 0):
 garbage-first heap   total 142336K, used 130142K [0x00000000e0000000, 0x0000000100000000)
  region size 1024K, 46 young (47104K), 5 survivors (5120K)
 Metaspace       used 86796K, committed 88512K, reserved 1179648K
  class space    used 11980K, committed 12864K, reserved 1048576K
}
Event: 30.725 GC heap after
{Heap after GC invocations=29 (full 0):
 garbage-first heap   total 142336K, used 88161K [0x00000000e0000000, 0x0000000100000000)
  region size 1024K, 5 young (5120K), 5 survivors (5120K)
 Metaspace       used 86796K, committed 88512K, reserved 1179648K
  class space    used 11980K, committed 12864K, reserved 1048576K
}
Event: 32.137 GC heap before
{Heap before GC invocations=29 (full 0):
 garbage-first heap   total 142336K, used 130145K [0x00000000e0000000, 0x0000000100000000)
  region size 1024K, 46 young (47104K), 5 survivors (5120K)
 Metaspace       used 90242K, committed 92032K, reserved 1179648K
  class space    used 12620K, committed 13504K, reserved 1048576K
}
Event: 32.143 GC heap after
{Heap after GC invocations=30 (full 0):
 garbage-first heap   total 142336K, used 89894K [0x00000000e0000000, 0x0000000100000000)
  region size 1024K, 4 young (4096K), 4 survivors (4096K)
 Metaspace       used 90242K, committed 92032K, reserved 1179648K
  class space    used 12620K, committed 13504K, reserved 1048576K
}
Event: 33.931 GC heap before
{Heap before GC invocations=31 (full 0):
 garbage-first heap   total 152576K, used 131878K [0x00000000e0000000, 0x0000000100000000)
  region size 1024K, 45 young (46080K), 4 survivors (4096K)
 Metaspace       used 93464K, committed 95168K, reserved 1179648K
  class space    used 13101K, committed 13952K, reserved 1048576K
}
Event: 33.938 GC heap after
{Heap after GC invocations=32 (full 0):
 garbage-first heap   total 152576K, used 92481K [0x00000000e0000000, 0x0000000100000000)
  region size 1024K, 6 young (6144K), 6 survivors (6144K)
 Metaspace       used 93464K, committed 95168K, reserved 1179648K
  class space    used 13101K, committed 13952K, reserved 1048576K
}
Event: 35.290 GC heap before
{Heap before GC invocations=32 (full 0):
 garbage-first heap   total 152576K, used 140609K [0x00000000e0000000, 0x0000000100000000)
  region size 1024K, 53 young (54272K), 6 survivors (6144K)
 Metaspace       used 97319K, committed 99136K, reserved 1179648K
  class space    used 13710K, committed 14592K, reserved 1048576K
}
Event: 35.303 GC heap after
{Heap after GC invocations=33 (full 0):
 garbage-first heap   total 152576K, used 94326K [0x00000000e0000000, 0x0000000100000000)
  region size 1024K, 6 young (6144K), 6 survivors (6144K)
 Metaspace       used 97319K, committed 99136K, reserved 1179648K
  class space    used 13710K, committed 14592K, reserved 1048576K
}
Event: 36.553 GC heap before
{Heap before GC invocations=33 (full 0):
 garbage-first heap   total 152576K, used 141430K [0x00000000e0000000, 0x0000000100000000)
  region size 1024K, 52 young (53248K), 6 survivors (6144K)
 Metaspace       used 101191K, committed 102976K, reserved 1179648K
  class space    used 14206K, committed 15104K, reserved 1048576K
}
Event: 36.563 GC heap after
{Heap after GC invocations=34 (full 0):
 garbage-first heap   total 152576K, used 98386K [0x00000000e0000000, 0x0000000100000000)
  region size 1024K, 7 young (7168K), 7 survivors (7168K)
 Metaspace       used 101191K, committed 102976K, reserved 1179648K
  class space    used 14206K, committed 15104K, reserved 1048576K
}
Event: 39.795 GC heap before
{Heap before GC invocations=35 (full 0):
 garbage-first heap   total 165888K, used 142418K [0x00000000e0000000, 0x0000000100000000)
  region size 1024K, 50 young (51200K), 7 survivors (7168K)
 Metaspace       used 104010K, committed 105856K, reserved 1179648K
  class space    used 14771K, committed 15680K, reserved 1048576K
}
Event: 39.808 GC heap after
{Heap after GC invocations=36 (full 0):
 garbage-first heap   total 165888K, used 103807K [0x00000000e0000000, 0x0000000100000000)
  region size 1024K, 7 young (7168K), 7 survivors (7168K)
 Metaspace       used 104010K, committed 105856K, reserved 1179648K
  class space    used 14771K, committed 15680K, reserved 1048576K
}

Dll operation events (3 events):
Event: 0.034 Loaded shared library C:\Program Files\Android\Android Studio\jbr\bin\java.dll
Event: 0.048 Loaded shared library C:\Program Files\Android\Android Studio\jbr\bin\zip.dll
Event: 0.842 Loaded shared library C:\Program Files\Android\Android Studio\jbr\bin\verify.dll

Deoptimization events (20 events):
Event: 39.615 Thread 0x00000161b631fe00 DEOPT PACKING pc=0x00000161a2e5c9e4 sp=0x000000206b5fe100
Event: 39.615 Thread 0x00000161b631fe00 DEOPT UNPACKING pc=0x00000161a24043a2 sp=0x000000206b5fdf08 mode 2
Event: 39.626 Thread 0x00000161b631fe00 Uncommon trap: trap_request=0xffffffd6 fr.pc=0x00000161a2e5c9e4 relative=0x0000000000000ea4
Event: 39.626 Thread 0x00000161b631fe00 Uncommon trap: reason=array_check action=maybe_recompile pc=0x00000161a2e5c9e4 method=com.google.common.collect.RegularImmutableMap.fromEntryArrayCheckingBucketOverflow(I[Ljava/util/Map$Entry;Z)Lcom/google/common/collect/ImmutableMap; @ 220 c2
Event: 39.626 Thread 0x00000161b631fe00 DEOPT PACKING pc=0x00000161a2e5c9e4 sp=0x000000206b5fe100
Event: 39.626 Thread 0x00000161b631fe00 DEOPT UNPACKING pc=0x00000161a24043a2 sp=0x000000206b5fdf08 mode 2
Event: 39.665 Thread 0x00000161b35ffac0 DEOPT PACKING pc=0x000001619b96a3b6 sp=0x000000206adfe000
Event: 39.665 Thread 0x00000161b35ffac0 DEOPT UNPACKING pc=0x00000161a2404b42 sp=0x000000206adfd570 mode 0
Event: 39.703 Thread 0x00000161b35ffac0 DEOPT PACKING pc=0x000001619b96a3b6 sp=0x000000206adfe000
Event: 39.703 Thread 0x00000161b35ffac0 DEOPT UNPACKING pc=0x00000161a2404b42 sp=0x000000206adfd570 mode 0
Event: 39.759 Thread 0x00000161b35ffac0 DEOPT PACKING pc=0x000001619b96a3b6 sp=0x000000206adfe000
Event: 39.760 Thread 0x00000161b35ffac0 DEOPT UNPACKING pc=0x00000161a2404b42 sp=0x000000206adfd570 mode 0
Event: 39.813 Thread 0x00000161b35ffac0 DEOPT PACKING pc=0x000001619b96a3b6 sp=0x000000206adfe000
Event: 39.813 Thread 0x00000161b35ffac0 DEOPT UNPACKING pc=0x00000161a2404b42 sp=0x000000206adfd570 mode 0
Event: 39.979 Thread 0x00000161b71a7350 DEOPT PACKING pc=0x000001619bafcb14 sp=0x000000206cafa2c0
Event: 39.979 Thread 0x00000161b71a7350 DEOPT UNPACKING pc=0x00000161a2404b42 sp=0x000000206caf97b0 mode 0
Event: 39.979 Thread 0x00000161b71a7350 Uncommon trap: trap_request=0xfffffff4 fr.pc=0x00000161a2e6ac20 relative=0x0000000000000100
Event: 39.979 Thread 0x00000161b71a7350 Uncommon trap: reason=null_check action=make_not_entrant pc=0x00000161a2e6ac20 method=org.gradle.tooling.internal.provider.runner.ClientBuildEventGenerator$Disabled.accept(Lorg/gradle/internal/operations/BuildOperationDescriptor;)Lorg/gradle/tooling/inter
Event: 39.979 Thread 0x00000161b71a7350 DEOPT PACKING pc=0x00000161a2e6ac20 sp=0x000000206caf9ed0
Event: 39.979 Thread 0x00000161b71a7350 DEOPT UNPACKING pc=0x00000161a24043a2 sp=0x000000206caf9e58 mode 2

Classes loaded (20 events):
Event: 36.599 Loading class java/util/IdentityHashMap$IdentityHashMapIterator done
Event: 36.599 Loading class java/util/IdentityHashMap$KeyIterator done
Event: 36.632 Loading class java/util/TreeMap$KeySpliterator
Event: 36.633 Loading class java/util/TreeMap$TreeMapSpliterator
Event: 36.633 Loading class java/util/TreeMap$TreeMapSpliterator done
Event: 36.633 Loading class java/util/TreeMap$KeySpliterator done
Event: 38.498 Loading class java/io/CharArrayWriter
Event: 38.499 Loading class java/io/CharArrayWriter done
Event: 38.514 Loading class java/io/SequenceInputStream
Event: 38.514 Loading class java/io/SequenceInputStream done
Event: 39.370 Loading class java/util/stream/ReferencePipeline$4
Event: 39.371 Loading class java/util/stream/IntPipeline$StatelessOp
Event: 39.371 Loading class java/util/stream/IntPipeline$StatelessOp done
Event: 39.371 Loading class java/util/stream/ReferencePipeline$4 done
Event: 39.372 Loading class java/util/stream/ReduceOps$6
Event: 39.374 Loading class java/util/stream/ReduceOps$6 done
Event: 39.374 Loading class java/util/stream/ReduceOps$5ReducingSink
Event: 39.374 Loading class java/util/stream/ReduceOps$5ReducingSink done
Event: 39.374 Loading class java/util/stream/ReferencePipeline$4$1
Event: 39.375 Loading class java/util/stream/ReferencePipeline$4$1 done

Classes unloaded (0 events):
No events

Classes redefined (0 events):
No events

Internal exceptions (20 events):
Event: 39.093 Thread 0x00000161b71a7350 Exception <a 'sun/nio/fs/WindowsException'{0x00000000e7f0d848}> (0x00000000e7f0d848) 
thrown [s\src\hotspot\share\prims\jni.cpp, line 537]
Event: 39.099 Thread 0x00000161b71a7350 Exception <a 'sun/nio/fs/WindowsException'{0x00000000e7f1ee28}> (0x00000000e7f1ee28) 
thrown [s\src\hotspot\share\prims\jni.cpp, line 537]
Event: 39.111 Thread 0x00000161b71a7350 Exception <a 'sun/nio/fs/WindowsException'{0x00000000e7f8fc58}> (0x00000000e7f8fc58) 
thrown [s\src\hotspot\share\prims\jni.cpp, line 537]
Event: 39.121 Thread 0x00000161b71a7350 Exception <a 'sun/nio/fs/WindowsException'{0x00000000e7fa9b38}> (0x00000000e7fa9b38) 
thrown [s\src\hotspot\share\prims\jni.cpp, line 537]
Event: 39.129 Thread 0x00000161b71a7350 Exception <a 'sun/nio/fs/WindowsException'{0x00000000e7fba660}> (0x00000000e7fba660) 
thrown [s\src\hotspot\share\prims\jni.cpp, line 537]
Event: 39.135 Thread 0x00000161b71a7350 Exception <a 'sun/nio/fs/WindowsException'{0x00000000e7fccbe8}> (0x00000000e7fccbe8) 
thrown [s\src\hotspot\share\prims\jni.cpp, line 537]
Event: 39.141 Thread 0x00000161b71a7350 Exception <a 'sun/nio/fs/WindowsException'{0x00000000e7fdbda0}> (0x00000000e7fdbda0) 
thrown [s\src\hotspot\share\prims\jni.cpp, line 537]
Event: 39.243 Thread 0x00000161b71a7350 Exception <a 'java/lang/NoSuchMethodError'{0x00000000e7d36048}: 'void java.lang.invoke.DirectMethodHandle$Holder.invokeStatic(java.lang.Object, java.lang.Object, java.lang.Object, java.lang.Object, int, java.lang.Object, java.lang.Object)'> (0x00000000e7d36048) 
thrown [s\src\hotspot\share\interpreter\linkResolver.cpp, line 784]
Event: 39.332 Thread 0x00000161b70bbff0 Exception <a 'java/lang/NoSuchMethodError'{0x00000000e7c26900}: 'java.lang.Object java.lang.invoke.DirectMethodHandle$Holder.invokeSpecialIFC(java.lang.Object, java.lang.Object, java.lang.Object)'> (0x00000000e7c26900) 
thrown [s\src\hotspot\share\interpreter\linkResolver.cpp, line 784]
Event: 39.332 Thread 0x00000161b70bac40 Exception <a 'java/lang/NoSuchMethodError'{0x00000000e7b9f690}: 'java.lang.Object java.lang.invoke.DirectMethodHandle$Holder.invokeSpecialIFC(java.lang.Object, java.lang.Object, java.lang.Object)'> (0x00000000e7b9f690) 
thrown [s\src\hotspot\share\interpreter\linkResolver.cpp, line 784]
Event: 39.332 Thread 0x00000161b70b9f20 Exception <a 'java/lang/NoSuchMethodError'{0x00000000e7c9ade0}: 'java.lang.Object java.lang.invoke.DirectMethodHandle$Holder.invokeSpecialIFC(java.lang.Object, java.lang.Object, java.lang.Object)'> (0x00000000e7c9ade0) 
thrown [s\src\hotspot\share\interpreter\linkResolver.cpp, line 784]
Event: 39.332 Thread 0x00000161b7eb1140 Exception <a 'java/lang/NoSuchMethodError'{0x00000000e7cd5c10}: 'java.lang.Object java.lang.invoke.DirectMethodHandle$Holder.invokeSpecialIFC(java.lang.Object, java.lang.Object, java.lang.Object)'> (0x00000000e7cd5c10) 
thrown [s\src\hotspot\share\interpreter\linkResolver.cpp, line 784]
Event: 39.332 Thread 0x00000161b70b9890 Exception <a 'java/lang/NoSuchMethodError'{0x00000000e7c6a2e0}: 'java.lang.Object java.lang.invoke.DirectMethodHandle$Holder.invokeSpecialIFC(java.lang.Object, java.lang.Object, java.lang.Object)'> (0x00000000e7c6a2e0) 
thrown [s\src\hotspot\share\interpreter\linkResolver.cpp, line 784]
Event: 39.348 Thread 0x00000161b70b9f20 Exception <a 'sun/nio/fs/WindowsException'{0x00000000e7cadfd8}> (0x00000000e7cadfd8) 
thrown [s\src\hotspot\share\prims\jni.cpp, line 537]
Event: 39.478 Thread 0x00000161b7eb1140 Exception <a 'java/lang/NoSuchMethodError'{0x00000000e78845a0}: 'int java.lang.invoke.DirectMethodHandle$Holder.invokeStaticInit(java.lang.Object, java.lang.Object, java.lang.Object, java.lang.Object, java.lang.Object)'> (0x00000000e78845a0) 
thrown [s\src\hotspot\share\interpreter\linkResolver.cpp, line 784]
Event: 39.550 Thread 0x00000161b70b9f20 Implicit null exception at 0x00000161a2e56363 to 0x00000161a2e56cc4
Event: 39.550 Thread 0x00000161b70bbff0 Implicit null exception at 0x00000161a2e56363 to 0x00000161a2e56cc4
Event: 39.557 Thread 0x00000161b70bac40 Implicit null exception at 0x00000161a2e56363 to 0x00000161a2e56cc4
Event: 39.566 Thread 0x00000161b7eb1140 Implicit null exception at 0x00000161a2e56363 to 0x00000161a2e56cc4
Event: 39.979 Thread 0x00000161b71a7350 Implicit null exception at 0x00000161a2e6ab69 to 0x00000161a2e6ac14

ZGC Phase Switch (0 events):
No events

VM Operations (20 events):
Event: 37.967 Executing VM operation: HandshakeAllThreads (Deoptimize)
Event: 37.967 Executing VM operation: HandshakeAllThreads (Deoptimize) done
Event: 38.018 Executing VM operation: HandshakeAllThreads (Deoptimize)
Event: 38.018 Executing VM operation: HandshakeAllThreads (Deoptimize) done
Event: 38.296 Executing VM operation: HandshakeAllThreads (Deoptimize)
Event: 38.297 Executing VM operation: HandshakeAllThreads (Deoptimize) done
Event: 38.629 Executing VM operation: ICBufferFull
Event: 38.630 Executing VM operation: ICBufferFull done
Event: 39.270 Executing VM operation: HandshakeAllThreads (Deoptimize)
Event: 39.271 Executing VM operation: HandshakeAllThreads (Deoptimize) done
Event: 39.331 Executing VM operation: ICBufferFull
Event: 39.332 Executing VM operation: ICBufferFull done
Event: 39.380 Executing VM operation: HandshakeAllThreads (Deoptimize)
Event: 39.381 Executing VM operation: HandshakeAllThreads (Deoptimize) done
Event: 39.387 Executing VM operation: HandshakeAllThreads (Deoptimize)
Event: 39.388 Executing VM operation: HandshakeAllThreads (Deoptimize) done
Event: 39.555 Executing VM operation: HandshakeAllThreads (Deoptimize)
Event: 39.567 Executing VM operation: HandshakeAllThreads (Deoptimize) done
Event: 39.794 Executing VM operation: G1CollectForAllocation (G1 Evacuation Pause)
Event: 39.808 Executing VM operation: G1CollectForAllocation (G1 Evacuation Pause) done

Memory protections (0 events):
No events

Nmethod flushes (20 events):
Event: 36.642 Thread 0x00000161ad5b2d90 flushing  nmethod 0x000001619b394b90
Event: 36.642 Thread 0x00000161ad5b2d90 flushing  nmethod 0x000001619b39db90
Event: 36.642 Thread 0x00000161ad5b2d90 flushing  nmethod 0x000001619b39fc10
Event: 36.642 Thread 0x00000161ad5b2d90 flushing  nmethod 0x000001619b52c390
Event: 36.642 Thread 0x00000161ad5b2d90 flushing  nmethod 0x000001619b52dd10
Event: 36.642 Thread 0x00000161ad5b2d90 flushing  nmethod 0x000001619b52f210
Event: 36.642 Thread 0x00000161ad5b2d90 flushing  nmethod 0x000001619b52fd90
Event: 36.642 Thread 0x00000161ad5b2d90 flushing  nmethod 0x000001619b531e90
Event: 36.642 Thread 0x00000161ad5b2d90 flushing  nmethod 0x000001619b532290
Event: 36.642 Thread 0x00000161ad5b2d90 flushing  nmethod 0x000001619b5bab10
Event: 36.642 Thread 0x00000161ad5b2d90 flushing  nmethod 0x000001619b636610
Event: 36.642 Thread 0x00000161ad5b2d90 flushing  nmethod 0x000001619b637910
Event: 36.642 Thread 0x00000161ad5b2d90 flushing  nmethod 0x000001619b69e510
Event: 36.642 Thread 0x00000161ad5b2d90 flushing  nmethod 0x000001619b710d90
Event: 36.642 Thread 0x00000161ad5b2d90 flushing  nmethod 0x000001619b788910
Event: 36.642 Thread 0x00000161ad5b2d90 flushing  nmethod 0x000001619b7c4910
Event: 36.642 Thread 0x00000161ad5b2d90 flushing  nmethod 0x000001619b7c8510
Event: 36.642 Thread 0x00000161ad5b2d90 flushing  nmethod 0x000001619b833610
Event: 36.642 Thread 0x00000161ad5b2d90 flushing  nmethod 0x000001619b90d290
Event: 36.642 Thread 0x00000161ad5b2d90 flushing  nmethod 0x000001619bacec10

Events (20 events):
Event: 23.750 Thread 0x00000161b4de7bb0 Thread exited: 0x00000161b4de7bb0
Event: 25.542 Thread 0x00000161b3e751c0 Thread added: 0x00000161b24fceb0
Event: 37.685 Thread 0x00000161ad7e55e0 Thread added: 0x00000161b6c021c0
Event: 37.702 Thread 0x00000161b3e751c0 Thread added: 0x00000161b71a7350
Event: 37.732 Thread 0x00000161b71a7350 Thread added: 0x00000161b70b5d80
Event: 37.732 Thread 0x00000161b71a7350 Thread added: 0x00000161b70b7e50
Event: 37.733 Thread 0x00000161b71a7350 Thread added: 0x00000161b70b7130
Event: 37.733 Thread 0x00000161b71a7350 Thread added: 0x00000161b70b84e0
Event: 37.733 Thread 0x00000161b71a7350 Thread added: 0x00000161b70b77c0
Event: 37.734 Thread 0x00000161b71a7350 Thread added: 0x00000161b70b56f0
Event: 37.734 Thread 0x00000161b71a7350 Thread added: 0x00000161b70bb2d0
Event: 37.806 Thread 0x00000161b70b5d80 Thread added: 0x00000161b70b9200
Event: 38.581 Thread 0x00000161b6c021c0 Thread exited: 0x00000161b6c021c0
Event: 39.280 Thread 0x00000161b71a7350 Thread added: 0x00000161b70bb960
Event: 39.283 Thread 0x00000161b71a7350 Thread added: 0x00000161b70bbff0
Event: 39.284 Thread 0x00000161b71a7350 Thread added: 0x00000161b70bac40
Event: 39.284 Thread 0x00000161b71a7350 Thread added: 0x00000161b70b9890
Event: 39.285 Thread 0x00000161b71a7350 Thread added: 0x00000161b70b9f20
Event: 39.291 Thread 0x00000161b71a7350 Thread added: 0x00000161b7eb1140
Event: 39.296 Thread 0x00000161b71a7350 Thread added: 0x00000161b7eb2b80


Dynamic libraries:
0x00007ff667ca0000 - 0x00007ff667caa000 	C:\Program Files\Android\Android Studio\jbr\bin\java.exe
0x00007ffbec4a0000 - 0x00007ffbec706000 	C:\windows\SYSTEM32\ntdll.dll
0x00007ffb9d780000 - 0x00007ffb9d7a1000 	C:\Program Files\Avast Software\Avast\aswhook.dll
0x00007ffbeb380000 - 0x00007ffbeb449000 	C:\windows\System32\KERNEL32.DLL
0x00007ffbe9b80000 - 0x00007ffbe9f7f000 	C:\windows\System32\KERNELBASE.dll
0x00007ffbe98f0000 - 0x00007ffbe9a3c000 	C:\windows\System32\ucrtbase.dll
0x00007ffb95af0000 - 0x00007ffb95b0b000 	C:\Program Files\Android\Android Studio\jbr\bin\VCRUNTIME140.dll
0x00007ffbc0070000 - 0x00007ffbc0088000 	C:\Program Files\Android\Android Studio\jbr\bin\jli.dll
0x00007ffbeabe0000 - 0x00007ffbeada6000 	C:\windows\System32\USER32.dll
0x00007ffbc4dd0000 - 0x00007ffbc5061000 	C:\windows\WinSxS\amd64_microsoft.windows.common-controls_6595b64144ccf1df_6.0.26100.8972_none_3e0da176e32f9d4b\COMCTL32.dll
0x00007ffbea110000 - 0x00007ffbea137000 	C:\windows\System32\win32u.dll
0x00007ffbeba50000 - 0x00007ffbebaf9000 	C:\windows\System32\msvcrt.dll
0x00007ffbeaac0000 - 0x00007ffbeaaeb000 	C:\windows\System32\GDI32.dll
0x00007ffbe9a50000 - 0x00007ffbe9b79000 	C:\windows\System32\gdi32full.dll
0x00007ffbe96b0000 - 0x00007ffbe9753000 	C:\windows\System32\msvcp_win.dll
0x00007ffbeba10000 - 0x00007ffbeba42000 	C:\windows\System32\IMM32.DLL
0x00007ffb95b10000 - 0x00007ffb95b1c000 	C:\Program Files\Android\Android Studio\jbr\bin\vcruntime140_1.dll
0x00007ffb884c0000 - 0x00007ffb8854d000 	C:\Program Files\Android\Android Studio\jbr\bin\msvcp140.dll
0x00007ffb349a0000 - 0x00007ffb35636000 	C:\Program Files\Android\Android Studio\jbr\bin\server\jvm.dll
0x00007ffbeadd0000 - 0x00007ffbeae8c000 	C:\windows\System32\ADVAPI32.dll
0x00007ffbea1d0000 - 0x00007ffbea27a000 	C:\windows\System32\sechost.dll
0x00007ffbebe10000 - 0x00007ffbebf28000 	C:\windows\System32\RPCRT4.dll
0x00007ffbeafa0000 - 0x00007ffbeb022000 	C:\windows\System32\WS2_32.dll
0x00007ffbe9510000 - 0x00007ffbe956e000 	C:\windows\SYSTEM32\POWRPROF.dll
0x00007ffbe1170000 - 0x00007ffbe117b000 	C:\windows\SYSTEM32\VERSION.dll
0x00007ffbe1330000 - 0x00007ffbe1366000 	C:\windows\SYSTEM32\WINMM.dll
0x00007ffbe94f0000 - 0x00007ffbe9505000 	C:\windows\SYSTEM32\UMPDC.dll
0x00007ffbe83a0000 - 0x00007ffbe83bb000 	C:\windows\SYSTEM32\kernel.appcore.dll
0x00007ffb95ae0000 - 0x00007ffb95aea000 	C:\Program Files\Android\Android Studio\jbr\bin\jimage.dll
0x00007ffbe6c50000 - 0x00007ffbe6e92000 	C:\windows\SYSTEM32\DBGHELP.DLL
0x00007ffbeb5f0000 - 0x00007ffbeb975000 	C:\windows\System32\combase.dll
0x00007ffbeb2a0000 - 0x00007ffbeb379000 	C:\windows\System32\OLEAUT32.dll
0x00007ffbcfc70000 - 0x00007ffbcfcab000 	C:\windows\SYSTEM32\dbgcore.DLL
0x00007ffbea050000 - 0x00007ffbea0fc000 	C:\windows\System32\bcryptPrimitives.dll
0x00007ffbc0030000 - 0x00007ffbc003e000 	C:\Program Files\Android\Android Studio\jbr\bin\instrument.dll
0x00007ffb809d0000 - 0x00007ffb809f0000 	C:\Program Files\Android\Android Studio\jbr\bin\java.dll
0x00007ffb46460000 - 0x00007ffb46478000 	C:\Program Files\Android\Android Studio\jbr\bin\zip.dll
0x00007ffbea300000 - 0x00007ffbeaa88000 	C:\windows\System32\SHELL32.dll
0x00007ffbe7130000 - 0x00007ffbe79cb000 	C:\windows\SYSTEM32\windows.storage.dll
0x00007ffbeb030000 - 0x00007ffbeb129000 	C:\windows\System32\SHCORE.dll
0x00007ffbebbc0000 - 0x00007ffbebc26000 	C:\windows\System32\shlwapi.dll
0x00007ffbe95d0000 - 0x00007ffbe95f9000 	C:\windows\SYSTEM32\profapi.dll
0x00007ffb95ad0000 - 0x00007ffb95ae0000 	C:\Program Files\Android\Android Studio\jbr\bin\net.dll
0x00007ffbd7760000 - 0x00007ffbd7888000 	C:\windows\SYSTEM32\WINHTTP.dll
0x00007ffbe8950000 - 0x00007ffbe89bc000 	C:\windows\system32\mswsock.dll
0x00007ffb38130000 - 0x00007ffb38146000 	C:\Program Files\Android\Android Studio\jbr\bin\nio.dll
0x00007ffb37860000 - 0x00007ffb37870000 	C:\Program Files\Android\Android Studio\jbr\bin\verify.dll
0x00007ffbc0040000 - 0x00007ffbc0067000 	C:\Users\rajku\.gradle\native\c067742578af261105cb4f569cf0c3c89f3d7b1fecec35dd04571415982c5e48\windows-amd64\native-platform.dll
0x00007ffb88230000 - 0x00007ffb88374000 	C:\Users\rajku\.gradle\native\38dada09dfb8b06ba9b0570ebf7e218e3eb74d4ef43ca46872605cf95ebc2f47\windows-amd64\native-platform-file-events.dll
0x00007ffb4da40000 - 0x00007ffb4da49000 	C:\Program Files\Android\Android Studio\jbr\bin\management.dll
0x00007ffb4ccd0000 - 0x00007ffb4ccdb000 	C:\Program Files\Android\Android Studio\jbr\bin\management_ext.dll
0x00007ffbec430000 - 0x00007ffbec438000 	C:\windows\System32\PSAPI.DLL
0x00007ffbe8c60000 - 0x00007ffbe8c7b000 	C:\windows\SYSTEM32\CRYPTSP.dll
0x00007ffbe8300000 - 0x00007ffbe8339000 	C:\windows\system32\rsaenh.dll
0x00007ffbe8a00000 - 0x00007ffbe8a32000 	C:\windows\SYSTEM32\USERENV.dll
0x00007ffbe95a0000 - 0x00007ffbe95ca000 	C:\windows\SYSTEM32\bcrypt.dll
0x00007ffbe8c40000 - 0x00007ffbe8c4c000 	C:\windows\SYSTEM32\CRYPTBASE.dll
0x00007ffbe7d80000 - 0x00007ffbe7db3000 	C:\windows\SYSTEM32\IPHLPAPI.DLL
0x00007ffbebf30000 - 0x00007ffbebf3a000 	C:\windows\System32\NSI.dll
0x00007ffb809c0000 - 0x00007ffb809c9000 	C:\Program Files\Android\Android Studio\jbr\bin\extnet.dll
0x00007ffb9f2a0000 - 0x00007ffb9f2a8000 	C:\windows\system32\wshunix.dll
0x00007ffbc1650000 - 0x00007ffbc1668000 	C:\windows\system32\napinsp.dll
0x00007ffbe7e20000 - 0x00007ffbe7f78000 	C:\windows\SYSTEM32\DNSAPI.dll
0x00007ffbe8730000 - 0x00007ffbe873d000 	C:\windows\SYSTEM32\DSPARSE.dll
0x00007ffbb7f70000 - 0x00007ffbb7f83000 	C:\windows\System32\winrnr.dll
0x00007ffbb7f40000 - 0x00007ffbb7f62000 	C:\windows\system32\nlansp_c.dll
0x00007ffbd69e0000 - 0x00007ffbd69f6000 	C:\windows\system32\wshbth.dll
0x00007ffbd69d0000 - 0x00007ffbd69db000 	C:\Windows\System32\rasadhlp.dll
0x00007ffbdf9c0000 - 0x00007ffbdfa46000 	C:\windows\System32\fwpuclnt.dll

JVMTI agents:
C:\Users\rajku\.gradle\wrapper\dists\gradle-8.5-bin\5t9huq95ubn472n8rpzujfbqh\gradle-8.5\lib\agents\gradle-instrumentation-agent-8.5.jar path:C:\Program Files\Android\Android Studio\jbr\bin\instrument.dll, loaded, initialized, instrumentlib options:none

dbghelp: loaded successfully - version: 4.0.5 - missing functions: none
symbol engine: initialized successfully - sym options: 0x614 - pdb path: .;C:\Program Files\Android\Android Studio\jbr\bin;C:\windows\SYSTEM32;C:\Program Files\Avast Software\Avast;C:\windows\WinSxS\amd64_microsoft.windows.common-controls_6595b64144ccf1df_6.0.26100.8972_none_3e0da176e32f9d4b;C:\Program Files\Android\Android Studio\jbr\bin\server;C:\Users\rajku\.gradle\native\c067742578af261105cb4f569cf0c3c89f3d7b1fecec35dd04571415982c5e48\windows-amd64;C:\Users\rajku\.gradle\native\38dada09dfb8b06ba9b0570ebf7e218e3eb74d4ef43ca46872605cf95ebc2f47\windows-amd64

VM Arguments:
jvm_args: --add-opens=java.base/java.util=ALL-UNNAMED --add-opens=java.base/java.lang=ALL-UNNAMED --add-opens=java.base/java.lang.invoke=ALL-UNNAMED --add-opens=java.prefs/java.util.prefs=ALL-UNNAMED --add-opens=java.base/java.nio.charset=ALL-UNNAMED --add-opens=java.base/java.net=ALL-UNNAMED --add-opens=java.base/java.util.concurrent.atomic=ALL-UNNAMED -Xmx512m -Dfile.encoding=UTF-8 -Duser.country=IN -Duser.language=en -Duser.variant -javaagent:C:\Users\rajku\.gradle\wrapper\dists\gradle-8.5-bin\5t9huq95ubn472n8rpzujfbqh\gradle-8.5\lib\agents\gradle-instrumentation-agent-8.5.jar 
java_command: org.gradle.launcher.daemon.bootstrap.GradleDaemon 8.5
java_class_path (initial): C:\Users\rajku\.gradle\wrapper\dists\gradle-8.5-bin\5t9huq95ubn472n8rpzujfbqh\gradle-8.5\lib\gradle-launcher-8.5.jar
Launcher Type: SUN_STANDARD

[Global flags]
     intx CICompilerCount                          = 4                                         {product} {ergonomic}
     uint ConcGCThreads                            = 2                                         {product} {ergonomic}
     uint G1ConcRefinementThreads                  = 8                                         {product} {ergonomic}
   size_t G1HeapRegionSize                         = 1048576                                   {product} {ergonomic}
    uintx GCDrainStackTargetSize                   = 64                                        {product} {ergonomic}
   size_t InitialHeapSize                          = 130023424                                 {product} {ergonomic}
   size_t MarkStackSize                            = 4194304                                   {product} {ergonomic}
   size_t MaxHeapSize                              = 536870912                                 {product} {command line}
   size_t MaxNewSize                               = 321912832                                 {product} {ergonomic}
   size_t MinHeapDeltaBytes                        = 1048576                                   {product} {ergonomic}
   size_t MinHeapSize                              = 8388608                                   {product} {ergonomic}
    uintx NonNMethodCodeHeapSize                   = 5839372                                {pd product} {ergonomic}
    uintx NonProfiledCodeHeapSize                  = 122909434                              {pd product} {ergonomic}
    uintx ProfiledCodeHeapSize                     = 122909434                              {pd product} {ergonomic}
    uintx ReservedCodeCacheSize                    = 251658240                              {pd product} {ergonomic}
     bool SegmentedCodeCache                       = true                                      {product} {ergonomic}
   size_t SoftMaxHeapSize                          = 536870912                              {manageable} {ergonomic}
     bool UseCompressedOops                        = true                           {product lp64_product} {ergonomic}
     bool UseG1GC                                  = true                                      {product} {ergonomic}
     bool UseLargePagesIndividualAllocation        = false                                  {pd product} {ergonomic}

Logging:
Log output configuration:
 #0: stdout all=warning uptime,level,tags foldmultilines=false
 #1: stderr all=off uptime,level,tags foldmultilines=false

Release file:
JAVA_VERSION="21.0.9" 
MODULES="java.base java.compiler java.datatransfer java.xml java.prefs java.desktop java.instrument java.logging java.management java.security.sasl java.naming java.rmi java.management.rmi java.net.http java.scripting java.security.jgss java.transaction.xa java.sql java.sql.rowset java.xml.crypto java.se java.smartcardio jdk.accessibility jdk.internal.jvmstat jdk.attach jdk.charsets jdk.internal.opt jdk.zipfs jdk.compiler jdk.crypto.ec jdk.crypto.cryptoki jdk.dynalink jdk.hotspot.agent jdk.httpserver jdk.internal.ed jdk.internal.le jdk.internal.vm.ci jdk.jartool jdk.javadoc jdk.jcmd jdk.jdeps jdk.jdwp.agent jdk.jdi jdk.jfr jdk.jlink jdk.jsobject jdk.localedata jdk.management jdk.management.agent jdk.management.jfr jdk.naming.dns jdk.naming.rmi jdk.net jdk.sctp jdk.security.auth jdk.security.jgss jdk.unsupported jdk.unsupported.desktop jdk.xml.dom" 
IMPLEMENTOR="JetBrains s.r.o." 
JAVA_RUNTIME_VERSION="21.0.9+-14787801-b1163.94" 
LIBC="default" 
OS_ARCH="x86_64" 
OS_NAME="Windows" 
SOURCE=".:git:0c757ddc9f2f" 

Environment Variables:
JAVA_HOME=C:\Program Files\Android\Android Studio\jbr
CLASSPATH=d:\itantra\mobile_app_apk\android\\gradle\wrapper\gradle-wrapper.jar
PATH=C:\Program Files\Android\Android Studio\jbr\bin;C:/Users/rajku/.gemini/antigravity/bin;C:\Users\rajku\AppData\Roaming\Antigravity\bin;C:\Python314\Scripts\;C:\Python314\;C:\windows\system32;C:\windows;C:\windows\System32\Wbem;C:\windows\System32\WindowsPowerShell\v1.0\;C:\windows\System32\OpenSSH\;C:\Program Files\Git\cmd;C:\Program Files (x86)\pcsuite\;C:\ProgramData\chocolatey\bin;C:\Users\rajku\;C:\Users\rajku\AppData\Local\Programs\Python\Python311\Scripts\;C:\Users\rajku\AppData\Local\Programs\Python\Python311\;C:\Users\rajku\AppData\Local\Microsoft\WindowsApps;C:\Users\rajku\AppData\Local\Programs\Microsoft VS Code\bin;C:\Program Files\MongoDB\Server\8.2\bin;%JAVA_HOME%\bin;C:\Users\rajku\AppData\Local\Programs\Antigravity\bin;C:\Users\rajku\AppData\Local\Google\Cloud SDK\google-cloud-sdk\bin;C:\Users\rajku\AppData\Roaming\npm;C:\Users\rajku\AppData\Local\Programs\Ollama
USERNAME=rajku
OS=Windows_NT
PROCESSOR_IDENTIFIER=Intel64 Family 6 Model 186 Stepping 3, GenuineIntel
TMP=C:\Users\rajku\AppData\Local\Temp
TEMP=C:\Users\rajku\AppData\Local\Temp




Periodic native trim disabled

JNI global refs:
JNI global refs: 28, weak refs: 8

JNI global refs memory usage: 835, weak refs: 833

Process memory usage:
Resident Set Size: 428184K (5% of 8023876K total physical memory with 356632K free physical memory)

OOME stack traces (most recent first):
Classloader memory used:
Loader org.gradle.internal.classloader.VisitableURLClassLoader                         : 38341K
Loader bootstrap                                                                       : 28437K
Loader org.gradle.internal.classloader.VisitableURLClassLoader$InstrumentingVisitableURLClassLoader: 25822K
Loader org.gradle.initialization.MixInLegacyTypesClassLoader                           : 10418K
Loader jdk.internal.loader.ClassLoaders$PlatformClassLoader                            : 521K
Loader jdk.internal.loader.ClassLoaders$AppClassLoader                                 : 227K
Loader org.gradle.groovy.scripts.internal.DefaultScriptCompilationHandler$ScriptClassLoader: 163K
Loader jdk.internal.reflect.DelegatingClassLoader                                      : 105K
Loader org.codehaus.groovy.runtime.callsite.CallSiteClassLoader                        : 10192B
Loader sun.reflect.misc.MethodUtil                                                     : 2984B

Classes loaded by more than one classloader:
Class com.google.common.base.PairwiseEquivalence                                      : loaded 2 times (x 83B)
Class com.google.common.base.Equivalence$Identity                                     : loaded 2 times (x 82B)
Class com.google.common.collect.RegularImmutableMap$KeySet                            : loaded 2 times (x 150B)
Class org.gradle.internal.classloader.FilteringClassLoader                            : loaded 2 times (x 105B)
Class [Lcom.google.common.base.AbstractIterator$State;                                : loaded 2 times (x 69B)
Class com.google.common.base.CharMatcher$IsEither                                     : loaded 2 times (x 111B)
Class org.gradle.internal.classloader.ClassLoaderHierarchy                            : loaded 2 times (x 70B)
Class com.google.common.collect.ImmutableEnumSet                                      : loaded 2 times (x 146B)
Class com.google.common.util.concurrent.ExecutionError                                : loaded 2 times (x 82B)
Class com.google.common.collect.ImmutableList$1                                       : loaded 2 times (x 97B)
Class org.gradle.api.internal.classpath.ManifestUtil                                  : loaded 2 times (x 71B)
Class com.google.common.collect.RegularImmutableMap                                   : loaded 2 times (x 121B)
Class com.google.common.collect.ImmutableMap$MapViewOfValuesAsSingletonSets           : loaded 2 times (x 125B)
Class [Lorg.objectweb.asm.Symbol;                                                     : loaded 2 times (x 69B)
Class org.objectweb.asm.ClassVisitor                                                  : loaded 2 times (x 87B)
Class com.google.common.collect.UnmodifiableListIterator                              : loaded 2 times (x 95B)
Class org.objectweb.asm.MethodTooLargeException                                       : loaded 2 times (x 83B)
Class com.google.common.base.Platform$JdkPatternCompiler                              : loaded 2 times (x 75B)
Class [Lcom.google.common.cache.CacheBuilder$OneWeigher;                              : loaded 2 times (x 69B)
Class com.google.common.base.Suppliers                                                : loaded 2 times (x 71B)
Class org.gradle.internal.classloader.DefaultClassLoaderFactory                       : loaded 2 times (x 82B)
Class com.google.common.base.CharMatcher$None                                         : loaded 2 times (x 112B)
Class org.gradle.internal.classloader.ClassLoaderVisitor                              : loaded 2 times (x 76B)
Class [Lcom.google.common.collect.ImmutableMapEntry;                                  : loaded 2 times (x 69B)
Class org.gradle.api.internal.classpath.EffectiveClassPath                            : loaded 2 times (x 90B)
Class com.google.common.collect.ImmutableEnumMap                                      : loaded 2 times (x 125B)
Class com.google.common.collect.ListMultimap                                          : loaded 2 times (x 70B)
Class com.google.common.collect.Sets$1                                                : loaded 2 times (x 139B)
Class org.objectweb.asm.AnnotationVisitor                                             : loaded 2 times (x 77B)
Class com.google.common.base.Splitter                                                 : loaded 2 times (x 72B)
Class org.gradle.api.internal.DefaultClassPathProvider                                : loaded 2 times (x 76B)
Class com.google.common.collect.Sets$2                                                : loaded 2 times (x 139B)
Class [Lorg.gradle.api.internal.ClassPathProvider;                                    : loaded 2 times (x 69B)
Class org.gradle.api.internal.ClassPathProvider                                       : loaded 2 times (x 70B)
Class [Lorg.objectweb.asm.AnnotationVisitor;                                          : loaded 2 times (x 69B)
Class com.google.common.collect.Sets$3                                                : loaded 2 times (x 139B)
Class com.google.common.util.concurrent.AbstractFuture$SafeAtomicHelper               : loaded 2 times (x 79B)
Class com.google.common.cache.LocalCache$LocalLoadingCache                            : loaded 2 times (x 134B)
Class com.google.common.base.AbstractIterator$State                                   : loaded 2 times (x 79B)
Class org.gradle.internal.service.UnknownServiceException                             : loaded 2 times (x 83B)
Class com.google.common.collect.Sets$4                                                : loaded 2 times (x 139B)
Class org.objectweb.asm.ModuleVisitor                                                 : loaded 2 times (x 80B)
Class com.google.common.cache.LocalCache$Strength$1                                   : loaded 2 times (x 81B)
Class com.google.common.util.concurrent.SettableFuture                                : loaded 2 times (x 114B)
Class com.google.common.cache.LocalCache$Strength$2                                   : loaded 2 times (x 81B)
Class com.google.common.cache.LocalCache$Strength$3                                   : loaded 2 times (x 81B)
Class com.google.common.collect.MapDifference                                         : loaded 2 times (x 70B)
Class com.google.common.base.Splitter$1                                               : loaded 2 times (x 77B)
Class org.objectweb.asm.FieldWriter                                                   : loaded 2 times (x 77B)
Class com.google.common.cache.CacheBuilder$NullListener                               : loaded 2 times (x 82B)
Class org.gradle.internal.classpath.TransformedClassPath                              : loaded 2 times (x 96B)
Class com.google.common.cache.CacheLoader$FunctionToCacheLoader                       : loaded 2 times (x 75B)
Class com.google.common.collect.Iterators$ArrayItr                                    : loaded 2 times (x 97B)
Class com.google.common.collect.ImmutableCollection$Builder                           : loaded 2 times (x 76B)
Class com.google.common.base.Joiner                                                   : loaded 2 times (x 79B)
Class com.google.common.base.MoreObjects                                              : loaded 2 times (x 71B)
Class [Lorg.objectweb.asm.Type;                                                       : loaded 2 times (x 69B)
Class com.google.common.collect.Platform                                              : loaded 2 times (x 71B)
Class com.google.common.collect.UnmodifiableIterator                                  : loaded 2 times (x 80B)
Class org.gradle.internal.service.ServiceLocator                                      : loaded 2 times (x 70B)
Class com.google.common.base.Ascii                                                    : loaded 2 times (x 71B)
Class com.google.common.cache.LocalCache$1                                            : loaded 2 times (x 89B)
Class com.google.common.collect.AbstractMapEntry                                      : loaded 2 times (x 81B)
Class com.google.common.collect.Sets$ImprovedAbstractSet                              : loaded 2 times (x 135B)
Class com.google.common.collect.ImmutableList$Builder                                 : loaded 2 times (x 77B)
Class com.google.common.cache.LocalCache$2                                            : loaded 2 times (x 142B)
Class com.google.common.collect.AbstractMultimap                                      : loaded 2 times (x 123B)
Class com.google.common.util.concurrent.AbstractFuture$UnsafeAtomicHelper$1           : loaded 2 times (x 76B)
Class com.google.common.collect.RegularImmutableAsList                                : loaded 2 times (x 216B)
Class com.google.common.util.concurrent.AbstractFuture$Trusted                        : loaded 2 times (x 70B)
Class com.google.common.collect.Iterators                                             : loaded 2 times (x 71B)
Class com.google.common.base.CharMatcher$RangesMatcher                                : loaded 2 times (x 112B)
Class build_6q0ghfex2m7ky4eb05875xkei$_run_closure1                                   : loaded 2 times (x 139B)
Class com.google.common.util.concurrent.UncheckedExecutionException                   : loaded 2 times (x 82B)
Class com.google.common.collect.Lists$StringAsImmutableList                           : loaded 2 times (x 207B)
Class com.google.common.base.CharMatcher$JavaLetterOrDigit                            : loaded 2 times (x 111B)
Class org.gradle.internal.InternalTransformer                                         : loaded 2 times (x 70B)
Class com.google.common.collect.AbstractMapBasedMultimap$KeySet$1                     : loaded 2 times (x 82B)
Class org.objectweb.asm.ClassWriter                                                   : loaded 2 times (x 104B)
Class com.google.common.cache.CacheLoader$UnsupportedLoadingOperationException        : loaded 2 times (x 82B)
Class com.google.common.base.CharMatcher$And                                          : loaded 2 times (x 112B)
Class org.gradle.internal.classloader.ClasspathUtil$1                                 : loaded 2 times (x 76B)
Class com.google.common.base.Objects                                                  : loaded 2 times (x 71B)
Class org.objectweb.asm.FieldVisitor                                                  : loaded 2 times (x 76B)
Class com.google.common.collect.IndexedImmutableSet                                   : loaded 2 times (x 150B)
Class com.google.common.collect.ImmutableMap$1                                        : loaded 2 times (x 81B)
Class com.google.common.collect.BiMap                                                 : loaded 2 times (x 70B)
Class settings_45oobmneggqzdycjcw65v8uef$_run_closure1                                : loaded 2 times (x 139B)
Class org.gradle.api.internal.classpath.DefaultModuleRegistry$DefaultModule           : loaded 2 times (x 86B)
Class com.google.common.primitives.Ints                                               : loaded 2 times (x 71B)
Class com.google.common.collect.AbstractIterator                                      : loaded 2 times (x 82B)
Class com.google.common.math.MathPreconditions                                        : loaded 2 times (x 71B)
Class com.google.common.collect.Multiset                                              : loaded 2 times (x 70B)
Class com.google.common.collect.ArrayListMultimapGwtSerializationDependencies         : loaded 2 times (x 172B)
Class com.google.common.collect.ObjectArrays                                          : loaded 2 times (x 71B)
Class com.google.common.collect.AbstractIndexedListIterator                           : loaded 2 times (x 96B)
Class com.google.common.collect.ImmutableMapEntrySet                                  : loaded 2 times (x 151B)
Class org.gradle.api.internal.classpath.Module                                        : loaded 2 times (x 70B)
Class com.google.common.cache.Weigher                                                 : loaded 2 times (x 70B)
Class org.gradle.api.internal.classpath.UnknownModuleException                        : loaded 2 times (x 82B)
Class org.gradle.cache.GlobalCache                                                    : loaded 2 times (x 70B)
Class com.google.common.base.Stopwatch                                                : loaded 2 times (x 72B)
Class com.google.common.cache.LocalCache$Strength                                     : loaded 2 times (x 81B)
Class com.google.common.cache.Cache                                                   : loaded 2 times (x 70B)
Class com.google.common.util.concurrent.AbstractFuture$Cancellation                   : loaded 2 times (x 72B)
Class com.google.common.collect.ImmutableMap$Builder                                  : loaded 2 times (x 82B)
Class com.google.common.base.NullnessCasts                                            : loaded 2 times (x 71B)
Class com.google.common.cache.RemovalListener                                         : loaded 2 times (x 70B)
Class org.gradle.api.internal.DefaultClassPathRegistry                                : loaded 2 times (x 76B)
Class com.google.common.primitives.IntsMethodsForWeb                                  : loaded 2 times (x 71B)
Class com.google.common.collect.Multimap                                              : loaded 2 times (x 70B)
Class org.gradle.api.internal.ClassPathRegistry                                       : loaded 2 times (x 70B)
Class org.gradle.internal.classpath.DefaultClassPath$ImmutableUniqueList              : loaded 2 times (x 199B)
Class com.google.common.base.ExtraObjectsMethodsForWeb                                : loaded 2 times (x 71B)
Class com.google.common.cache.CacheBuilder                                            : loaded 2 times (x 72B)
Class com.google.common.collect.SingletonImmutableList                                : loaded 2 times (x 207B)
Class settings_45oobmneggqzdycjcw65v8uef$_run_closure1$_closure2                      : loaded 2 times (x 139B)
Class org.gradle.internal.classpath.ClassPath                                         : loaded 2 times (x 70B)
Class org.gradle.api.UncheckedIOException                                             : loaded 2 times (x 82B)
Class com.google.common.collect.ImmutableList$ReverseImmutableList                    : loaded 2 times (x 208B)
Class com.google.common.base.JdkPattern                                               : loaded 2 times (x 75B)
Class org.objectweb.asm.SymbolTable$Entry                                             : loaded 2 times (x 74B)
Class com.google.common.util.concurrent.AbstractFuture$AtomicHelper                   : loaded 2 times (x 78B)
Class org.objectweb.asm.Edge                                                          : loaded 2 times (x 72B)
Class com.google.common.base.Suppliers$SupplierOfInstance                             : loaded 2 times (x 79B)
Class com.google.common.collect.Iterators$1                                           : loaded 2 times (x 81B)
Class com.google.common.cache.LocalCache$ComputingValueReference                      : loaded 2 times (x 96B)
Class com.google.common.collect.SingletonImmutableSet                                 : loaded 2 times (x 146B)
Class com.google.common.collect.ImmutableMap$IteratorBasedImmutableMap                : loaded 2 times (x 125B)
Class com.google.common.cache.LocalCache$Segment                                      : loaded 2 times (x 154B)
Class [Lorg.objectweb.asm.SymbolTable$Entry;                                          : loaded 2 times (x 69B)
Class com.google.common.cache.CacheLoader                                             : loaded 2 times (x 74B)
Class com.google.common.collect.Iterators$4                                           : loaded 2 times (x 82B)
Class com.google.common.collect.ImmutableBiMap                                        : loaded 2 times (x 143B)
Class com.google.common.collect.AbstractListMultimap                                  : loaded 2 times (x 172B)
Class org.gradle.internal.installation.GradleInstallation$1                           : loaded 2 times (x 75B)
Class org.gradle.api.internal.classpath.ModuleRegistry                                : loaded 2 times (x 70B)
Class com.google.common.util.concurrent.internal.InternalFutureFailureAccess          : loaded 2 times (x 72B)
Class com.google.common.collect.Iterators$5                                           : loaded 2 times (x 82B)
Class com.google.common.collect.ImmutableSet$JdkBackedSetBuilderImpl                  : loaded 2 times (x 76B)
Class com.google.common.base.Splitter$SplittingIterator                               : loaded 2 times (x 84B)
Class com.google.common.util.concurrent.AbstractFuture$UnsafeAtomicHelper             : loaded 2 times (x 78B)
Class com.google.common.cache.LocalCache$LocalManualCache$1                           : loaded 2 times (x 75B)
Class com.google.common.base.CharMatcher$ForPredicate                                 : loaded 2 times (x 112B)
Class com.google.common.collect.ImmutableCollection                                   : loaded 2 times (x 125B)
Class com.google.common.base.CharMatcher$AnyOf                                        : loaded 2 times (x 112B)
Class org.gradle.api.internal.classpath.DefaultModuleRegistry                         : loaded 2 times (x 86B)
Class com.google.common.util.concurrent.ListenableFuture                              : loaded 2 times (x 70B)
Class com.google.common.cache.ReferenceEntry                                          : loaded 2 times (x 70B)
Class com.google.common.collect.ImmutableSet$CachingAsList                            : loaded 2 times (x 147B)
Class com.google.common.base.Converter                                                : loaded 2 times (x 90B)
Class com.google.common.collect.Lists                                                 : loaded 2 times (x 71B)
Class com.google.common.base.CharMatcher$Any                                          : loaded 2 times (x 112B)
Class com.google.common.util.concurrent.AbstractFuture                                : loaded 2 times (x 106B)
Class com.google.common.base.FunctionalEquivalence                                    : loaded 2 times (x 83B)
Class com.google.common.collect.Iterators$9                                           : loaded 2 times (x 81B)
Class com.google.common.collect.AbstractMapBasedMultimap                              : loaded 2 times (x 139B)
Class com.google.common.collect.ImmutableAsList                                       : loaded 2 times (x 209B)
Class org.objectweb.asm.RecordComponentVisitor                                        : loaded 2 times (x 77B)
Class com.google.common.cache.CacheLoader$SupplierToCacheLoader                       : loaded 2 times (x 75B)
Class com.google.common.collect.Maps$EntryTransformer                                 : loaded 2 times (x 70B)
Class org.gradle.internal.service.ServiceLookupException                              : loaded 2 times (x 82B)
Class [Lcom.google.common.cache.LocalCache$EntryFactory;                              : loaded 2 times (x 69B)
Class com.google.common.base.CharMatcher$JavaLetter                                   : loaded 2 times (x 111B)
Class org.gradle.internal.classloader.ClassLoaderFactory                              : loaded 2 times (x 70B)
Class com.google.common.cache.LocalCache$LocalManualCache                             : loaded 2 times (x 99B)
Class com.google.common.base.CharMatcher$IsNot                                        : loaded 2 times (x 111B)
Class com.google.common.base.CommonPattern                                            : loaded 2 times (x 74B)
Class org.gradle.internal.service.CachingServiceLocator                               : loaded 2 times (x 82B)
Class com.google.common.collect.AbstractMapBasedMultimap$KeySet                       : loaded 2 times (x 137B)
Class com.google.common.math.IntMath                                                  : loaded 2 times (x 71B)
Class com.google.common.collect.Iterators$10                                          : loaded 2 times (x 81B)
Class com.google.common.collect.ImmutableMapEntry                                     : loaded 2 times (x 85B)
Class com.google.common.base.CharMatcher$JavaDigit                                    : loaded 2 times (x 111B)
Class com.google.common.base.Equivalence                                              : loaded 2 times (x 82B)
Class com.google.common.collect.ImmutableMapEntry$NonTerminalImmutableMapEntry        : loaded 2 times (x 85B)
Class com.google.common.base.Function                                                 : loaded 2 times (x 70B)
Class com.google.common.cache.CacheBuilder$OneWeigher                                 : loaded 2 times (x 82B)
Class com.google.common.collect.RegularImmutableList                                  : loaded 2 times (x 212B)
Class com.google.common.collect.ImmutableBiMapFauxverideShim                          : loaded 2 times (x 120B)
Class org.gradle.internal.classloader.ClasspathUtil                                   : loaded 2 times (x 71B)
Class com.google.common.base.Charsets                                                 : loaded 2 times (x 71B)
Class com.google.common.util.concurrent.Uninterruptibles                              : loaded 2 times (x 71B)
Class com.google.common.collect.Maps                                                  : loaded 2 times (x 71B)
Class com.google.common.base.CharMatcher$JavaUpperCase                                : loaded 2 times (x 111B)
Class org.gradle.api.specs.Spec                                                       : loaded 2 times (x 70B)
Class [Lcom.google.common.collect.ImmutableEntry;                                     : loaded 2 times (x 69B)
Class com.google.common.cache.LocalCache$LoadingValueReference                        : loaded 2 times (x 96B)
Class com.google.common.base.Platform                                                 : loaded 2 times (x 71B)
Class [Lorg.objectweb.asm.AnnotationWriter;                                           : loaded 2 times (x 69B)
Class com.google.common.primitives.Ints$IntConverter                                  : loaded 2 times (x 90B)
Class com.google.common.collect.Maps$8                                                : loaded 2 times (x 82B)
Class com.google.common.collect.Sets$SetView                                          : loaded 2 times (x 138B)
Class com.google.common.cache.LocalCache$StrongValueReference                         : loaded 2 times (x 90B)
Class com.google.common.util.concurrent.AbstractFuture$SynchronizedHelper             : loaded 2 times (x 78B)
Class com.google.common.base.CharMatcher$Invisible                                    : loaded 2 times (x 112B)
Class org.objectweb.asm.Type                                                          : loaded 2 times (x 72B)
Class org.gradle.internal.classloader.VisitableURLClassLoader$InstrumentingVisitableURLClassLoader: loaded 2 times (x 123B)
Class org.objectweb.asm.ByteVector                                                    : loaded 2 times (x 78B)
Class [Lcom.google.common.cache.CacheBuilder$NullListener;                            : loaded 2 times (x 69B)
Class com.google.common.math.IntMath$1                                                : loaded 2 times (x 71B)
Class org.gradle.internal.classloader.VisitableURLClassLoader$Spec                    : loaded 2 times (x 74B)
Class org.gradle.internal.classpath.DefaultClassPath                                  : loaded 2 times (x 90B)
Class org.objectweb.asm.Symbol                                                        : loaded 2 times (x 73B)
Class com.google.common.base.AbstractIterator                                         : loaded 2 times (x 80B)
Class com.google.common.collect.RegularImmutableMap$Values                            : loaded 2 times (x 207B)
Class com.google.common.collect.ImmutableSet                                          : loaded 2 times (x 145B)
Class com.google.common.base.CharMatcher$BitSetMatcher                                : loaded 2 times (x 112B)
Class com.google.common.base.CharMatcher$Ascii                                        : loaded 2 times (x 112B)
Class org.gradle.internal.classloader.ClassLoaderSpec                                 : loaded 2 times (x 71B)
Class org.objectweb.asm.AnnotationWriter                                              : loaded 2 times (x 78B)
Class com.google.common.cache.CacheStats                                              : loaded 2 times (x 71B)
Class org.objectweb.asm.RecordComponentWriter                                         : loaded 2 times (x 78B)
Class com.google.common.util.concurrent.AbstractFuture$Listener                       : loaded 2 times (x 72B)
Class com.google.common.base.CharMatcher$Or                                           : loaded 2 times (x 112B)
Class org.objectweb.asm.Attribute                                                     : loaded 2 times (x 77B)
Class com.google.common.base.Supplier                                                 : loaded 2 times (x 70B)
Class org.gradle.internal.classloader.VisitableURLClassLoader                         : loaded 2 times (x 117B)
Class com.google.common.util.concurrent.AbstractFuture$Waiter                         : loaded 2 times (x 72B)
Class org.gradle.internal.Cast                                                        : loaded 2 times (x 71B)
Class org.gradle.api.Action                                                           : loaded 2 times (x 70B)
Class com.google.common.collect.Sets                                                  : loaded 2 times (x 71B)
Class org.objectweb.asm.Handler                                                       : loaded 2 times (x 72B)
Class com.google.common.base.Strings                                                  : loaded 2 times (x 71B)
Class com.google.common.base.Ticker                                                   : loaded 2 times (x 72B)
Class com.google.common.base.CharMatcher$FastMatcher                                  : loaded 2 times (x 111B)
Class org.gradle.internal.agents.InstrumentingClassLoader                             : loaded 2 times (x 70B)
Class [Lcom.google.common.cache.LocalCache$Segment;                                   : loaded 2 times (x 69B)
Class [Lcom.google.common.cache.LocalCache$Strength;                                  : loaded 2 times (x 69B)
Class com.google.common.cache.CacheBuilder$1                                          : loaded 2 times (x 85B)
Class com.google.common.collect.ImmutableMap                                          : loaded 2 times (x 120B)
Class com.google.common.base.Predicate                                                : loaded 2 times (x 70B)
Class org.gradle.internal.classpath.DefaultClassPath$ImmutableUniqueList$Builder      : loaded 2 times (x 75B)
Class com.google.common.cache.LocalCache                                              : loaded 2 times (x 187B)
Class com.google.common.cache.CacheBuilder$2                                          : loaded 2 times (x 79B)
Class com.google.common.base.CharMatcher$NegatedFastMatcher                           : loaded 2 times (x 113B)
Class com.google.common.cache.CacheBuilder$3                                          : loaded 2 times (x 72B)
Class [Lcom.google.common.collect.AbstractMapEntry;                                   : loaded 2 times (x 69B)
Class com.google.common.collect.ImmutableEntry                                        : loaded 2 times (x 82B)
Class com.google.common.collect.ArrayListMultimap                                     : loaded 2 times (x 172B)
Class com.google.common.base.AbstractIterator$1                                       : loaded 2 times (x 71B)
Class com.google.common.base.CharMatcher$Digit                                        : loaded 2 times (x 112B)
Class org.gradle.api.GradleException                                                  : loaded 2 times (x 82B)
Class build_93tkcne4o3x68w9v4mkydah3e                                                 : loaded 2 times (x 180B)
Class com.google.common.collect.CollectPreconditions                                  : loaded 2 times (x 71B)
Class com.google.common.base.CharMatcher$JavaIsoControl                               : loaded 2 times (x 112B)
Class build_93tkcne4o3x68w9v4mkydah3e$_run_closure1                                   : loaded 2 times (x 139B)
Class com.google.common.collect.SortedMapDifference                                   : loaded 2 times (x 70B)
Class com.google.common.base.CharMatcher$JavaLowerCase                                : loaded 2 times (x 111B)
Class build_6q0ghfex2m7ky4eb05875xkei                                                 : loaded 2 times (x 180B)
Class com.google.common.cache.LocalCache$EntryFactory                                 : loaded 2 times (x 83B)
Class com.google.common.cache.LocalCache$AbstractReferenceEntry                       : loaded 2 times (x 107B)
Class com.google.common.base.Splitter$1$1                                             : loaded 2 times (x 86B)
Class com.google.common.base.CharMatcher$Whitespace                                   : loaded 2 times (x 112B)
Class org.gradle.internal.IoActions                                                   : loaded 2 times (x 71B)
Class org.objectweb.asm.SymbolTable                                                   : loaded 2 times (x 72B)
Class com.google.common.cache.CacheLoader$InvalidCacheLoadException                   : loaded 2 times (x 82B)
Class com.google.common.collect.ImmutableSet$RegularSetBuilderImpl                    : loaded 2 times (x 77B)
Class com.google.common.base.CharMatcher$SingleWidth                                  : loaded 2 times (x 112B)
Class org.gradle.internal.classloader.SystemClassLoaderSpec                           : loaded 2 times (x 71B)
Class com.google.common.cache.LocalCache$StrongEntry                                  : loaded 2 times (x 108B)
Class com.google.common.util.concurrent.AbstractFuture$TrustedFuture                  : loaded 2 times (x 114B)
Class com.google.common.cache.LoadingCache                                            : loaded 2 times (x 70B)
Class org.objectweb.asm.MethodWriter                                                  : loaded 2 times (x 105B)
Class [Lcom.google.common.cache.Weigher;                                              : loaded 2 times (x 69B)
Class com.google.common.collect.RegularImmutableMap$BucketOverflowException           : loaded 2 times (x 82B)
Class com.google.common.cache.LocalCache$ValueReference                               : loaded 2 times (x 70B)
Class com.google.common.base.CharMatcher$Negated                                      : loaded 2 times (x 113B)
Class com.google.common.base.CharMatcher$Is                                           : loaded 2 times (x 111B)
Class com.google.common.util.concurrent.AbstractFuture$Failure                        : loaded 2 times (x 72B)
Class com.google.common.base.PatternCompiler                                          : loaded 2 times (x 70B)
Class com.google.common.base.Equivalence$Equals                                       : loaded 2 times (x 82B)
Class com.google.common.collect.Hashing                                               : loaded 2 times (x 71B)
Class com.google.common.base.Preconditions                                            : loaded 2 times (x 71B)
Class settings_45oobmneggqzdycjcw65v8uef                                              : loaded 2 times (x 179B)
Class com.google.common.base.Joiner$1                                                 : loaded 2 times (x 80B)
Class org.objectweb.asm.Label                                                         : loaded 2 times (x 73B)
Class org.objectweb.asm.CurrentFrame                                                  : loaded 2 times (x 73B)
Class org.objectweb.asm.ClassTooLargeException                                        : loaded 2 times (x 83B)
Class com.google.common.collect.PeekingIterator                                       : loaded 2 times (x 70B)
Class com.google.common.base.CharMatcher                                              : loaded 2 times (x 111B)
Class com.google.common.base.Joiner$2                                                 : loaded 2 times (x 79B)
Class org.objectweb.asm.Frame                                                         : loaded 2 times (x 73B)
Class org.objectweb.asm.MethodVisitor                                                 : loaded 2 times (x 104B)
Class com.google.common.cache.LocalCache$EntryFactory$1                               : loaded 2 times (x 83B)
Class [Lcom.google.common.cache.RemovalListener;                                      : loaded 2 times (x 69B)
Class com.google.common.base.CharMatcher$1                                            : loaded 2 times (x 113B)
Class com.google.common.base.CharMatcher$NamedFastMatcher                             : loaded 2 times (x 112B)
Class com.google.common.cache.LocalCache$EntryFactory$2                               : loaded 2 times (x 83B)
Class org.objectweb.asm.ModuleWriter                                                  : loaded 2 times (x 81B)
Class com.google.common.cache.LocalCache$EntryFactory$3                               : loaded 2 times (x 83B)
Class com.google.common.base.Ticker$1                                                 : loaded 2 times (x 72B)
Class com.google.common.collect.ImmutableMapEntrySet$RegularEntrySet                  : loaded 2 times (x 151B)
Class com.google.common.collect.Maps$BiMapConverter                                   : loaded 2 times (x 90B)
Class com.google.common.cache.LocalCache$EntryFactory$4                               : loaded 2 times (x 83B)
Class com.google.common.collect.ImmutableSet$Builder                                  : loaded 2 times (x 85B)
Class com.google.common.base.CharMatcher$InRange                                      : loaded 2 times (x 111B)
Class com.google.common.cache.LocalCache$EntryFactory$5                               : loaded 2 times (x 83B)
Class com.google.common.cache.LocalCache$EntryFactory$6                               : loaded 2 times (x 83B)
Class org.gradle.internal.installation.CurrentGradleInstallationLocator               : loaded 2 times (x 71B)
Class com.google.common.collect.Maps$KeySet                                           : loaded 2 times (x 137B)
Class com.google.common.cache.LocalCache$EntryFactory$7                               : loaded 2 times (x 83B)
Class com.google.common.collect.ImmutableSet$EmptySetBuilderImpl                      : loaded 2 times (x 76B)
Class com.google.common.collect.ImmutableList                                         : loaded 2 times (x 206B)
Class org.gradle.internal.service.DefaultServiceLocator                               : loaded 2 times (x 83B)
Class com.google.common.cache.LocalCache$EntryFactory$8                               : loaded 2 times (x 83B)
Class com.google.common.collect.ImmutableSet$SetBuilderImpl                           : loaded 2 times (x 76B)
Class org.gradle.internal.installation.CurrentGradleInstallation                      : loaded 2 times (x 73B)
Class com.google.common.cache.CacheLoader$1                                           : loaded 2 times (x 75B)
Class com.google.common.collect.ImmutableList$SubList                                 : loaded 2 times (x 208B)
Class org.gradle.util.internal.GUtil                                                  : loaded 2 times (x 71B)
Class com.google.common.util.concurrent.AbstractFuture$SetFuture                      : loaded 2 times (x 75B)
Class com.google.common.cache.AbstractCache$StatsCounter                              : loaded 2 times (x 70B)
Class com.google.common.collect.Iterators$MergingIterator                             : loaded 2 times (x 81B)
Class com.google.common.collect.RegularImmutableSet                                   : loaded 2 times (x 148B)
Class org.gradle.internal.installation.GradleInstallation                             : loaded 2 times (x 75B)
Class com.google.common.collect.Iterables                                             : loaded 2 times (x 71B)
Class com.google.common.base.Splitter$Strategy                                        : loaded 2 times (x 70B)

---------------  S Y S T E M  ---------------

OS:
 Windows 11 , 64 bit Build 26100 (10.0.26100.9168)
OS uptime: 0 days 2:27 hours
Hyper-V role detected

CPU: total 8 (initial active 8) (4 cores per cpu, 2 threads per core) family 6 model 186 stepping 3 microcode 0x6134, cx8, cmov, fxsr, ht, mmx, 3dnowpref, sse, sse2, sse3, ssse3, sse4.1, sse4.2, popcnt, lzcnt, tsc, tscinvbit, avx, avx2, aes, erms, clmul, bmi1, bmi2, adx, sha, fma, vzeroupper, clflush, clflushopt, clwb, hv, serialize, rdtscp, rdpid, fsrm, f16c, cet_ibt, cet_ss
Processor Information for the first 8 processors :
  Max Mhz: 1200, Current Mhz: 1200, Mhz Limit: 1200

Memory: 4k page, system-wide physical 7835M (376M free)
TotalPageFile size 31387M (AvailPageFile size 150M)
current process WorkingSet (physical memory assigned to process): 420M, peak: 436M
current process commit charge ("private bytes"): 451M, peak: 469M

vm_info: OpenJDK 64-Bit Server VM (21.0.9+-14787801-b1163.94) for windows-amd64 JRE (21.0.9+-14787801-b1163.94), built on 2026-01-27T21:15:44Z by "builder" with MS VC++ 16.10 / 16.11 (VS2019)

END.
