#
# There is insufficient memory for the Java Runtime Environment to continue.
# Native memory allocation (mmap) failed to map 204472320 bytes. Error detail: G1 virtual space
# Possible reasons:
#   The system is out of physical RAM or swap space
#   This process is running with CompressedOops enabled, and the Java Heap may be blocking the growth of the native heap
# Possible solutions:
#   Reduce memory load on the system
#   Increase physical memory or swap space
#   Check if swap backing store is full
#   Decrease Java heap size (-Xmx/-Xms)
#   Decrease number of Java threads
#   Decrease Java thread stack sizes (-Xss)
#   Set larger code cache with -XX:ReservedCodeCacheSize=
#   JVM is running with Unscaled Compressed Oops mode in which the Java heap is
#     placed in the first 4GB address space. The Java Heap base address is the
#     maximum limit for the native heap growth. Please use -XX:HeapBaseMinAddress
#     to set the Java Heap base and to place the Java Heap above 4GB virtual address.
# This output file may be truncated or incomplete.
#
#  Out of Memory Error (os_windows.cpp:3690), pid=34728, tid=4960
#
# JRE version: OpenJDK Runtime Environment Microsoft-13106358 (17.0.18+8) (build 17.0.18+8-LTS)
# Java VM: OpenJDK 64-Bit Server VM Microsoft-13106358 (17.0.18+8-LTS, mixed mode, sharing, tiered, compressed oops, compressed class ptrs, g1 gc, windows-amd64)
# No core dump will be written. Minidumps are not enabled by default on client versions of Windows
#

---------------  S U M M A R Y ------------

Command Line: -XX:MaxMetaspaceSize=512m --add-opens=java.base/java.util=ALL-UNNAMED --add-opens=java.base/java.lang=ALL-UNNAMED --add-opens=java.base/java.lang.invoke=ALL-UNNAMED --add-opens=java.prefs/java.util.prefs=ALL-UNNAMED --add-opens=java.base/java.nio.charset=ALL-UNNAMED --add-opens=java.base/java.net=ALL-UNNAMED --add-opens=java.base/java.util.concurrent.atomic=ALL-UNNAMED -Xmx2048m -Dfile.encoding=UTF-8 -Duser.country=IN -Duser.language=en -Duser.variant -javaagent:C:\Users\rajku\.gradle\wrapper\dists\gradle-8.5-bin\5t9huq95ubn472n8rpzujfbqh\gradle-8.5\lib\agents\gradle-instrumentation-agent-8.5.jar org.gradle.launcher.daemon.bootstrap.GradleDaemon 8.5

Host: 13th Gen Intel(R) Core(TM) i3-1315U, 8 cores, 7G,  Windows 11 , 64 bit Build 26100 (10.0.26100.9168)
Time: Fri Aug 28 03:35:43 2026 India Standard Time elapsed time: 51.857739 seconds (0d 0h 0m 51s)

---------------  T H R E A D  ---------------

Current thread (0x0000028d72e16900):  VMThread "VM Thread" [stack: 0x000000c210400000,0x000000c210500000] [id=4960]

Stack: [0x000000c210400000,0x000000c210500000]
Native frames: (J=compiled Java code, j=interpreted, Vv=VM code, C=native code)
V  [jvm.dll+0x68c879]  (no source info available)
V  [jvm.dll+0x845979]  (no source info available)
V  [jvm.dll+0x8476e8]  (no source info available)
V  [jvm.dll+0x847d73]  (no source info available)
V  [jvm.dll+0x24cf6f]  (no source info available)
V  [jvm.dll+0x68bc79]  (no source info available)
V  [jvm.dll+0x68023a]  (no source info available)
V  [jvm.dll+0x3101a0]  (no source info available)
V  [jvm.dll+0x310042]  (no source info available)
V  [jvm.dll+0x317599]  (no source info available)
V  [jvm.dll+0x369999]  (no source info available)
V  [jvm.dll+0x369bcd]  (no source info available)
V  [jvm.dll+0x2e69aa]  (no source info available)
V  [jvm.dll+0x2e4da1]  (no source info available)
V  [jvm.dll+0x2e453c]  (no source info available)
V  [jvm.dll+0x328ecb]  (no source info available)
V  [jvm.dll+0x84c5fd]  (no source info available)
V  [jvm.dll+0x84d313]  (no source info available)
V  [jvm.dll+0x84d844]  (no source info available)
V  [jvm.dll+0x84dc28]  (no source info available)
V  [jvm.dll+0x84dd1e]  (no source info available)
V  [jvm.dll+0x7f5ebc]  (no source info available)
V  [jvm.dll+0x68de17]  (no source info available)
C  [ucrtbase.dll+0x2cd30]  (no source info available)
C  [KERNEL32.DLL+0x2ccb7]  (no source info available)
C  [ntdll.dll+0xaad6c]  (no source info available)

VM_Operation (0x000000c219dfcc20): G1CollectForAllocation, mode: safepoint, requested by thread 0x0000028d7824f220


---------------  P R O C E S S  ---------------

Threads class SMR info:
_java_thread_list=0x0000028d7b8426b0, length=149, elements={
0x0000028d549629a0, 0x0000028d72e250c0, 0x0000028d72e26130, 0x0000028d72e3c8e0,
0x0000028d72e3d1b0, 0x0000028d72e3da80, 0x0000028d72e3e350, 0x0000028d72e3ef50,
0x0000028d72e41870, 0x0000028d72e44930, 0x0000028d77087960, 0x0000028d7722b2d0,
0x0000028d7a5809b0, 0x0000028d77f4b410, 0x0000028d797cb160, 0x0000028d789f8c50,
0x0000028d789947d0, 0x0000028d7a64ada0, 0x0000028d79b988b0, 0x0000028d7a6b2fe0,
0x0000028d7a6b1ba0, 0x0000028d7a6b34f0, 0x0000028d7a6b25c0, 0x0000028d7a6b1180,
0x0000028d7a6b3a00, 0x0000028d7a6b3f10, 0x0000028d7a6b4420, 0x0000028d7a6b20b0,
0x0000028d7a6b1690, 0x0000028d7a6b4930, 0x0000028d793299f0, 0x0000028d7932a920,
0x0000028d7932bd60, 0x0000028d7932b850, 0x0000028d793294e0, 0x0000028d793285b0,
0x0000028d7932c270, 0x0000028d79328ac0, 0x0000028d7932a410, 0x0000028d79329f00,
0x0000028d7932c780, 0x0000028d79328fd0, 0x0000028d7932eaf0, 0x0000028d7932f000,
0x0000028d7932e0d0, 0x0000028d7932f510, 0x0000028d7932e5e0, 0x0000028d7932fa20,
0x0000028d7932dbc0, 0x0000028d7932ff30, 0x0000028d7932cc90, 0x0000028d7818ad60,
0x0000028d7818b780, 0x0000028d7818bc90, 0x0000028d7818c1a0, 0x0000028d78189e30,
0x0000028d78189410, 0x0000028d7818c6b0, 0x0000028d7cc026e0, 0x0000028d7cc04a50,
0x0000028d7cc04030, 0x0000028d7cc012a0, 0x0000028d7cc04f60, 0x0000028d7cc03100,
0x0000028d7cc017b0, 0x0000028d7cc021d0, 0x0000028d7cc03610, 0x0000028d7cc03b20,
0x0000028d7cc02bf0, 0x0000028d7cc04540, 0x0000028d7cc05470, 0x0000028d7cc01cc0,
0x0000028d7cc077e0, 0x0000028d7cc05980, 0x0000028d7cc063a0, 0x0000028d7cc068b0,
0x0000028d7cc07cf0, 0x0000028d7cc08200, 0x0000028d7cc05e90, 0x0000028d7cc06dc0,
0x0000028d7cc072d0, 0x0000028d7cc08710, 0x0000028d7cc08c20, 0x0000028d7c657580,
0x0000028d7c656650, 0x0000028d7c656140, 0x0000028d7c6589c0, 0x0000028d7c656b60,
0x0000028d7c657070, 0x0000028d7c6593e0, 0x0000028d7c655c30, 0x0000028d7c6598f0,
0x0000028d7c65b240, 0x0000028d7c65a820, 0x0000028d7c657a90, 0x0000028d7c65b750,
0x0000028d7c659e00, 0x0000028d7c65ad30, 0x0000028d7c657fa0, 0x0000028d7c6584b0,
0x0000028d7c65bc60, 0x0000028d7c65c170, 0x0000028d7c65c680, 0x0000028d7c658ed0,
0x0000028d7c65d0a0, 0x0000028d7c65cb90, 0x0000028d7c65d5b0, 0x0000028d7c65a310,
0x0000028d7a6b2ad0, 0x0000028d7a51f630, 0x0000028d7a51fb40, 0x0000028d7a51c8a0,
0x0000028d7a51dce0, 0x0000028d7a520050, 0x0000028d7a51e1f0, 0x0000028d7a51ec10,
0x0000028d7a51cdb0, 0x0000028d7a51d2c0, 0x0000028d7a51e700, 0x0000028d7a520a70,
0x0000028d7a51f120, 0x0000028d7a520560, 0x0000028d7a51d7d0, 0x0000028d7a5219a0,
0x0000028d7a5223c0, 0x0000028d7a522de0, 0x0000028d7a523800, 0x0000028d7a524220,
0x0000028d7a521490, 0x0000028d7a5232f0, 0x0000028d7a521eb0, 0x0000028d7a5228d0,
0x0000028d7a523d10, 0x0000028d7824d8d0, 0x0000028d7824dde0, 0x0000028d7824e2f0,
0x0000028d78250b70, 0x0000028d7824e800, 0x0000028d7824d3c0, 0x0000028d7824f730,
0x0000028d78d16e00, 0x0000028d7824f220, 0x0000028d782533f0, 0x0000028d78251fb0,
0x0000028d78250150, 0x0000028d78251590, 0x0000028d7824fc40, 0x0000028d78253900,
0x0000028d7d526830
}

Java Threads: ( => current thread )
  0x0000028d549629a0 JavaThread "main" [_thread_blocked, id=9460, stack(0x000000c20fe00000,0x000000c20ff00000)]
  0x0000028d72e250c0 JavaThread "Reference Handler" daemon [_thread_blocked, id=26684, stack(0x000000c210500000,0x000000c210600000)]
  0x0000028d72e26130 JavaThread "Finalizer" daemon [_thread_blocked, id=19492, stack(0x000000c210600000,0x000000c210700000)]
  0x0000028d72e3c8e0 JavaThread "Signal Dispatcher" daemon [_thread_blocked, id=21820, stack(0x000000c210700000,0x000000c210800000)]
  0x0000028d72e3d1b0 JavaThread "Attach Listener" daemon [_thread_blocked, id=27740, stack(0x000000c210800000,0x000000c210900000)]
  0x0000028d72e3da80 JavaThread "Service Thread" daemon [_thread_blocked, id=38712, stack(0x000000c210900000,0x000000c210a00000)]
  0x0000028d72e3e350 JavaThread "Monitor Deflation Thread" daemon [_thread_blocked, id=25788, stack(0x000000c210a00000,0x000000c210b00000)]
  0x0000028d72e3ef50 JavaThread "C2 CompilerThread0" daemon [_thread_blocked, id=15848, stack(0x000000c210b00000,0x000000c210c00000)]
  0x0000028d72e41870 JavaThread "C1 CompilerThread0" daemon [_thread_blocked, id=18104, stack(0x000000c210c00000,0x000000c210d00000)]
  0x0000028d72e44930 JavaThread "Sweeper thread" daemon [_thread_blocked, id=3000, stack(0x000000c210d00000,0x000000c210e00000)]
  0x0000028d77087960 JavaThread "Common-Cleaner" daemon [_thread_blocked, id=14456, stack(0x000000c210e00000,0x000000c210f00000)]
  0x0000028d7722b2d0 JavaThread "Notification Thread" daemon [_thread_blocked, id=29440, stack(0x000000c210f00000,0x000000c211000000)]
  0x0000028d7a5809b0 JavaThread "Daemon health stats" [_thread_blocked, id=28976, stack(0x000000c211600000,0x000000c211700000)]
  0x0000028d77f4b410 JavaThread "Incoming local TCP Connector on port 62636" [_thread_in_native, id=15996, stack(0x000000c211100000,0x000000c211200000)]
  0x0000028d797cb160 JavaThread "Daemon periodic checks" [_thread_blocked, id=24052, stack(0x000000c211700000,0x000000c211800000)]
  0x0000028d789f8c50 JavaThread "Daemon" [_thread_blocked, id=21300, stack(0x000000c211800000,0x000000c211900000)]
  0x0000028d789947d0 JavaThread "Handler for socket connection from /127.0.0.1:62636 to /127.0.0.1:62637" [_thread_in_native, id=31948, stack(0x000000c211900000,0x000000c211a00000)]
  0x0000028d7a64ada0 JavaThread "Cancel handler" [_thread_blocked, id=5804, stack(0x000000c211a00000,0x000000c211b00000)]
  0x0000028d79b988b0 JavaThread "Daemon worker" [_thread_blocked, id=11864, stack(0x000000c211b00000,0x000000c211c00000)]
  0x0000028d7a6b2fe0 JavaThread "Asynchronous log dispatcher for DefaultDaemonConnection: socket connection from /127.0.0.1:62636 to /127.0.0.1:62637" [_thread_blocked, id=23164, stack(0x000000c211c00000,0x000000c211d00000)]
  0x0000028d7a6b1ba0 JavaThread "Stdin handler" [_thread_blocked, id=16292, stack(0x000000c211d00000,0x000000c211e00000)]
  0x0000028d7a6b34f0 JavaThread "Daemon client event forwarder" [_thread_blocked, id=26944, stack(0x000000c211e00000,0x000000c211f00000)]
  0x0000028d7a6b25c0 JavaThread "Cache worker for journal cache (C:\Users\rajku\.gradle\caches\journal-1)" [_thread_blocked, id=14888, stack(0x000000c211f00000,0x000000c212000000)]
  0x0000028d7a6b1180 JavaThread "File lock request listener" [_thread_in_native, id=24628, stack(0x000000c212000000,0x000000c212100000)]
  0x0000028d7a6b3a00 JavaThread "Cache worker for file hash cache (C:\Users\rajku\.gradle\caches\8.5\fileHashes)" [_thread_blocked, id=13500, stack(0x000000c212400000,0x000000c212500000)]
  0x0000028d7a6b3f10 JavaThread "File watcher server" daemon [_thread_blocked, id=24392, stack(0x000000c212600000,0x000000c212700000)]
  0x0000028d7a6b4420 JavaThread "File watcher consumer" daemon [_thread_blocked, id=36428, stack(0x000000c212700000,0x000000c212800000)]
  0x0000028d7a6b20b0 JavaThread "Cache worker for checksums cache (D:\itantra\mobile_app_apk\android\.gradle\8.5\checksums)" [_thread_blocked, id=22536, stack(0x000000c212800000,0x000000c212900000)]
  0x0000028d7a6b1690 JavaThread "Cache worker for file hash cache (D:\itantra\mobile_app_apk\android\.gradle\8.5\fileHashes)" [_thread_blocked, id=29700, stack(0x000000c212900000,0x000000c212a00000)]
  0x0000028d7a6b4930 JavaThread "Cache worker for cache directory md-supplier (C:\Users\rajku\.gradle\caches\8.5\md-supplier)" [_thread_blocked, id=37568, stack(0x000000c212a00000,0x000000c212b00000)]
  0x0000028d793299f0 JavaThread "Cache worker for cache directory md-rule (C:\Users\rajku\.gradle\caches\8.5\md-rule)" [_thread_blocked, id=23708, stack(0x000000c212b00000,0x000000c212c00000)]
  0x0000028d7932a920 JavaThread "Cache worker for file content cache (C:\Users\rajku\.gradle\caches\8.5\fileContent)" [_thread_blocked, id=9556, stack(0x000000c212c00000,0x000000c212d00000)]
  0x0000028d7932bd60 JavaThread "Cache worker for execution history cache (C:\Users\rajku\.gradle\caches\8.5\executionHistory)" [_thread_blocked, id=33688, stack(0x000000c212d00000,0x000000c212e00000)]
  0x0000028d7932b850 JavaThread "jar transforms" [_thread_blocked, id=36796, stack(0x000000c212f00000,0x000000c213000000)]
  0x0000028d793294e0 JavaThread "jar transforms Thread 2" [_thread_blocked, id=31176, stack(0x000000c213000000,0x000000c213100000)]
  0x0000028d793285b0 JavaThread "Cache worker for dependencies-accessors (D:\itantra\mobile_app_apk\android\.gradle\8.5\dependencies-accessors)" [_thread_blocked, id=30436, stack(0x000000c213100000,0x000000c213200000)]
  0x0000028d7932c270 JavaThread "jar transforms Thread 3" [_thread_blocked, id=19304, stack(0x000000c213200000,0x000000c213300000)]
  0x0000028d79328ac0 JavaThread "Cache worker for Build Output Cleanup Cache (D:\itantra\mobile_app_apk\android\.gradle\buildOutputCleanup)" [_thread_blocked, id=33692, stack(0x000000c213300000,0x000000c213400000)]
  0x0000028d7932a410 JavaThread "Unconstrained build operations" [_thread_blocked, id=35056, stack(0x000000c213400000,0x000000c213500000)]
  0x0000028d79329f00 JavaThread "Unconstrained build operations Thread 2" [_thread_blocked, id=29572, stack(0x000000c213500000,0x000000c213600000)]
  0x0000028d7932c780 JavaThread "Unconstrained build operations Thread 3" [_thread_blocked, id=38992, stack(0x000000c213600000,0x000000c213700000)]
  0x0000028d79328fd0 JavaThread "Unconstrained build operations Thread 4" [_thread_blocked, id=37836, stack(0x000000c213700000,0x000000c213800000)]
  0x0000028d7932eaf0 JavaThread "Unconstrained build operations Thread 5" [_thread_blocked, id=30772, stack(0x000000c213800000,0x000000c213900000)]
  0x0000028d7932f000 JavaThread "Unconstrained build operations Thread 6" [_thread_blocked, id=27512, stack(0x000000c213900000,0x000000c213a00000)]
  0x0000028d7932e0d0 JavaThread "Unconstrained build operations Thread 7" [_thread_blocked, id=28384, stack(0x000000c213a00000,0x000000c213b00000)]
  0x0000028d7932f510 JavaThread "jar transforms Thread 4" [_thread_blocked, id=38884, stack(0x000000c213b00000,0x000000c213c00000)]
  0x0000028d7932e5e0 JavaThread "jar transforms Thread 5" [_thread_blocked, id=32780, stack(0x000000c213c00000,0x000000c213d00000)]
  0x0000028d7932fa20 JavaThread "jar transforms Thread 6" [_thread_blocked, id=34848, stack(0x000000c213d00000,0x000000c213e00000)]
  0x0000028d7932dbc0 JavaThread "jar transforms Thread 7" [_thread_blocked, id=35204, stack(0x000000c213e00000,0x000000c213f00000)]
  0x0000028d7932ff30 JavaThread "jar transforms Thread 8" [_thread_blocked, id=34392, stack(0x000000c213f00000,0x000000c214000000)]
  0x0000028d7932cc90 JavaThread "Memory manager" [_thread_blocked, id=32272, stack(0x000000c212e00000,0x000000c212f00000)]
  0x0000028d7818ad60 JavaThread "build event listener" [_thread_blocked, id=34592, stack(0x000000c214000000,0x000000c214100000)]
  0x0000028d7818b780 JavaThread "included builds" [_thread_blocked, id=12680, stack(0x000000c214100000,0x000000c214200000)]
  0x0000028d7818bc90 JavaThread "Execution worker" [_thread_blocked, id=37704, stack(0x000000c214200000,0x000000c214300000)]
  0x0000028d7818c1a0 JavaThread "Execution worker Thread 2" [_thread_blocked, id=39740, stack(0x000000c214300000,0x000000c214400000)]
  0x0000028d78189e30 JavaThread "Execution worker Thread 3" [_thread_blocked, id=17056, stack(0x000000c214400000,0x000000c214500000)]
  0x0000028d78189410 JavaThread "Execution worker Thread 4" [_thread_blocked, id=31624, stack(0x000000c214500000,0x000000c214600000)]
  0x0000028d7818c6b0 JavaThread "Execution worker Thread 5" [_thread_blocked, id=25872, stack(0x000000c214600000,0x000000c214700000)]
  0x0000028d7cc026e0 JavaThread "Execution worker Thread 6" [_thread_blocked, id=31140, stack(0x000000c214700000,0x000000c214800000)]
  0x0000028d7cc04a50 JavaThread "Execution worker Thread 7" [_thread_blocked, id=38876, stack(0x000000c214800000,0x000000c214900000)]
  0x0000028d7cc04030 JavaThread "Cache worker for execution history cache (D:\itantra\mobile_app_apk\android\.gradle\8.5\executionHistory)" [_thread_blocked, id=15452, stack(0x000000c214900000,0x000000c214a00000)]
  0x0000028d7cc012a0 JavaThread "Unconstrained build operations Thread 8" [_thread_blocked, id=11780, stack(0x000000c214a00000,0x000000c214b00000)]
  0x0000028d7cc04f60 JavaThread "Unconstrained build operations Thread 9" [_thread_blocked, id=40316, stack(0x000000c214b00000,0x000000c214c00000)]
  0x0000028d7cc03100 JavaThread "Unconstrained build operations Thread 10" [_thread_blocked, id=37292, stack(0x000000c214c00000,0x000000c214d00000)]
  0x0000028d7cc017b0 JavaThread "Unconstrained build operations Thread 11" [_thread_blocked, id=38536, stack(0x000000c214d00000,0x000000c214e00000)]
  0x0000028d7cc021d0 JavaThread "Unconstrained build operations Thread 12" [_thread_blocked, id=34704, stack(0x000000c214e00000,0x000000c214f00000)]
  0x0000028d7cc03610 JavaThread "Unconstrained build operations Thread 13" [_thread_blocked, id=22704, stack(0x000000c214f00000,0x000000c215000000)]
  0x0000028d7cc03b20 JavaThread "Unconstrained build operations Thread 14" [_thread_blocked, id=2468, stack(0x000000c215000000,0x000000c215100000)]
  0x0000028d7cc02bf0 JavaThread "Unconstrained build operations Thread 15" [_thread_blocked, id=15372, stack(0x000000c215100000,0x000000c215200000)]
  0x0000028d7cc04540 JavaThread "Unconstrained build operations Thread 16" [_thread_blocked, id=39052, stack(0x000000c215200000,0x000000c215300000)]
  0x0000028d7cc05470 JavaThread "Unconstrained build operations Thread 17" [_thread_blocked, id=29740, stack(0x000000c215300000,0x000000c215400000)]
  0x0000028d7cc01cc0 JavaThread "Unconstrained build operations Thread 18" [_thread_blocked, id=19376, stack(0x000000c215400000,0x000000c215500000)]
  0x0000028d7cc077e0 JavaThread "Unconstrained build operations Thread 19" [_thread_blocked, id=40376, stack(0x000000c215500000,0x000000c215600000)]
  0x0000028d7cc05980 JavaThread "Unconstrained build operations Thread 20" [_thread_blocked, id=30144, stack(0x000000c215600000,0x000000c215700000)]
  0x0000028d7cc063a0 JavaThread "Unconstrained build operations Thread 21" [_thread_blocked, id=36208, stack(0x000000c215700000,0x000000c215800000)]
  0x0000028d7cc068b0 JavaThread "Unconstrained build operations Thread 22" [_thread_blocked, id=23860, stack(0x000000c215800000,0x000000c215900000)]
  0x0000028d7cc07cf0 JavaThread "Unconstrained build operations Thread 23" [_thread_blocked, id=36580, stack(0x000000c215900000,0x000000c215a00000)]
  0x0000028d7cc08200 JavaThread "Unconstrained build operations Thread 24" [_thread_blocked, id=14692, stack(0x000000c215a00000,0x000000c215b00000)]
  0x0000028d7cc05e90 JavaThread "Unconstrained build operations Thread 25" [_thread_blocked, id=37892, stack(0x000000c215b00000,0x000000c215c00000)]
  0x0000028d7cc06dc0 JavaThread "Unconstrained build operations Thread 26" [_thread_blocked, id=34248, stack(0x000000c215c00000,0x000000c215d00000)]
  0x0000028d7cc072d0 JavaThread "Unconstrained build operations Thread 27" [_thread_blocked, id=24156, stack(0x000000c215d00000,0x000000c215e00000)]
  0x0000028d7cc08710 JavaThread "Unconstrained build operations Thread 28" [_thread_blocked, id=17584, stack(0x000000c215e00000,0x000000c215f00000)]
  0x0000028d7cc08c20 JavaThread "Unconstrained build operations Thread 29" [_thread_blocked, id=16380, stack(0x000000c215f00000,0x000000c216000000)]
  0x0000028d7c657580 JavaThread "Unconstrained build operations Thread 30" [_thread_blocked, id=29792, stack(0x000000c216000000,0x000000c216100000)]
  0x0000028d7c656650 JavaThread "Unconstrained build operations Thread 31" [_thread_blocked, id=22932, stack(0x000000c216100000,0x000000c216200000)]
  0x0000028d7c656140 JavaThread "Unconstrained build operations Thread 32" [_thread_blocked, id=37604, stack(0x000000c216200000,0x000000c216300000)]
  0x0000028d7c6589c0 JavaThread "Unconstrained build operations Thread 33" [_thread_blocked, id=28468, stack(0x000000c216300000,0x000000c216400000)]
  0x0000028d7c656b60 JavaThread "Unconstrained build operations Thread 34" [_thread_blocked, id=12900, stack(0x000000c216400000,0x000000c216500000)]
  0x0000028d7c657070 JavaThread "Unconstrained build operations Thread 35" [_thread_blocked, id=39660, stack(0x000000c216500000,0x000000c216600000)]
  0x0000028d7c6593e0 JavaThread "Unconstrained build operations Thread 36" [_thread_blocked, id=34688, stack(0x000000c216600000,0x000000c216700000)]
  0x0000028d7c655c30 JavaThread "Unconstrained build operations Thread 37" [_thread_blocked, id=33216, stack(0x000000c216700000,0x000000c216800000)]
  0x0000028d7c6598f0 JavaThread "Unconstrained build operations Thread 38" [_thread_blocked, id=344, stack(0x000000c216800000,0x000000c216900000)]
  0x0000028d7c65b240 JavaThread "Unconstrained build operations Thread 39" [_thread_blocked, id=28260, stack(0x000000c216900000,0x000000c216a00000)]
  0x0000028d7c65a820 JavaThread "Unconstrained build operations Thread 40" [_thread_blocked, id=14376, stack(0x000000c216a00000,0x000000c216b00000)]
  0x0000028d7c657a90 JavaThread "Unconstrained build operations Thread 41" [_thread_blocked, id=31884, stack(0x000000c216b00000,0x000000c216c00000)]
  0x0000028d7c65b750 JavaThread "Unconstrained build operations Thread 42" [_thread_blocked, id=5260, stack(0x000000c216c00000,0x000000c216d00000)]
  0x0000028d7c659e00 JavaThread "Unconstrained build operations Thread 43" [_thread_blocked, id=36832, stack(0x000000c216d00000,0x000000c216e00000)]
  0x0000028d7c65ad30 JavaThread "Unconstrained build operations Thread 44" [_thread_blocked, id=33608, stack(0x000000c216e00000,0x000000c216f00000)]
  0x0000028d7c657fa0 JavaThread "Unconstrained build operations Thread 45" [_thread_blocked, id=24016, stack(0x000000c216f00000,0x000000c217000000)]
  0x0000028d7c6584b0 JavaThread "Unconstrained build operations Thread 46" [_thread_blocked, id=32396, stack(0x000000c217000000,0x000000c217100000)]
  0x0000028d7c65bc60 JavaThread "Unconstrained build operations Thread 47" [_thread_blocked, id=22072, stack(0x000000c217100000,0x000000c217200000)]
  0x0000028d7c65c170 JavaThread "Unconstrained build operations Thread 48" [_thread_blocked, id=4972, stack(0x000000c217200000,0x000000c217300000)]
  0x0000028d7c65c680 JavaThread "Unconstrained build operations Thread 49" [_thread_blocked, id=18612, stack(0x000000c217300000,0x000000c217400000)]
  0x0000028d7c658ed0 JavaThread "Unconstrained build operations Thread 50" [_thread_blocked, id=4148, stack(0x000000c217400000,0x000000c217500000)]
  0x0000028d7c65d0a0 JavaThread "Unconstrained build operations Thread 51" [_thread_blocked, id=24352, stack(0x000000c217500000,0x000000c217600000)]
  0x0000028d7c65cb90 JavaThread "Unconstrained build operations Thread 52" [_thread_blocked, id=12328, stack(0x000000c217600000,0x000000c217700000)]
  0x0000028d7c65d5b0 JavaThread "Unconstrained build operations Thread 53" [_thread_blocked, id=26704, stack(0x000000c217700000,0x000000c217800000)]
  0x0000028d7c65a310 JavaThread "Unconstrained build operations Thread 54" [_thread_blocked, id=39576, stack(0x000000c217800000,0x000000c217900000)]
  0x0000028d7a6b2ad0 JavaThread "Unconstrained build operations Thread 55" [_thread_blocked, id=29112, stack(0x000000c217900000,0x000000c217a00000)]
  0x0000028d7a51f630 JavaThread "Unconstrained build operations Thread 56" [_thread_blocked, id=22916, stack(0x000000c217a00000,0x000000c217b00000)]
  0x0000028d7a51fb40 JavaThread "Unconstrained build operations Thread 57" [_thread_blocked, id=31608, stack(0x000000c217b00000,0x000000c217c00000)]
  0x0000028d7a51c8a0 JavaThread "Unconstrained build operations Thread 58" [_thread_blocked, id=31616, stack(0x000000c217c00000,0x000000c217d00000)]
  0x0000028d7a51dce0 JavaThread "Unconstrained build operations Thread 59" [_thread_blocked, id=37644, stack(0x000000c217d00000,0x000000c217e00000)]
  0x0000028d7a520050 JavaThread "Unconstrained build operations Thread 60" [_thread_blocked, id=36664, stack(0x000000c217e00000,0x000000c217f00000)]
  0x0000028d7a51e1f0 JavaThread "Unconstrained build operations Thread 61" [_thread_blocked, id=34640, stack(0x000000c217f00000,0x000000c218000000)]
  0x0000028d7a51ec10 JavaThread "Unconstrained build operations Thread 62" [_thread_blocked, id=32572, stack(0x000000c218000000,0x000000c218100000)]
  0x0000028d7a51cdb0 JavaThread "Unconstrained build operations Thread 63" [_thread_blocked, id=35184, stack(0x000000c218100000,0x000000c218200000)]
  0x0000028d7a51d2c0 JavaThread "Unconstrained build operations Thread 64" [_thread_blocked, id=34068, stack(0x000000c218200000,0x000000c218300000)]
  0x0000028d7a51e700 JavaThread "Unconstrained build operations Thread 65" [_thread_blocked, id=31672, stack(0x000000c218300000,0x000000c218400000)]
  0x0000028d7a520a70 JavaThread "Unconstrained build operations Thread 66" [_thread_blocked, id=30932, stack(0x000000c218400000,0x000000c218500000)]
  0x0000028d7a51f120 JavaThread "Unconstrained build operations Thread 67" [_thread_blocked, id=12352, stack(0x000000c218500000,0x000000c218600000)]
  0x0000028d7a520560 JavaThread "WorkerExecutor Queue" [_thread_blocked, id=34540, stack(0x000000c218600000,0x000000c218700000)]
  0x0000028d7a51d7d0 JavaThread "Unconstrained build operations Thread 68" [_thread_blocked, id=7096, stack(0x000000c218700000,0x000000c218800000)]
  0x0000028d7a5219a0 JavaThread "Unconstrained build operations Thread 69" [_thread_blocked, id=31020, stack(0x000000c218800000,0x000000c218900000)]
  0x0000028d7a5223c0 JavaThread "Unconstrained build operations Thread 70" [_thread_blocked, id=24256, stack(0x000000c218900000,0x000000c218a00000)]
  0x0000028d7a522de0 JavaThread "Unconstrained build operations Thread 71" [_thread_blocked, id=37624, stack(0x000000c218a00000,0x000000c218b00000)]
  0x0000028d7a523800 JavaThread "Unconstrained build operations Thread 72" [_thread_blocked, id=29064, stack(0x000000c218b00000,0x000000c218c00000)]
  0x0000028d7a524220 JavaThread "Unconstrained build operations Thread 73" [_thread_blocked, id=30088, stack(0x000000c218c00000,0x000000c218d00000)]
  0x0000028d7a521490 JavaThread "Unconstrained build operations Thread 74" [_thread_blocked, id=29912, stack(0x000000c218d00000,0x000000c218e00000)]
  0x0000028d7a5232f0 JavaThread "Unconstrained build operations Thread 75" [_thread_blocked, id=6956, stack(0x000000c218e00000,0x000000c218f00000)]
  0x0000028d7a521eb0 JavaThread "Unconstrained build operations Thread 76" [_thread_blocked, id=2968, stack(0x000000c218f00000,0x000000c219000000)]
  0x0000028d7a5228d0 JavaThread "Unconstrained build operations Thread 77" [_thread_blocked, id=28052, stack(0x000000c219000000,0x000000c219100000)]
  0x0000028d7a523d10 JavaThread "Unconstrained build operations Thread 78" [_thread_blocked, id=36772, stack(0x000000c219100000,0x000000c219200000)]
  0x0000028d7824d8d0 JavaThread "Unconstrained build operations Thread 79" [_thread_blocked, id=13720, stack(0x000000c219200000,0x000000c219300000)]
  0x0000028d7824dde0 JavaThread "Unconstrained build operations Thread 80" [_thread_blocked, id=24364, stack(0x000000c219300000,0x000000c219400000)]
  0x0000028d7824e2f0 JavaThread "RMI Scheduler(0)" daemon [_thread_blocked, id=31932, stack(0x000000c219400000,0x000000c219500000)]
  0x0000028d78250b70 JavaThread "RMI GC Daemon" daemon [_thread_blocked, id=35904, stack(0x000000c219600000,0x000000c219700000)]
  0x0000028d7824e800 JavaThread "RMI TCP Accept-0" daemon [_thread_in_native, id=38164, stack(0x000000c219700000,0x000000c219800000)]
  0x0000028d7824d3c0 JavaThread "RMI Reaper" [_thread_blocked, id=13300, stack(0x000000c219800000,0x000000c219900000)]
  0x0000028d7824f730 JavaThread "RMI TCP Connection(2)-127.0.0.1" daemon [_thread_in_native, id=21692, stack(0x000000c219900000,0x000000c219a00000)]
  0x0000028d78d16e00 JavaThread "C2 CompilerThread1" daemon [_thread_blocked, id=21832, stack(0x000000c219c00000,0x000000c219d00000)]
  0x0000028d7824f220 JavaThread "WorkerExecutor Queue Thread 2" [_thread_blocked, id=29612, stack(0x000000c219d00000,0x000000c219e00000)]
  0x0000028d782533f0 JavaThread "WorkerExecutor Queue Thread 3" [_thread_blocked, id=32460, stack(0x000000c219e00000,0x000000c219f00000)]
  0x0000028d78251fb0 JavaThread "WorkerExecutor Queue Thread 4" [_thread_blocked, id=37828, stack(0x000000c219f00000,0x000000c21a000000)]
  0x0000028d78250150 JavaThread "WorkerExecutor Queue Thread 5" [_thread_blocked, id=21224, stack(0x000000c21a000000,0x000000c21a100000)]
  0x0000028d78251590 JavaThread "WorkerExecutor Queue Thread 6" [_thread_blocked, id=37752, stack(0x000000c21a100000,0x000000c21a200000)]
  0x0000028d7824fc40 JavaThread "WorkerExecutor Queue Thread 7" [_thread_blocked, id=14948, stack(0x000000c21a200000,0x000000c21a300000)]
  0x0000028d78253900 JavaThread "WorkerExecutor Queue Thread 8" [_thread_blocked, id=33428, stack(0x000000c21a300000,0x000000c21a400000)]
  0x0000028d7d526830 JavaThread "C2 CompilerThread2" daemon [_thread_blocked, id=35336, stack(0x000000c219500000,0x000000c219600000)]

Other Threads:
=>0x0000028d72e16900 VMThread "VM Thread" [stack: 0x000000c210400000,0x000000c210500000] [id=4960]
  0x0000028d54963730 WatcherThread [stack: 0x000000c211000000,0x000000c211100000] [id=34324]
  0x0000028d549c19d0 GCTaskThread "GC Thread#0" [stack: 0x000000c20ff00000,0x000000c210000000] [id=5648]
  0x0000028d77bfbb20 GCTaskThread "GC Thread#1" [stack: 0x000000c211200000,0x000000c211300000] [id=22148]
  0x0000028d77bfd470 GCTaskThread "GC Thread#2" [stack: 0x000000c211300000,0x000000c211400000] [id=40276]
  0x0000028d77bfbdf0 GCTaskThread "GC Thread#3" [stack: 0x000000c211400000,0x000000c211500000] [id=33752]
  0x0000028d77bfcc00 GCTaskThread "GC Thread#4" [stack: 0x000000c211500000,0x000000c211600000] [id=15200]
  0x0000028d77bfc390 GCTaskThread "GC Thread#5" [stack: 0x000000c212100000,0x000000c212200000] [id=21272]
  0x0000028d77bfc930 GCTaskThread "GC Thread#6" [stack: 0x000000c212200000,0x000000c212300000] [id=22548]
  0x0000028d77bfc660 GCTaskThread "GC Thread#7" [stack: 0x000000c212300000,0x000000c212400000] [id=15432]
  0x0000028d549d2840 ConcurrentGCThread "G1 Main Marker" [stack: 0x000000c210000000,0x000000c210100000] [id=9416]
  0x0000028d549d45e0 ConcurrentGCThread "G1 Conc#0" [stack: 0x000000c210100000,0x000000c210200000] [id=38628]
  0x0000028d789cc260 ConcurrentGCThread "G1 Conc#1" [stack: 0x000000c212500000,0x000000c212600000] [id=21592]
  0x0000028d72cd0110 ConcurrentGCThread "G1 Refine#0" [stack: 0x000000c210200000,0x000000c210300000] [id=38212]
  0x0000028d72cd2810 ConcurrentGCThread "G1 Service" [stack: 0x000000c210300000,0x000000c210400000] [id=20888]

Threads with active compile tasks:
C2 CompilerThread0  51984 14158       4       java.util.TimSort::sort (229 bytes)
C1 CompilerThread0  51984 14328       3       com.android.tools.r8.internal.Nl::w (350 bytes)
C2 CompilerThread1  51984 14132 %     4       com.android.tools.r8.internal.Nl::B @ 53 (338 bytes)
C2 CompilerThread2  51984 13313 %     4       com.android.tools.r8.internal.l3::b @ 2106 (2179 bytes)

VM state: at safepoint (normal execution)

VM Mutex/Monitor currently owned by a thread:  ([mutex/lock_event])
[0x0000028d5495e200] Threads_lock - owner thread: 0x0000028d72e16900
[0x0000028d5495d3f0] Heap_lock - owner thread: 0x0000028d7824f220

Heap address: 0x0000000080000000, size: 2048 MB, Compressed Oops mode: 32-bit

CDS archive(s) mapped at: [0x0000028d00000000-0x0000028d00bb0000-0x0000028d00bb0000), size 12255232, SharedBaseAddress: 0x0000028d00000000, ArchiveRelocationMode: 1.
Compressed class space mapped at: 0x0000028d01000000-0x0000028d1b000000, reserved size: 436207616
Narrow klass base: 0x0000028d00000000, Narrow klass shift: 0, Narrow klass range: 0x100000000

GC Precious Log:
 CPUs: 8 total, 8 available
 Memory: 7835M
 Large Page Support: Disabled
 NUMA Support: Disabled
 Compressed Oops: Enabled (32-bit)
 Heap Region Size: 1M
 Heap Min Capacity: 8M
 Heap Initial Capacity: 124M
 Heap Max Capacity: 2G
 Pre-touch: Disabled
 Parallel Workers: 8
 Concurrent Workers: 2
 Concurrent Refinement Workers: 8
 Periodic GC: Disabled

Heap:
 garbage-first heap   total 199680K, used 134344K [0x0000000080000000, 0x0000000100000000)
  region size 1024K, 4 young (4096K), 4 survivors (4096K)
 Metaspace       used 109712K, committed 110528K, reserved 557056K
  class space    used 15804K, committed 16192K, reserved 425984K

Heap Regions: E=young(eden), S=young(survivor), O=old, HS=humongous(starts), HC=humongous(continues), CS=collection set, F=free, OA=open archive, CA=closed archive, TAMS=top-at-mark-start (previous, next)
|   0|0x0000000080000000, 0x0000000080100000, 0x0000000080100000|100%|HS|  |TAMS 0x0000000080100000, 0x0000000080000000| Complete 
|   1|0x0000000080100000, 0x0000000080200000, 0x0000000080200000|100%|HC|  |TAMS 0x0000000080200000, 0x0000000080100000| Complete 
|   2|0x0000000080200000, 0x0000000080300000, 0x0000000080300000|100%|HC|  |TAMS 0x0000000080300000, 0x0000000080200000| Complete 
|   3|0x0000000080300000, 0x0000000080400000, 0x0000000080400000|100%|HC|  |TAMS 0x0000000080400000, 0x0000000080300000| Complete 
|   4|0x0000000080400000, 0x0000000080500000, 0x0000000080500000|100%| O|  |TAMS 0x0000000080500000, 0x0000000080400000| Untracked 
|   5|0x0000000080500000, 0x0000000080600000, 0x0000000080600000|100%| O|  |TAMS 0x0000000080600000, 0x0000000080500000| Untracked 
|   6|0x0000000080600000, 0x0000000080700000, 0x0000000080700000|100%| O|  |TAMS 0x0000000080700000, 0x0000000080600000| Untracked 
|   7|0x0000000080700000, 0x0000000080800000, 0x0000000080800000|100%| O|  |TAMS 0x0000000080800000, 0x0000000080700000| Untracked 
|   8|0x0000000080800000, 0x0000000080900000, 0x0000000080900000|100%| O|  |TAMS 0x0000000080900000, 0x0000000080800000| Untracked 
|   9|0x0000000080900000, 0x0000000080a00000, 0x0000000080a00000|100%| O|  |TAMS 0x0000000080a00000, 0x0000000080900000| Untracked 
|  10|0x0000000080a00000, 0x0000000080b00000, 0x0000000080b00000|100%| O|  |TAMS 0x0000000080b00000, 0x0000000080a00000| Untracked 
|  11|0x0000000080b00000, 0x0000000080c00000, 0x0000000080c00000|100%| O|  |TAMS 0x0000000080c00000, 0x0000000080b00000| Untracked 
|  12|0x0000000080c00000, 0x0000000080d00000, 0x0000000080d00000|100%| O|  |TAMS 0x0000000080d00000, 0x0000000080c00000| Untracked 
|  13|0x0000000080d00000, 0x0000000080e00000, 0x0000000080e00000|100%| O|  |TAMS 0x0000000080e00000, 0x0000000080d00000| Untracked 
|  14|0x0000000080e00000, 0x0000000080f00000, 0x0000000080f00000|100%| O|  |TAMS 0x0000000080f00000, 0x0000000080e00000| Untracked 
|  15|0x0000000080f00000, 0x0000000081000000, 0x0000000081000000|100%| O|  |TAMS 0x0000000081000000, 0x0000000080f00000| Untracked 
|  16|0x0000000081000000, 0x0000000081100000, 0x0000000081100000|100%| O|  |TAMS 0x0000000081100000, 0x0000000081000000| Untracked 
|  17|0x0000000081100000, 0x0000000081200000, 0x0000000081200000|100%| O|  |TAMS 0x0000000081200000, 0x0000000081100000| Untracked 
|  18|0x0000000081200000, 0x0000000081300000, 0x0000000081300000|100%| O|  |TAMS 0x0000000081300000, 0x0000000081200000| Untracked 
|  19|0x0000000081300000, 0x0000000081400000, 0x0000000081400000|100%| O|  |TAMS 0x0000000081400000, 0x0000000081300000| Untracked 
|  20|0x0000000081400000, 0x0000000081500000, 0x0000000081500000|100%| O|  |TAMS 0x0000000081500000, 0x0000000081400000| Untracked 
|  21|0x0000000081500000, 0x0000000081600000, 0x0000000081600000|100%| O|  |TAMS 0x0000000081600000, 0x0000000081500000| Untracked 
|  22|0x0000000081600000, 0x0000000081700000, 0x0000000081700000|100%| O|  |TAMS 0x0000000081700000, 0x0000000081600000| Untracked 
|  23|0x0000000081700000, 0x0000000081800000, 0x0000000081800000|100%| O|  |TAMS 0x0000000081800000, 0x0000000081700000| Untracked 
|  24|0x0000000081800000, 0x0000000081900000, 0x0000000081900000|100%| O|  |TAMS 0x0000000081900000, 0x0000000081800000| Untracked 
|  25|0x0000000081900000, 0x0000000081a00000, 0x0000000081a00000|100%| O|  |TAMS 0x0000000081a00000, 0x0000000081900000| Untracked 
|  26|0x0000000081a00000, 0x0000000081b00000, 0x0000000081b00000|100%| O|  |TAMS 0x0000000081b00000, 0x0000000081a00000| Untracked 
|  27|0x0000000081b00000, 0x0000000081c00000, 0x0000000081c00000|100%| O|  |TAMS 0x0000000081c00000, 0x0000000081b00000| Untracked 
|  28|0x0000000081c00000, 0x0000000081d00000, 0x0000000081d00000|100%| O|  |TAMS 0x0000000081d00000, 0x0000000081c00000| Untracked 
|  29|0x0000000081d00000, 0x0000000081e00000, 0x0000000081e00000|100%|HS|  |TAMS 0x0000000081e00000, 0x0000000081d00000| Complete 
|  30|0x0000000081e00000, 0x0000000081f00000, 0x0000000081f00000|100%|HS|  |TAMS 0x0000000081f00000, 0x0000000081e00000| Complete 
|  31|0x0000000081f00000, 0x0000000082000000, 0x0000000082000000|100%|HC|  |TAMS 0x0000000082000000, 0x0000000081f00000| Complete 
|  32|0x0000000082000000, 0x0000000082100000, 0x0000000082100000|100%|HS|  |TAMS 0x0000000082100000, 0x0000000082000000| Complete 
|  33|0x0000000082100000, 0x0000000082200000, 0x0000000082200000|100%| O|  |TAMS 0x0000000082200000, 0x0000000082100000| Untracked 
|  34|0x0000000082200000, 0x0000000082300000, 0x0000000082300000|100%| O|  |TAMS 0x0000000082300000, 0x0000000082200000| Untracked 
|  35|0x0000000082300000, 0x0000000082400000, 0x0000000082400000|100%| O|  |TAMS 0x0000000082400000, 0x0000000082300000| Untracked 
|  36|0x0000000082400000, 0x0000000082500000, 0x0000000082500000|100%| O|  |TAMS 0x0000000082500000, 0x0000000082400000| Untracked 
|  37|0x0000000082500000, 0x0000000082600000, 0x0000000082600000|100%| O|  |TAMS 0x0000000082600000, 0x0000000082500000| Untracked 
|  38|0x0000000082600000, 0x0000000082700000, 0x0000000082700000|100%| O|  |TAMS 0x0000000082700000, 0x0000000082600000| Untracked 
|  39|0x0000000082700000, 0x0000000082800000, 0x0000000082800000|100%| O|  |TAMS 0x0000000082800000, 0x0000000082700000| Untracked 
|  40|0x0000000082800000, 0x0000000082900000, 0x0000000082900000|100%| O|  |TAMS 0x0000000082900000, 0x0000000082800000| Untracked 
|  41|0x0000000082900000, 0x0000000082a00000, 0x0000000082a00000|100%| O|  |TAMS 0x0000000082a00000, 0x0000000082900000| Untracked 
|  42|0x0000000082a00000, 0x0000000082b00000, 0x0000000082b00000|100%|HS|  |TAMS 0x0000000082b00000, 0x0000000082a00000| Complete 
|  43|0x0000000082b00000, 0x0000000082c00000, 0x0000000082c00000|100%| O|  |TAMS 0x0000000082b00000, 0x0000000082b00000| Untracked 
|  44|0x0000000082c00000, 0x0000000082d00000, 0x0000000082d00000|100%| O|  |TAMS 0x0000000082c00000, 0x0000000082c00000| Untracked 
|  45|0x0000000082d00000, 0x0000000082e00000, 0x0000000082e00000|100%| O|  |TAMS 0x0000000082d00000, 0x0000000082d00000| Untracked 
|  46|0x0000000082e00000, 0x0000000082f00000, 0x0000000082f00000|100%| O|  |TAMS 0x0000000082f00000, 0x0000000082e00000| Untracked 
|  47|0x0000000082f00000, 0x0000000083000000, 0x0000000083000000|100%|HS|  |TAMS 0x0000000083000000, 0x0000000082f00000| Complete 
|  48|0x0000000083000000, 0x0000000083100000, 0x0000000083100000|100%|HC|  |TAMS 0x0000000083100000, 0x0000000083000000| Complete 
|  49|0x0000000083100000, 0x0000000083200000, 0x0000000083200000|100%|HC|  |TAMS 0x0000000083200000, 0x0000000083100000| Complete 
|  50|0x0000000083200000, 0x0000000083300000, 0x0000000083300000|100%|HC|  |TAMS 0x0000000083300000, 0x0000000083200000| Complete 
|  51|0x0000000083300000, 0x0000000083400000, 0x0000000083400000|100%| O|  |TAMS 0x0000000083400000, 0x0000000083300000| Untracked 
|  52|0x0000000083400000, 0x0000000083500000, 0x0000000083500000|100%| O|  |TAMS 0x0000000083500000, 0x0000000083400000| Untracked 
|  53|0x0000000083500000, 0x0000000083600000, 0x0000000083600000|100%|HS|  |TAMS 0x0000000083600000, 0x0000000083500000| Complete 
|  54|0x0000000083600000, 0x0000000083700000, 0x0000000083700000|100%| O|  |TAMS 0x0000000083700000, 0x0000000083600000| Untracked 
|  55|0x0000000083700000, 0x0000000083800000, 0x0000000083800000|100%| O|  |TAMS 0x0000000083800000, 0x0000000083700000| Untracked 
|  56|0x0000000083800000, 0x0000000083900000, 0x0000000083900000|100%|HS|  |TAMS 0x0000000083900000, 0x0000000083800000| Complete 
|  57|0x0000000083900000, 0x0000000083a00000, 0x0000000083a00000|100%|HC|  |TAMS 0x0000000083a00000, 0x0000000083900000| Complete 
|  58|0x0000000083a00000, 0x0000000083b00000, 0x0000000083b00000|100%| O|  |TAMS 0x0000000083b00000, 0x0000000083a00000| Untracked 
|  59|0x0000000083b00000, 0x0000000083c00000, 0x0000000083c00000|100%| O|  |TAMS 0x0000000083c00000, 0x0000000083b00000| Untracked 
|  60|0x0000000083c00000, 0x0000000083d00000, 0x0000000083d00000|100%| O|  |TAMS 0x0000000083d00000, 0x0000000083c00000| Untracked 
|  61|0x0000000083d00000, 0x0000000083e00000, 0x0000000083e00000|100%|HS|  |TAMS 0x0000000083e00000, 0x0000000083d00000| Complete 
|  62|0x0000000083e00000, 0x0000000083f00000, 0x0000000083f00000|100%| O|  |TAMS 0x0000000083f00000, 0x0000000083e00000| Untracked 
|  63|0x0000000083f00000, 0x0000000084000000, 0x0000000084000000|100%| O|  |TAMS 0x0000000084000000, 0x0000000083f00000| Untracked 
|  64|0x0000000084000000, 0x0000000084100000, 0x0000000084100000|100%| O|  |TAMS 0x0000000084100000, 0x0000000084000000| Untracked 
|  65|0x0000000084100000, 0x0000000084200000, 0x0000000084200000|100%| O|  |TAMS 0x0000000084200000, 0x0000000084100000| Untracked 
|  66|0x0000000084200000, 0x0000000084300000, 0x0000000084300000|100%| O|  |TAMS 0x0000000084300000, 0x0000000084200000| Untracked 
|  67|0x0000000084300000, 0x0000000084400000, 0x0000000084400000|100%| O|  |TAMS 0x0000000084400000, 0x0000000084300000| Untracked 
|  68|0x0000000084400000, 0x0000000084500000, 0x0000000084500000|100%| O|  |TAMS 0x0000000084500000, 0x0000000084400000| Untracked 
|  69|0x0000000084500000, 0x0000000084600000, 0x0000000084600000|100%| O|  |TAMS 0x0000000084600000, 0x0000000084500000| Untracked 
|  70|0x0000000084600000, 0x0000000084700000, 0x0000000084700000|100%| O|  |TAMS 0x0000000084700000, 0x0000000084600000| Untracked 
|  71|0x0000000084700000, 0x0000000084800000, 0x0000000084800000|100%| O|  |TAMS 0x0000000084800000, 0x0000000084700000| Untracked 
|  72|0x0000000084800000, 0x0000000084900000, 0x0000000084900000|100%| O|  |TAMS 0x0000000084900000, 0x0000000084800000| Untracked 
|  73|0x0000000084900000, 0x0000000084a00000, 0x0000000084a00000|100%|HS|  |TAMS 0x0000000084a00000, 0x0000000084900000| Complete 
|  74|0x0000000084a00000, 0x0000000084b00000, 0x0000000084b00000|100%|HC|  |TAMS 0x0000000084b00000, 0x0000000084a00000| Complete 
|  75|0x0000000084b00000, 0x0000000084c00000, 0x0000000084c00000|100%|HC|  |TAMS 0x0000000084c00000, 0x0000000084b00000| Complete 
|  76|0x0000000084c00000, 0x0000000084d00000, 0x0000000084d00000|100%|HC|  |TAMS 0x0000000084d00000, 0x0000000084c00000| Complete 
|  77|0x0000000084d00000, 0x0000000084e00000, 0x0000000084e00000|100%| O|  |TAMS 0x0000000084e00000, 0x0000000084d00000| Untracked 
|  78|0x0000000084e00000, 0x0000000084f00000, 0x0000000084f00000|100%| O|  |TAMS 0x0000000084f00000, 0x0000000084e00000| Untracked 
|  79|0x0000000084f00000, 0x0000000085000000, 0x0000000085000000|100%| O|  |TAMS 0x0000000085000000, 0x0000000084f00000| Untracked 
|  80|0x0000000085000000, 0x0000000085100000, 0x0000000085100000|100%| O|  |TAMS 0x0000000085100000, 0x0000000085000000| Untracked 
|  81|0x0000000085100000, 0x0000000085200000, 0x0000000085200000|100%| O|  |TAMS 0x0000000085200000, 0x0000000085100000| Untracked 
|  82|0x0000000085200000, 0x0000000085300000, 0x0000000085300000|100%| O|  |TAMS 0x0000000085300000, 0x0000000085200000| Untracked 
|  83|0x0000000085300000, 0x0000000085400000, 0x0000000085400000|100%| O|  |TAMS 0x0000000085400000, 0x0000000085300000| Untracked 
|  84|0x0000000085400000, 0x0000000085500000, 0x0000000085500000|100%| O|  |TAMS 0x0000000085500000, 0x0000000085400000| Untracked 
|  85|0x0000000085500000, 0x0000000085600000, 0x0000000085600000|100%| O|  |TAMS 0x0000000085600000, 0x0000000085500000| Untracked 
|  86|0x0000000085600000, 0x0000000085700000, 0x0000000085700000|100%| O|  |TAMS 0x0000000085700000, 0x0000000085600000| Untracked 
|  87|0x0000000085700000, 0x0000000085800000, 0x0000000085800000|100%| O|  |TAMS 0x0000000085800000, 0x0000000085700000| Untracked 
|  88|0x0000000085800000, 0x0000000085900000, 0x0000000085900000|100%| O|  |TAMS 0x0000000085900000, 0x0000000085800000| Untracked 
|  89|0x0000000085900000, 0x0000000085a00000, 0x0000000085a00000|100%| O|  |TAMS 0x0000000085a00000, 0x0000000085900000| Untracked 
|  90|0x0000000085a00000, 0x0000000085b00000, 0x0000000085b00000|100%| O|  |TAMS 0x0000000085b00000, 0x0000000085a00000| Untracked 
|  91|0x0000000085b00000, 0x0000000085c00000, 0x0000000085c00000|100%| O|  |TAMS 0x0000000085c00000, 0x0000000085b00000| Untracked 
|  92|0x0000000085c00000, 0x0000000085d00000, 0x0000000085d00000|100%| O|  |TAMS 0x0000000085d00000, 0x0000000085c00000| Untracked 
|  93|0x0000000085d00000, 0x0000000085e00000, 0x0000000085e00000|100%| O|  |TAMS 0x0000000085e00000, 0x0000000085d00000| Untracked 
|  94|0x0000000085e00000, 0x0000000085f00000, 0x0000000085f00000|100%| O|  |TAMS 0x0000000085f00000, 0x0000000085e00000| Untracked 
|  95|0x0000000085f00000, 0x0000000086000000, 0x0000000086000000|100%| O|  |TAMS 0x0000000086000000, 0x0000000085f00000| Untracked 
|  96|0x0000000086000000, 0x0000000086100000, 0x0000000086100000|100%| O|  |TAMS 0x0000000086100000, 0x0000000086000000| Untracked 
|  97|0x0000000086100000, 0x0000000086200000, 0x0000000086200000|100%| O|  |TAMS 0x0000000086200000, 0x0000000086100000| Untracked 
|  98|0x0000000086200000, 0x0000000086300000, 0x0000000086300000|100%| O|  |TAMS 0x0000000086300000, 0x0000000086200000| Untracked 
|  99|0x0000000086300000, 0x0000000086400000, 0x0000000086400000|100%| O|  |TAMS 0x0000000086400000, 0x0000000086300000| Untracked 
| 100|0x0000000086400000, 0x0000000086500000, 0x0000000086500000|100%| O|  |TAMS 0x0000000086500000, 0x0000000086400000| Untracked 
| 101|0x0000000086500000, 0x0000000086600000, 0x0000000086600000|100%| O|  |TAMS 0x0000000086600000, 0x0000000086500000| Untracked 
| 102|0x0000000086600000, 0x0000000086700000, 0x0000000086700000|100%| O|  |TAMS 0x0000000086700000, 0x0000000086600000| Untracked 
| 103|0x0000000086700000, 0x0000000086800000, 0x0000000086800000|100%| O|  |TAMS 0x000000008675f800, 0x0000000086700000| Untracked 
| 104|0x0000000086800000, 0x0000000086900000, 0x0000000086900000|100%| O|  |TAMS 0x0000000086800000, 0x0000000086800000| Untracked 
| 105|0x0000000086900000, 0x0000000086a00000, 0x0000000086a00000|100%| O|  |TAMS 0x0000000086900000, 0x0000000086900000| Untracked 
| 106|0x0000000086a00000, 0x0000000086b00000, 0x0000000086b00000|100%| O|  |TAMS 0x0000000086a00000, 0x0000000086a00000| Untracked 
| 107|0x0000000086b00000, 0x0000000086c00000, 0x0000000086c00000|100%| O|  |TAMS 0x0000000086b00000, 0x0000000086b00000| Untracked 
| 108|0x0000000086c00000, 0x0000000086d00000, 0x0000000086d00000|100%| O|  |TAMS 0x0000000086c00000, 0x0000000086c00000| Untracked 
| 109|0x0000000086d00000, 0x0000000086e00000, 0x0000000086e00000|100%| O|  |TAMS 0x0000000086d00000, 0x0000000086d00000| Untracked 
| 110|0x0000000086e00000, 0x0000000086f00000, 0x0000000086f00000|100%| O|  |TAMS 0x0000000086e00000, 0x0000000086e00000| Untracked 
| 111|0x0000000086f00000, 0x0000000087000000, 0x0000000087000000|100%| O|  |TAMS 0x0000000086f00000, 0x0000000086f00000| Untracked 
| 112|0x0000000087000000, 0x0000000087100000, 0x0000000087100000|100%| O|  |TAMS 0x0000000087000000, 0x0000000087000000| Untracked 
| 113|0x0000000087100000, 0x0000000087200000, 0x0000000087200000|100%| O|  |TAMS 0x0000000087100000, 0x0000000087100000| Untracked 
| 114|0x0000000087200000, 0x0000000087300000, 0x0000000087300000|100%| O|  |TAMS 0x0000000087200000, 0x0000000087200000| Untracked 
| 115|0x0000000087300000, 0x0000000087400000, 0x0000000087400000|100%| O|  |TAMS 0x0000000087300000, 0x0000000087300000| Untracked 
| 116|0x0000000087400000, 0x0000000087500000, 0x0000000087500000|100%| O|  |TAMS 0x0000000087400000, 0x0000000087400000| Untracked 
| 117|0x0000000087500000, 0x0000000087600000, 0x0000000087600000|100%| O|  |TAMS 0x0000000087500000, 0x0000000087500000| Untracked 
| 118|0x0000000087600000, 0x0000000087700000, 0x0000000087700000|100%| O|  |TAMS 0x0000000087600000, 0x0000000087600000| Untracked 
| 119|0x0000000087700000, 0x0000000087800000, 0x0000000087800000|100%| O|  |TAMS 0x0000000087700000, 0x0000000087700000| Untracked 
| 120|0x0000000087800000, 0x0000000087900000, 0x0000000087900000|100%| O|  |TAMS 0x0000000087800000, 0x0000000087800000| Untracked 
| 121|0x0000000087900000, 0x0000000087a00000, 0x0000000087a00000|100%| O|  |TAMS 0x0000000087900000, 0x0000000087900000| Untracked 
| 122|0x0000000087a00000, 0x0000000087b00000, 0x0000000087b00000|100%| O|  |TAMS 0x0000000087a00000, 0x0000000087a00000| Untracked 
| 123|0x0000000087b00000, 0x0000000087c00000, 0x0000000087c00000|100%| O|  |TAMS 0x0000000087b00000, 0x0000000087b00000| Untracked 
| 124|0x0000000087c00000, 0x0000000087d00000, 0x0000000087d00000|100%| O|  |TAMS 0x0000000087c00000, 0x0000000087c00000| Untracked 
| 125|0x0000000087d00000, 0x0000000087e00000, 0x0000000087e00000|100%| O|  |TAMS 0x0000000087d00000, 0x0000000087d00000| Untracked 
| 126|0x0000000087e00000, 0x0000000087f00000, 0x0000000087f00000|100%| O|  |TAMS 0x0000000087e00000, 0x0000000087e00000| Untracked 
| 127|0x0000000087f00000, 0x0000000087f6e600, 0x0000000088000000| 43%| O|  |TAMS 0x0000000087f00000, 0x0000000087f00000| Untracked 
| 128|0x0000000088000000, 0x0000000088000000, 0x0000000088100000|  0%| F|  |TAMS 0x0000000088000000, 0x0000000088000000| Untracked 
| 129|0x0000000088100000, 0x0000000088100000, 0x0000000088200000|  0%| F|  |TAMS 0x0000000088100000, 0x0000000088100000| Untracked 
| 130|0x0000000088200000, 0x0000000088200000, 0x0000000088300000|  0%| F|  |TAMS 0x0000000088200000, 0x0000000088200000| Untracked 
| 131|0x0000000088300000, 0x0000000088300000, 0x0000000088400000|  0%| F|  |TAMS 0x0000000088300000, 0x0000000088300000| Untracked 
| 132|0x0000000088400000, 0x0000000088400000, 0x0000000088500000|  0%| F|  |TAMS 0x0000000088400000, 0x0000000088400000| Untracked 
| 133|0x0000000088500000, 0x0000000088500000, 0x0000000088600000|  0%| F|  |TAMS 0x0000000088500000, 0x0000000088500000| Untracked 
| 134|0x0000000088600000, 0x0000000088600000, 0x0000000088700000|  0%| F|  |TAMS 0x0000000088600000, 0x0000000088600000| Untracked 
| 135|0x0000000088700000, 0x0000000088700000, 0x0000000088800000|  0%| F|  |TAMS 0x0000000088700000, 0x0000000088700000| Untracked 
| 136|0x0000000088800000, 0x0000000088800000, 0x0000000088900000|  0%| F|  |TAMS 0x0000000088800000, 0x0000000088800000| Untracked 
| 137|0x0000000088900000, 0x0000000088900000, 0x0000000088a00000|  0%| F|  |TAMS 0x0000000088900000, 0x0000000088900000| Untracked 
| 138|0x0000000088a00000, 0x0000000088a00000, 0x0000000088b00000|  0%| F|  |TAMS 0x0000000088a00000, 0x0000000088a00000| Untracked 
| 139|0x0000000088b00000, 0x0000000088b00000, 0x0000000088c00000|  0%| F|  |TAMS 0x0000000088b00000, 0x0000000088b00000| Untracked 
| 140|0x0000000088c00000, 0x0000000088c00000, 0x0000000088d00000|  0%| F|  |TAMS 0x0000000088c00000, 0x0000000088c00000| Untracked 
| 141|0x0000000088d00000, 0x0000000088d00000, 0x0000000088e00000|  0%| F|  |TAMS 0x0000000088d00000, 0x0000000088d00000| Untracked 
| 142|0x0000000088e00000, 0x0000000088e00000, 0x0000000088f00000|  0%| F|  |TAMS 0x0000000088e00000, 0x0000000088e00000| Untracked 
| 143|0x0000000088f00000, 0x0000000088f00000, 0x0000000089000000|  0%| F|  |TAMS 0x0000000088f00000, 0x0000000088f00000| Untracked 
| 144|0x0000000089000000, 0x0000000089000000, 0x0000000089100000|  0%| F|  |TAMS 0x0000000089000000, 0x0000000089000000| Untracked 
| 145|0x0000000089100000, 0x0000000089100000, 0x0000000089200000|  0%| F|  |TAMS 0x0000000089100000, 0x0000000089100000| Untracked 
| 146|0x0000000089200000, 0x0000000089200000, 0x0000000089300000|  0%| F|  |TAMS 0x0000000089200000, 0x0000000089200000| Untracked 
| 147|0x0000000089300000, 0x0000000089300000, 0x0000000089400000|  0%| F|  |TAMS 0x0000000089300000, 0x0000000089300000| Untracked 
| 148|0x0000000089400000, 0x0000000089400000, 0x0000000089500000|  0%| F|  |TAMS 0x0000000089400000, 0x0000000089400000| Untracked 
| 149|0x0000000089500000, 0x0000000089500000, 0x0000000089600000|  0%| F|  |TAMS 0x0000000089500000, 0x0000000089500000| Untracked 
| 150|0x0000000089600000, 0x0000000089600000, 0x0000000089700000|  0%| F|  |TAMS 0x0000000089600000, 0x0000000089600000| Untracked 
| 151|0x0000000089700000, 0x0000000089700000, 0x0000000089800000|  0%| F|  |TAMS 0x0000000089700000, 0x0000000089700000| Untracked 
| 152|0x0000000089800000, 0x00000000898c3a18, 0x0000000089900000| 76%| S|CS|TAMS 0x0000000089800000, 0x0000000089800000| Complete 
| 153|0x0000000089900000, 0x0000000089a00000, 0x0000000089a00000|100%| S|CS|TAMS 0x0000000089900000, 0x0000000089900000| Complete 
| 154|0x0000000089a00000, 0x0000000089b00000, 0x0000000089b00000|100%| S|CS|TAMS 0x0000000089a00000, 0x0000000089a00000| Complete 
| 155|0x0000000089b00000, 0x0000000089b00000, 0x0000000089c00000|  0%| F|  |TAMS 0x0000000089b00000, 0x0000000089b00000| Untracked 
| 156|0x0000000089c00000, 0x0000000089c00000, 0x0000000089d00000|  0%| F|  |TAMS 0x0000000089c00000, 0x0000000089c00000| Untracked 
| 157|0x0000000089d00000, 0x0000000089d00000, 0x0000000089e00000|  0%| F|  |TAMS 0x0000000089d00000, 0x0000000089d00000| Untracked 
| 158|0x0000000089e00000, 0x0000000089f00000, 0x0000000089f00000|100%| S|CS|TAMS 0x0000000089e00000, 0x0000000089e00000| Complete 
| 159|0x0000000089f00000, 0x0000000089f00000, 0x000000008a000000|  0%| F|  |TAMS 0x0000000089f00000, 0x0000000089f00000| Untracked 
| 160|0x000000008a000000, 0x000000008a000000, 0x000000008a100000|  0%| F|  |TAMS 0x000000008a000000, 0x000000008a000000| Untracked 
| 161|0x000000008a100000, 0x000000008a100000, 0x000000008a200000|  0%| F|  |TAMS 0x000000008a100000, 0x000000008a100000| Untracked 
| 162|0x000000008a200000, 0x000000008a200000, 0x000000008a300000|  0%| F|  |TAMS 0x000000008a200000, 0x000000008a200000| Untracked 
| 163|0x000000008a300000, 0x000000008a300000, 0x000000008a400000|  0%| F|  |TAMS 0x000000008a300000, 0x000000008a300000| Untracked 
| 164|0x000000008a400000, 0x000000008a400000, 0x000000008a500000|  0%| F|  |TAMS 0x000000008a400000, 0x000000008a400000| Untracked 
| 165|0x000000008a500000, 0x000000008a500000, 0x000000008a600000|  0%| F|  |TAMS 0x000000008a500000, 0x000000008a500000| Untracked 
| 166|0x000000008a600000, 0x000000008a600000, 0x000000008a700000|  0%| F|  |TAMS 0x000000008a600000, 0x000000008a600000| Untracked 
| 167|0x000000008a700000, 0x000000008a700000, 0x000000008a800000|  0%| F|  |TAMS 0x000000008a700000, 0x000000008a700000| Untracked 
| 168|0x000000008a800000, 0x000000008a800000, 0x000000008a900000|  0%| F|  |TAMS 0x000000008a800000, 0x000000008a800000| Untracked 
| 169|0x000000008a900000, 0x000000008a900000, 0x000000008aa00000|  0%| F|  |TAMS 0x000000008a900000, 0x000000008a900000| Untracked 
| 170|0x000000008aa00000, 0x000000008aa00000, 0x000000008ab00000|  0%| F|  |TAMS 0x000000008aa00000, 0x000000008aa00000| Untracked 
| 171|0x000000008ab00000, 0x000000008ab00000, 0x000000008ac00000|  0%| F|  |TAMS 0x000000008ab00000, 0x000000008ab00000| Untracked 
| 172|0x000000008ac00000, 0x000000008ac00000, 0x000000008ad00000|  0%| F|  |TAMS 0x000000008ac00000, 0x000000008ac00000| Untracked 
| 173|0x000000008ad00000, 0x000000008ad00000, 0x000000008ae00000|  0%| F|  |TAMS 0x000000008ad00000, 0x000000008ad00000| Untracked 
| 174|0x000000008ae00000, 0x000000008ae00000, 0x000000008af00000|  0%| F|  |TAMS 0x000000008ae00000, 0x000000008ae00000| Untracked 
| 175|0x000000008af00000, 0x000000008af00000, 0x000000008b000000|  0%| F|  |TAMS 0x000000008af00000, 0x000000008af00000| Untracked 
| 176|0x000000008b000000, 0x000000008b000000, 0x000000008b100000|  0%| F|  |TAMS 0x000000008b000000, 0x000000008b000000| Untracked 
| 177|0x000000008b100000, 0x000000008b100000, 0x000000008b200000|  0%| F|  |TAMS 0x000000008b100000, 0x000000008b100000| Untracked 
| 178|0x000000008b200000, 0x000000008b200000, 0x000000008b300000|  0%| F|  |TAMS 0x000000008b200000, 0x000000008b200000| Untracked 
| 179|0x000000008b300000, 0x000000008b300000, 0x000000008b400000|  0%| F|  |TAMS 0x000000008b300000, 0x000000008b300000| Untracked 
| 180|0x000000008b400000, 0x000000008b400000, 0x000000008b500000|  0%| F|  |TAMS 0x000000008b400000, 0x000000008b400000| Untracked 
| 181|0x000000008b500000, 0x000000008b500000, 0x000000008b600000|  0%| F|  |TAMS 0x000000008b500000, 0x000000008b500000| Untracked 
| 182|0x000000008b600000, 0x000000008b600000, 0x000000008b700000|  0%| F|  |TAMS 0x000000008b600000, 0x000000008b600000| Untracked 
| 183|0x000000008b700000, 0x000000008b700000, 0x000000008b800000|  0%| F|  |TAMS 0x000000008b700000, 0x000000008b700000| Untracked 
| 184|0x000000008b800000, 0x000000008b800000, 0x000000008b900000|  0%| F|  |TAMS 0x000000008b800000, 0x000000008b800000| Untracked 
| 185|0x000000008b900000, 0x000000008b900000, 0x000000008ba00000|  0%| F|  |TAMS 0x000000008b900000, 0x000000008b900000| Untracked 
| 186|0x000000008ba00000, 0x000000008ba00000, 0x000000008bb00000|  0%| F|  |TAMS 0x000000008ba00000, 0x000000008ba00000| Untracked 
| 187|0x000000008bb00000, 0x000000008bb00000, 0x000000008bc00000|  0%| F|  |TAMS 0x000000008bb00000, 0x000000008bb00000| Untracked 
| 188|0x000000008bc00000, 0x000000008bc00000, 0x000000008bd00000|  0%| F|  |TAMS 0x000000008bc00000, 0x000000008bc00000| Untracked 
| 189|0x000000008bd00000, 0x000000008bd00000, 0x000000008be00000|  0%| F|  |TAMS 0x000000008bd00000, 0x000000008bd00000| Untracked 
| 190|0x000000008be00000, 0x000000008be00000, 0x000000008bf00000|  0%| F|  |TAMS 0x000000008be00000, 0x000000008be00000| Untracked 
| 191|0x000000008bf00000, 0x000000008bf00000, 0x000000008c000000|  0%| F|  |TAMS 0x000000008bf00000, 0x000000008bf00000| Untracked 
| 192|0x000000008c000000, 0x000000008c000000, 0x000000008c100000|  0%| F|  |TAMS 0x000000008c000000, 0x000000008c000000| Untracked 
| 193|0x000000008c100000, 0x000000008c100000, 0x000000008c200000|  0%| F|  |TAMS 0x000000008c100000, 0x000000008c100000| Untracked 
| 194|0x000000008c200000, 0x000000008c200000, 0x000000008c300000|  0%| F|  |TAMS 0x000000008c200000, 0x000000008c200000| Untracked 

Card table byte_map: [0x0000028d6bc00000,0x0000028d6c000000] _byte_map_base: 0x0000028d6b800000

Marking Bits (Prev, Next): (CMBitMap*) 0x0000028d549c1f50, (CMBitMap*) 0x0000028d549c1f10
 Prev Bits: [0x0000028d6e400000, 0x0000028d70400000)
 Next Bits: [0x0000028d6c400000, 0x0000028d6e400000)

Polling page: 0x0000028d52740000

Metaspace:

Usage:
  Non-class:     91.71 MB used.
      Class:     15.43 MB used.
       Both:    107.14 MB used.

Virtual space:
  Non-class space:      128.00 MB reserved,      92.12 MB ( 72%) committed,  2 nodes.
      Class space:      416.00 MB reserved,      15.81 MB (  4%) committed,  1 nodes.
             Both:      544.00 MB reserved,     107.94 MB ( 20%) committed. 

Chunk freelists:
   Non-Class:  3.30 MB
       Class:  132.00 KB
        Both:  3.43 MB

MaxMetaspaceSize: 512.00 MB
CompressedClassSpaceSize: 416.00 MB
Initial GC threshold: 21.00 MB
Current GC threshold: 141.19 MB
CDS: on
MetaspaceReclaimPolicy: balanced
 - commit_granule_bytes: 65536.
 - commit_granule_words: 8192.
 - virtual_space_node_default_size: 8388608.
 - enlarge_chunks_in_place: 1.
 - new_chunks_are_fully_committed: 0.
 - uncommit_free_chunks: 1.
 - use_allocation_guard: 0.
 - handle_deallocations: 1.


Internal statistics:

num_allocs_failed_limit: 6.
num_arena_births: 1210.
num_arena_deaths: 12.
num_vsnodes_births: 3.
num_vsnodes_deaths: 0.
num_space_committed: 1726.
num_space_uncommitted: 0.
num_chunks_returned_to_freelist: 23.
num_chunks_taken_from_freelist: 5762.
num_chunk_merges: 13.
num_chunk_splits: 3857.
num_chunks_enlarged: 2617.
num_inconsistent_stats: 0.

CodeHeap 'non-profiled nmethods': size=120000Kb used=6007Kb max_used=6653Kb free=113993Kb
 bounds [0x0000028d63fa0000, 0x0000028d64630000, 0x0000028d6b4d0000]
CodeHeap 'profiled nmethods': size=120000Kb used=22673Kb max_used=24143Kb free=97326Kb
 bounds [0x0000028d5c4d0000, 0x0000028d5dc70000, 0x0000028d63a00000]
CodeHeap 'non-nmethods': size=5760Kb used=2443Kb max_used=2482Kb free=3316Kb
 bounds [0x0000028d63a00000, 0x0000028d63c70000, 0x0000028d63fa0000]
 total_blobs=12912 nmethods=11929 adapters=893
 compilation: enabled
              stopped_count=0, restarted_count=0
 full_count=0

Compilation events (20 events):
Event: 49.824 Thread 0x0000028d72e41870 nmethod 14308 0x0000028d645a4010 code [0x0000028d645a41a0, 0x0000028d645a4278]
Event: 49.824 Thread 0x0000028d72e41870 14309       1       com.android.tools.r8.dex.code.B1::B (2 bytes)
Event: 49.824 Thread 0x0000028d72e41870 nmethod 14309 0x0000028d645a3b10 code [0x0000028d645a3ca0, 0x0000028d645a3d78]
Event: 49.825 Thread 0x0000028d72e41870 14219       2       com.android.tools.r8.graph.h::c (6 bytes)
Event: 49.826 Thread 0x0000028d72e41870 nmethod 14219 0x0000028d5db93690 code [0x0000028d5db93840, 0x0000028d5db93968]
Event: 49.826 Thread 0x0000028d72e41870 14315       1       com.android.tools.r8.graph.s0::g (5 bytes)
Event: 49.827 Thread 0x0000028d72e41870 nmethod 14315 0x0000028d64553510 code [0x0000028d645536a0, 0x0000028d64553778]
Event: 49.827 Thread 0x0000028d72e41870 14318       1       com.android.tools.r8.graph.F0::x (5 bytes)
Event: 49.828 Thread 0x0000028d72e41870 nmethod 14318 0x0000028d64553210 code [0x0000028d645533a0, 0x0000028d64553478]
Event: 49.828 Thread 0x0000028d72e41870 14321       1       com.android.tools.r8.dex.code.Z::t (3 bytes)
Event: 49.829 Thread 0x0000028d72e41870 nmethod 14321 0x0000028d64552f10 code [0x0000028d645530a0, 0x0000028d64553178]
Event: 49.829 Thread 0x0000028d72e41870 14307       3       jdk.internal.misc.Unsafe::putShortUnaligned (37 bytes)
Event: 49.830 Thread 0x0000028d72e41870 nmethod 14307 0x0000028d5db26110 code [0x0000028d5db262c0, 0x0000028d5db26508]
Event: 49.830 Thread 0x0000028d72e41870 14306       2       java.nio.Buffer::nextPutIndex (30 bytes)
Event: 49.830 Thread 0x0000028d72e41870 nmethod 14306 0x0000028d5db39890 code [0x0000028d5db39a40, 0x0000028d5db39ba8]
Event: 49.830 Thread 0x0000028d72e41870 14310   !   3       jdk.internal.misc.ScopedMemoryAccess::putShortUnaligned (27 bytes)
Event: 49.831 Thread 0x0000028d72e41870 nmethod 14310 0x0000028d5c786290 code [0x0000028d5c786480, 0x0000028d5c786a68]
Event: 49.831 Thread 0x0000028d72e41870 14324       3       com.android.tools.r8.internal.J4::o (75 bytes)
Event: 49.834 Thread 0x0000028d72e41870 nmethod 14324 0x0000028d5c885e90 code [0x0000028d5c886180, 0x0000028d5c8873d8]
Event: 49.834 Thread 0x0000028d72e41870 14328       3       com.android.tools.r8.internal.Nl::w (350 bytes)

GC Heap History (20 events):
Event: 26.024 GC heap after
{Heap after GC invocations=52 (full 0):
 garbage-first heap   total 184320K, used 105956K [0x0000000080000000, 0x0000000100000000)
  region size 1024K, 2 young (2048K), 2 survivors (2048K)
 Metaspace       used 85493K, committed 86144K, reserved 557056K
  class space    used 12030K, committed 12352K, reserved 425984K
}
Event: 26.616 GC heap before
{Heap before GC invocations=52 (full 0):
 garbage-first heap   total 184320K, used 151012K [0x0000000080000000, 0x0000000100000000)
  region size 1024K, 46 young (47104K), 2 survivors (2048K)
 Metaspace       used 85984K, committed 86656K, reserved 557056K
  class space    used 12073K, committed 12416K, reserved 425984K
}
Event: 26.620 GC heap after
{Heap after GC invocations=53 (full 0):
 garbage-first heap   total 184320K, used 110303K [0x0000000080000000, 0x0000000100000000)
  region size 1024K, 6 young (6144K), 6 survivors (6144K)
 Metaspace       used 85984K, committed 86656K, reserved 557056K
  class space    used 12073K, committed 12416K, reserved 425984K
}
Event: 27.400 GC heap before
{Heap before GC invocations=54 (full 0):
 garbage-first heap   total 199680K, used 149215K [0x0000000080000000, 0x0000000100000000)
  region size 1024K, 45 young (46080K), 6 survivors (6144K)
 Metaspace       used 88613K, committed 89344K, reserved 557056K
  class space    used 12378K, committed 12736K, reserved 425984K
}
Event: 27.406 GC heap after
{Heap after GC invocations=55 (full 0):
 garbage-first heap   total 199680K, used 114009K [0x0000000080000000, 0x0000000100000000)
  region size 1024K, 5 young (5120K), 5 survivors (5120K)
 Metaspace       used 88613K, committed 89344K, reserved 557056K
  class space    used 12378K, committed 12736K, reserved 425984K
}
Event: 27.422 GC heap before
{Heap before GC invocations=55 (full 0):
 garbage-first heap   total 199680K, used 118105K [0x0000000080000000, 0x0000000100000000)
  region size 1024K, 9 young (9216K), 5 survivors (5120K)
 Metaspace       used 88717K, committed 89408K, reserved 557056K
  class space    used 12395K, committed 12736K, reserved 425984K
}
Event: 27.426 GC heap after
{Heap after GC invocations=56 (full 0):
 garbage-first heap   total 199680K, used 113541K [0x0000000080000000, 0x0000000100000000)
  region size 1024K, 1 young (1024K), 1 survivors (1024K)
 Metaspace       used 88717K, committed 89408K, reserved 557056K
  class space    used 12395K, committed 12736K, reserved 425984K
}
Event: 27.713 GC heap before
{Heap before GC invocations=56 (full 0):
 garbage-first heap   total 199680K, used 161669K [0x0000000080000000, 0x0000000100000000)
  region size 1024K, 49 young (50176K), 1 survivors (1024K)
 Metaspace       used 89577K, committed 90240K, reserved 557056K
  class space    used 12512K, committed 12864K, reserved 425984K
}
Event: 27.717 GC heap after
{Heap after GC invocations=57 (full 0):
 garbage-first heap   total 199680K, used 117302K [0x0000000080000000, 0x0000000100000000)
  region size 1024K, 5 young (5120K), 5 survivors (5120K)
 Metaspace       used 89577K, committed 90240K, reserved 557056K
  class space    used 12512K, committed 12864K, reserved 425984K
}
Event: 47.919 GC heap before
{Heap before GC invocations=57 (full 0):
 garbage-first heap   total 199680K, used 170550K [0x0000000080000000, 0x0000000100000000)
  region size 1024K, 51 young (52224K), 5 survivors (5120K)
 Metaspace       used 93610K, committed 94400K, reserved 557056K
  class space    used 13033K, committed 13440K, reserved 425984K
}
Event: 47.926 GC heap after
{Heap after GC invocations=58 (full 0):
 garbage-first heap   total 199680K, used 120870K [0x0000000080000000, 0x0000000100000000)
  region size 1024K, 4 young (4096K), 4 survivors (4096K)
 Metaspace       used 93610K, committed 94400K, reserved 557056K
  class space    used 13033K, committed 13440K, reserved 425984K
}
Event: 48.415 GC heap before
{Heap before GC invocations=58 (full 0):
 garbage-first heap   total 199680K, used 164902K [0x0000000080000000, 0x0000000100000000)
  region size 1024K, 48 young (49152K), 4 survivors (4096K)
 Metaspace       used 97556K, committed 98304K, reserved 557056K
  class space    used 13689K, committed 14080K, reserved 425984K
}
Event: 48.422 GC heap after
{Heap after GC invocations=59 (full 0):
 garbage-first heap   total 199680K, used 127665K [0x0000000080000000, 0x0000000100000000)
  region size 1024K, 6 young (6144K), 6 survivors (6144K)
 Metaspace       used 97556K, committed 98304K, reserved 557056K
  class space    used 13689K, committed 14080K, reserved 425984K
}
Event: 48.899 GC heap before
{Heap before GC invocations=59 (full 0):
 garbage-first heap   total 199680K, used 164529K [0x0000000080000000, 0x0000000100000000)
  region size 1024K, 43 young (44032K), 6 survivors (6144K)
 Metaspace       used 101983K, committed 102784K, reserved 557056K
  class space    used 14514K, committed 14912K, reserved 425984K
}
Event: 48.907 GC heap after
{Heap after GC invocations=60 (full 0):
 garbage-first heap   total 199680K, used 130160K [0x0000000080000000, 0x0000000100000000)
  region size 1024K, 3 young (3072K), 3 survivors (3072K)
 Metaspace       used 101983K, committed 102784K, reserved 557056K
  class space    used 14514K, committed 14912K, reserved 425984K
}
Event: 49.345 GC heap before
{Heap before GC invocations=60 (full 0):
 garbage-first heap   total 199680K, used 166000K [0x0000000080000000, 0x0000000100000000)
  region size 1024K, 39 young (39936K), 3 survivors (3072K)
 Metaspace       used 106081K, committed 106880K, reserved 557056K
  class space    used 15223K, committed 15616K, reserved 425984K
}
Event: 49.350 GC heap after
{Heap after GC invocations=61 (full 0):
 garbage-first heap   total 199680K, used 131691K [0x0000000080000000, 0x0000000100000000)
  region size 1024K, 4 young (4096K), 4 survivors (4096K)
 Metaspace       used 106081K, committed 106880K, reserved 557056K
  class space    used 15223K, committed 15616K, reserved 425984K
}
Event: 49.574 GC heap before
{Heap before GC invocations=61 (full 0):
 garbage-first heap   total 199680K, used 167531K [0x0000000080000000, 0x0000000100000000)
  region size 1024K, 40 young (40960K), 4 survivors (4096K)
 Metaspace       used 108021K, committed 108864K, reserved 557056K
  class space    used 15554K, committed 15936K, reserved 425984K
}
Event: 49.579 GC heap after
{Heap after GC invocations=62 (full 0):
 garbage-first heap   total 199680K, used 132440K [0x0000000080000000, 0x0000000100000000)
  region size 1024K, 3 young (3072K), 3 survivors (3072K)
 Metaspace       used 108021K, committed 108864K, reserved 557056K
  class space    used 15554K, committed 15936K, reserved 425984K
}
Event: 49.836 GC heap before
{Heap before GC invocations=62 (full 0):
 garbage-first heap   total 199680K, used 168280K [0x0000000080000000, 0x0000000100000000)
  region size 1024K, 39 young (39936K), 3 survivors (3072K)
 Metaspace       used 109712K, committed 110528K, reserved 557056K
  class space    used 15804K, committed 16192K, reserved 425984K
}

Dll operation events (17 events):
Event: 0.113 Loaded shared library C:\Users\rajku\.jdks\ms-17.0.18\bin\java.dll
Event: 0.135 Loaded shared library C:\Users\rajku\.jdks\ms-17.0.18\bin\jsvml.dll
Event: 0.195 Loaded shared library C:\Users\rajku\.jdks\ms-17.0.18\bin\zip.dll
Event: 0.201 Loaded shared library C:\Users\rajku\.jdks\ms-17.0.18\bin\instrument.dll
Event: 0.209 Loaded shared library C:\Users\rajku\.jdks\ms-17.0.18\bin\net.dll
Event: 0.211 Loaded shared library C:\Users\rajku\.jdks\ms-17.0.18\bin\nio.dll
Event: 0.215 Loaded shared library C:\Users\rajku\.jdks\ms-17.0.18\bin\zip.dll
Event: 0.612 Loaded shared library C:\Users\rajku\.jdks\ms-17.0.18\bin\jimage.dll
Event: 0.764 Loaded shared library C:\Users\rajku\.jdks\ms-17.0.18\bin\verify.dll
Event: 1.054 Loaded shared library C:\Users\rajku\.gradle\native\c067742578af261105cb4f569cf0c3c89f3d7b1fecec35dd04571415982c5e48\windows-amd64\native-platform.dll
Event: 1.073 Loaded shared library C:\Users\rajku\.gradle\native\38dada09dfb8b06ba9b0570ebf7e218e3eb74d4ef43ca46872605cf95ebc2f47\windows-amd64\native-platform-file-events.dll
Event: 2.621 Loaded shared library C:\Users\rajku\.jdks\ms-17.0.18\bin\management.dll
Event: 2.628 Loaded shared library C:\Users\rajku\.jdks\ms-17.0.18\bin\management_ext.dll
Event: 3.089 Loaded shared library C:\Users\rajku\.jdks\ms-17.0.18\bin\extnet.dll
Event: 3.499 Loaded shared library C:\Users\rajku\.jdks\ms-17.0.18\bin\sunmscapi.dll
Event: 27.868 Loaded shared library C:\Users\rajku\AppData\Local\Temp\native-platform7632089492571989880dir\native-platform.dll
Event: 29.110 Loaded shared library C:\Users\rajku\.jdks\ms-17.0.18\bin\rmi.dll

Deoptimization events (20 events):
Event: 49.812 Thread 0x0000028d7a520560 Uncommon trap: trap_request=0xffffff66 fr.pc=0x0000028d6454e8a8 relative=0x0000000000000088
Event: 49.812 Thread 0x0000028d7a520560 Uncommon trap: reason=speculate_class_check action=maybe_recompile pc=0x0000028d6454e8a8 method=com.android.tools.r8.internal.O00.C()Z @ 1 c2
Event: 49.812 Thread 0x0000028d7a520560 DEOPT PACKING pc=0x0000028d6454e8a8 sp=0x000000c2186fc9b0
Event: 49.812 Thread 0x0000028d7a520560 DEOPT UNPACKING pc=0x0000028d63a569a3 sp=0x000000c2186fc888 mode 2
Event: 49.812 Thread 0x0000028d7a520560 Uncommon trap: trap_request=0xffffff66 fr.pc=0x0000028d6454e8a8 relative=0x0000000000000088
Event: 49.812 Thread 0x0000028d7a520560 Uncommon trap: reason=speculate_class_check action=maybe_recompile pc=0x0000028d6454e8a8 method=com.android.tools.r8.internal.O00.C()Z @ 1 c2
Event: 49.812 Thread 0x0000028d7a520560 DEOPT PACKING pc=0x0000028d6454e8a8 sp=0x000000c2186fc980
Event: 49.812 Thread 0x0000028d7a520560 DEOPT UNPACKING pc=0x0000028d63a569a3 sp=0x000000c2186fc860 mode 2
Event: 49.812 Thread 0x0000028d7a520560 Uncommon trap: trap_request=0xffffff45 fr.pc=0x0000028d641cbc90 relative=0x0000000000000070
Event: 49.812 Thread 0x0000028d7a520560 Uncommon trap: reason=unstable_if action=reinterpret pc=0x0000028d641cbc90 method=com.android.tools.r8.internal.q20.b()Z @ 4 c2
Event: 49.812 Thread 0x0000028d7a520560 DEOPT PACKING pc=0x0000028d641cbc90 sp=0x000000c2186fc980
Event: 49.812 Thread 0x0000028d7a520560 DEOPT UNPACKING pc=0x0000028d63a569a3 sp=0x000000c2186fc918 mode 2
Event: 49.812 Thread 0x0000028d7a520560 Uncommon trap: trap_request=0xffffff66 fr.pc=0x0000028d64613084 relative=0x0000000000000064
Event: 49.812 Thread 0x0000028d7a520560 Uncommon trap: reason=speculate_class_check action=maybe_recompile pc=0x0000028d64613084 method=com.android.tools.r8.internal.O00.C()Z @ 1 c2
Event: 49.812 Thread 0x0000028d7a520560 DEOPT PACKING pc=0x0000028d64613084 sp=0x000000c2186fc930
Event: 49.812 Thread 0x0000028d7a520560 DEOPT UNPACKING pc=0x0000028d63a569a3 sp=0x000000c2186fc870 mode 2
Event: 49.813 Thread 0x0000028d7a520560 Uncommon trap: trap_request=0xffffff66 fr.pc=0x0000028d64613084 relative=0x0000000000000064
Event: 49.813 Thread 0x0000028d7a520560 Uncommon trap: reason=speculate_class_check action=maybe_recompile pc=0x0000028d64613084 method=com.android.tools.r8.internal.O00.C()Z @ 1 c2
Event: 49.813 Thread 0x0000028d7a520560 DEOPT PACKING pc=0x0000028d64613084 sp=0x000000c2186fc930
Event: 49.813 Thread 0x0000028d7a520560 DEOPT UNPACKING pc=0x0000028d63a569a3 sp=0x000000c2186fc870 mode 2

Classes loaded (20 events):
Event: 49.328 Loading class java/util/SortedSet$1
Event: 49.329 Loading class java/util/SortedSet$1 done
Event: 49.333 Loading class java/util/stream/SliceOps
Event: 49.334 Loading class java/util/stream/SliceOps done
Event: 49.334 Loading class java/util/stream/SliceOps$1
Event: 49.335 Loading class java/util/stream/SliceOps$1 done
Event: 49.340 Loading class java/util/stream/SliceOps$1$1
Event: 49.340 Loading class java/util/stream/SliceOps$1$1 done
Event: 49.342 Loading class java/util/stream/SortedOps$RefSortingSink
Event: 49.343 Loading class java/util/stream/SortedOps$RefSortingSink done
Event: 49.443 Loading class java/util/AbstractList$SubList
Event: 49.443 Loading class java/util/AbstractList$SubList done
Event: 49.443 Loading class java/util/AbstractList$SubList$1
Event: 49.443 Loading class java/util/AbstractList$SubList$1 done
Event: 49.499 Loading class java/util/IdentityHashMap$EntrySet
Event: 49.500 Loading class java/util/IdentityHashMap$EntrySet done
Event: 49.749 Loading class java/nio/ShortBuffer
Event: 49.750 Loading class java/nio/ShortBuffer done
Event: 49.819 Loading class java/nio/ByteBufferAsShortBufferL
Event: 49.819 Loading class java/nio/ByteBufferAsShortBufferL done

Classes unloaded (6 events):
Event: 26.683 Thread 0x0000028d72e16900 Unloading class 0x0000028d01c11000 'java/lang/invoke/LambdaForm$DMH+0x0000028d01c11000'
Event: 26.683 Thread 0x0000028d72e16900 Unloading class 0x0000028d01c11800 'java/lang/invoke/LambdaForm$DMH+0x0000028d01c11800'
Event: 26.683 Thread 0x0000028d72e16900 Unloading class 0x0000028d01c11400 'java/lang/invoke/LambdaForm$DMH+0x0000028d01c11400'
Event: 26.683 Thread 0x0000028d72e16900 Unloading class 0x0000028d01c10800 'java/lang/invoke/LambdaForm$DMH+0x0000028d01c10800'
Event: 26.683 Thread 0x0000028d72e16900 Unloading class 0x0000028d01c10c00 'java/lang/invoke/LambdaForm$DMH+0x0000028d01c10c00'
Event: 26.683 Thread 0x0000028d72e16900 Unloading class 0x0000028d01c10000 'java/lang/invoke/LambdaForm$DMH+0x0000028d01c10000'

Classes redefined (0 events):
No events

Internal exceptions (20 events):
Event: 49.447 Thread 0x0000028d78251fb0 Implicit null exception at 0x0000028d6460aff3 to 0x0000028d6460b208
Event: 49.490 Thread 0x0000028d78250150 Exception <a 'java/lang/NoSuchMethodError'{0x000000008ac9e0e8}: 'java.lang.Object java.lang.invoke.DirectMethodHandle$Holder.newInvokeSpecial(java.lang.Object, java.lang.Object, int, java.lang.Object, java.lang.Object, java.lang.Object)'> (0x000000008ac9e0e8) 
thrown [s\src\hotspot\share\interpreter\linkResolver.cpp, line 759]
Event: 49.490 Thread 0x0000028d7824f220 Exception <a 'java/lang/NoSuchMethodError'{0x000000008ac185d0}: 'java.lang.Object java.lang.invoke.DirectMethodHandle$Holder.newInvokeSpecial(java.lang.Object, java.lang.Object, int, java.lang.Object, java.lang.Object, java.lang.Object)'> (0x000000008ac185d0) 
thrown [s\src\hotspot\share\interpreter\linkResolver.cpp, line 759]
Event: 49.490 Thread 0x0000028d78251590 Exception <a 'java/lang/NoSuchMethodError'{0x000000008ac742d0}: 'java.lang.Object java.lang.invoke.DirectMethodHandle$Holder.newInvokeSpecial(java.lang.Object, java.lang.Object, int, java.lang.Object, java.lang.Object, java.lang.Object)'> (0x000000008ac742d0) 
thrown [s\src\hotspot\share\interpreter\linkResolver.cpp, line 759]
Event: 49.490 Thread 0x0000028d78251590 Exception <a 'java/lang/NoSuchMethodError'{0x000000008ab167d8}: 'java.lang.Object java.lang.invoke.Invokers$Holder.linkToTargetMethod(java.lang.Object, int, java.lang.Object, java.lang.Object, java.lang.Object, java.lang.Object)'> (0x000000008ab167d8) 
thrown [s\src\hotspot\share\interpreter\linkResolver.cpp, line 759]
Event: 49.490 Thread 0x0000028d78250150 Exception <a 'java/lang/NoSuchMethodError'{0x000000008aca5b10}: 'java.lang.Object java.lang.invoke.Invokers$Holder.linkToTargetMethod(java.lang.Object, int, java.lang.Object, java.lang.Object, java.lang.Object, java.lang.Object)'> (0x000000008aca5b10) 
thrown [s\src\hotspot\share\interpreter\linkResolver.cpp, line 759]
Event: 49.490 Thread 0x0000028d7824f220 Exception <a 'java/lang/NoSuchMethodError'{0x000000008ac1f880}: 'java.lang.Object java.lang.invoke.Invokers$Holder.linkToTargetMethod(java.lang.Object, int, java.lang.Object, java.lang.Object, java.lang.Object, java.lang.Object)'> (0x000000008ac1f880) 
thrown [s\src\hotspot\share\interpreter\linkResolver.cpp, line 759]
Event: 49.491 Thread 0x0000028d78251590 Exception <a 'java/lang/NoSuchMethodError'{0x000000008ab1a780}: 'void java.lang.invoke.DirectMethodHandle$Holder.invokeSpecial(java.lang.Object, java.lang.Object, java.lang.Object, int, java.lang.Object, java.lang.Object, java.lang.Object, java.lang.Object)'> (0x000000008ab1a780) 
thrown [s\src\hotspot\share\interpreter\linkResolver.cpp, line 759]
Event: 49.491 Thread 0x0000028d78250150 Exception <a 'java/lang/NoSuchMethodError'{0x000000008ab24e90}: 'void java.lang.invoke.DirectMethodHandle$Holder.invokeSpecial(java.lang.Object, java.lang.Object, java.lang.Object, int, java.lang.Object, java.lang.Object, java.lang.Object, java.lang.Object)'> (0x000000008ab24e90) 
thrown [s\src\hotspot\share\interpreter\linkResolver.cpp, line 759]
Event: 49.491 Thread 0x0000028d7824f220 Exception <a 'java/lang/NoSuchMethodError'{0x000000008ab32088}: 'void java.lang.invoke.DirectMethodHandle$Holder.invokeSpecial(java.lang.Object, java.lang.Object, java.lang.Object, int, java.lang.Object, java.lang.Object, java.lang.Object, java.lang.Object)'> (0x000000008ab32088) 
thrown [s\src\hotspot\share\interpreter\linkResolver.cpp, line 759]
Event: 49.499 Thread 0x0000028d78250150 Exception <a 'java/lang/NoSuchMethodError'{0x000000008aa06238}: 'void java.lang.invoke.DirectMethodHandle$Holder.invokeStatic(java.lang.Object, java.lang.Object, java.lang.Object, java.lang.Object, java.lang.Object, java.lang.Object, java.lang.Object, java.lang.Object)'> (0x000000008aa06238) 
thrown [s\src\hotspot\share\interpreter\linkResolver.cpp, line 759]
Event: 49.499 Thread 0x0000028d7824f220 Exception <a 'java/lang/NoSuchMethodError'{0x000000008abf99d8}: 'void java.lang.invoke.DirectMethodHandle$Holder.invokeStatic(java.lang.Object, java.lang.Object, java.lang.Object, java.lang.Object, java.lang.Object, java.lang.Object, java.lang.Object, java.lang.Object)'> (0x000000008abf99d8) 
thrown [s\src\hotspot\share\interpreter\linkResolver.cpp, line 759]
Event: 49.499 Thread 0x0000028d78251590 Exception <a 'java/lang/NoSuchMethodError'{0x000000008aa0fc38}: 'void java.lang.invoke.DirectMethodHandle$Holder.invokeStatic(java.lang.Object, java.lang.Object, java.lang.Object, java.lang.Object, java.lang.Object, java.lang.Object, java.lang.Object, java.lang.Object)'> (0x000000008aa0fc38) 
thrown [s\src\hotspot\share\interpreter\linkResolver.cpp, line 759]
Event: 49.523 Thread 0x0000028d78251fb0 Exception <a 'java/lang/NoSuchMethodError'{0x000000008a79fbe8}: 'java.lang.Object java.lang.invoke.DirectMethodHandle$Holder.invokeInterface(java.lang.Object, java.lang.Object, int)'> (0x000000008a79fbe8) 
thrown [s\src\hotspot\share\interpreter\linkResolver.cpp, line 759]
Event: 49.610 Thread 0x0000028d782533f0 Implicit null exception at 0x0000028d645e454f to 0x0000028d645e4658
Event: 49.690 Thread 0x0000028d7824f220 Exception <a 'java/lang/IncompatibleClassChangeError'{0x000000008b24c9a0}: Found class java.lang.Object, but interface was expected> (0x000000008b24c9a0) 
thrown [s\src\hotspot\share\interpreter\linkResolver.cpp, line 826]
Event: 49.823 Thread 0x0000028d782533f0 Exception <a 'java/lang/NoSuchMethodError'{0x000000008a1e4680}: 'void java.lang.invoke.DirectMethodHandle$Holder.invokeSpecial(java.lang.Object, java.lang.Object, int)'> (0x000000008a1e4680) 
thrown [s\src\hotspot\share\interpreter\linkResolver.cpp, line 759]
Event: 49.824 Thread 0x0000028d7824f220 Exception <a 'java/lang/NoSuchMethodError'{0x000000008a17ef28}: 'void java.lang.invoke.DirectMethodHandle$Holder.invokeSpecial(java.lang.Object, java.lang.Object, int)'> (0x000000008a17ef28) 
thrown [s\src\hotspot\share\interpreter\linkResolver.cpp, line 759]
Event: 49.825 Thread 0x0000028d78250150 Exception <a 'java/lang/NoSuchMethodError'{0x000000008a0df740}: 'void java.lang.invoke.DirectMethodHandle$Holder.invokeSpecial(java.lang.Object, java.lang.Object, int)'> (0x000000008a0df740) 
thrown [s\src\hotspot\share\interpreter\linkResolver.cpp, line 759]
Event: 49.826 Thread 0x0000028d78251fb0 Exception <a 'java/lang/NoSuchMethodError'{0x000000008a0ceb90}: 'void java.lang.invoke.DirectMethodHandle$Holder.invokeSpecial(java.lang.Object, java.lang.Object, int)'> (0x000000008a0ceb90) 
thrown [s\src\hotspot\share\interpreter\linkResolver.cpp, line 759]

VM Operations (20 events):
Event: 49.535 Executing VM operation: HandshakeAllThreads done
Event: 49.562 Executing VM operation: ICBufferFull
Event: 49.562 Executing VM operation: ICBufferFull done
Event: 49.574 Executing VM operation: G1CollectForAllocation
Event: 49.580 Executing VM operation: G1CollectForAllocation done
Event: 49.580 Executing VM operation: HandshakeAllThreads
Event: 49.580 Executing VM operation: HandshakeAllThreads done
Event: 49.697 Executing VM operation: HandshakeAllThreads
Event: 49.697 Executing VM operation: HandshakeAllThreads done
Event: 49.698 Executing VM operation: HandshakeAllThreads
Event: 49.700 Executing VM operation: HandshakeAllThreads done
Event: 49.738 Executing VM operation: ICBufferFull
Event: 49.739 Executing VM operation: ICBufferFull done
Event: 49.739 Executing VM operation: ICBufferFull
Event: 49.740 Executing VM operation: ICBufferFull done
Event: 49.752 Executing VM operation: HandshakeAllThreads
Event: 49.753 Executing VM operation: HandshakeAllThreads done
Event: 49.758 Executing VM operation: HandshakeAllThreads
Event: 49.758 Executing VM operation: HandshakeAllThreads done
Event: 49.836 Executing VM operation: G1CollectForAllocation

Memory protections (0 events):
No events

Nmethod flushes (20 events):
Event: 49.741 Thread 0x0000028d72e44930 flushing  nmethod 0x0000028d5dc0a790
Event: 49.741 Thread 0x0000028d72e44930 flushing  nmethod 0x0000028d5dc0ac10
Event: 49.741 Thread 0x0000028d72e44930 flushing  nmethod 0x0000028d5dc0af90
Event: 49.741 Thread 0x0000028d72e44930 flushing  nmethod 0x0000028d5dc0c390
Event: 49.741 Thread 0x0000028d72e44930 flushing  nmethod 0x0000028d5dc0cb10
Event: 49.741 Thread 0x0000028d72e44930 flushing  nmethod 0x0000028d5dc0d210
Event: 49.741 Thread 0x0000028d72e44930 flushing  nmethod 0x0000028d5dc0da90
Event: 49.741 Thread 0x0000028d72e44930 flushing  nmethod 0x0000028d5dc0df10
Event: 49.741 Thread 0x0000028d72e44930 flushing  nmethod 0x0000028d5dc0e390
Event: 49.741 Thread 0x0000028d72e44930 flushing  nmethod 0x0000028d5dc0e910
Event: 49.741 Thread 0x0000028d72e44930 flushing  nmethod 0x0000028d5dc11910
Event: 49.741 Thread 0x0000028d72e44930 flushing  nmethod 0x0000028d5dc12710
Event: 49.741 Thread 0x0000028d72e44930 flushing  nmethod 0x0000028d5dc12e10
Event: 49.741 Thread 0x0000028d72e44930 flushing  nmethod 0x0000028d5dc13190
Event: 49.741 Thread 0x0000028d72e44930 flushing  nmethod 0x0000028d5dc14d10
Event: 49.741 Thread 0x0000028d72e44930 flushing  nmethod 0x0000028d5dc20290
Event: 49.741 Thread 0x0000028d72e44930 flushing  nmethod 0x0000028d5dc21010
Event: 49.741 Thread 0x0000028d72e44930 flushing  nmethod 0x0000028d5dc21f10
Event: 49.741 Thread 0x0000028d72e44930 flushing  nmethod 0x0000028d5dc29010
Event: 49.741 Thread 0x0000028d72e44930 flushing  nmethod 0x0000028d5dc2f110

Events (20 events):
Event: 29.096 Thread 0x0000028d7a520560 Thread added: 0x0000028d7824e2f0
Event: 29.105 Thread 0x0000028d7a520560 Thread added: 0x0000028d7824ed10
Event: 29.111 Thread 0x0000028d7a520560 Thread added: 0x0000028d78250b70
Event: 29.191 Thread 0x0000028d7a520560 Thread added: 0x0000028d7824e800
Event: 29.191 Thread 0x0000028d7a520560 Thread added: 0x0000028d7824d3c0
Event: 29.246 Thread 0x0000028d7824e800 Thread added: 0x0000028d7824f730
Event: 46.929 Thread 0x0000028d72e41870 Thread added: 0x0000028d78d16e00
Event: 47.032 Thread 0x0000028d72e3ef50 Thread added: 0x0000028d78d17350
Event: 47.413 Thread 0x0000028d78d17350 Thread exited: 0x0000028d78d17350
Event: 47.553 Thread 0x0000028d7818c6b0 Thread added: 0x0000028d7824f220
Event: 47.554 Thread 0x0000028d7818c6b0 Thread added: 0x0000028d782533f0
Event: 47.559 Thread 0x0000028d7818c6b0 Thread added: 0x0000028d78251fb0
Event: 47.562 Thread 0x0000028d7818c6b0 Thread added: 0x0000028d78250150
Event: 47.582 Thread 0x0000028d7818c6b0 Thread added: 0x0000028d78251590
Event: 47.584 Thread 0x0000028d7818c6b0 Thread added: 0x0000028d7824fc40
Event: 47.585 Thread 0x0000028d7818c6b0 Thread added: 0x0000028d78253900
Event: 47.931 Thread 0x0000028d7824ed10 Thread exited: 0x0000028d7824ed10
Event: 48.238 Thread 0x0000028d72e41870 Thread added: 0x0000028d78d17350
Event: 49.130 Thread 0x0000028d78d17350 Thread exited: 0x0000028d78d17350
Event: 49.183 Thread 0x0000028d72e41870 Thread added: 0x0000028d7d526830


Dynamic libraries:
0x00007ff731cc0000 - 0x00007ff731cce000 	C:\Users\rajku\.jdks\ms-17.0.18\bin\java.exe
0x00007ffbec4a0000 - 0x00007ffbec706000 	C:\windows\SYSTEM32\ntdll.dll
0x00007ffb9d780000 - 0x00007ffb9d7a1000 	C:\Program Files\Avast Software\Avast\aswhook.dll
0x00007ffbeb380000 - 0x00007ffbeb449000 	C:\windows\System32\KERNEL32.DLL
0x00007ffbe9b80000 - 0x00007ffbe9f7f000 	C:\windows\System32\KERNELBASE.dll
0x00007ffbe98f0000 - 0x00007ffbe9a3c000 	C:\windows\System32\ucrtbase.dll
0x00007ffbc2280000 - 0x00007ffbc229e000 	C:\Users\rajku\.jdks\ms-17.0.18\bin\VCRUNTIME140.dll
0x00007ffbc22a0000 - 0x00007ffbc22b8000 	C:\Users\rajku\.jdks\ms-17.0.18\bin\jli.dll
0x00007ffbeabe0000 - 0x00007ffbeada6000 	C:\windows\System32\USER32.dll
0x00007ffbc4dd0000 - 0x00007ffbc5061000 	C:\windows\WinSxS\amd64_microsoft.windows.common-controls_6595b64144ccf1df_6.0.26100.8972_none_3e0da176e32f9d4b\COMCTL32.dll
0x00007ffbea110000 - 0x00007ffbea137000 	C:\windows\System32\win32u.dll
0x00007ffbeba50000 - 0x00007ffbebaf9000 	C:\windows\System32\msvcrt.dll
0x00007ffbeaac0000 - 0x00007ffbeaaeb000 	C:\windows\System32\GDI32.dll
0x00007ffbe9a50000 - 0x00007ffbe9b79000 	C:\windows\System32\gdi32full.dll
0x00007ffbe96b0000 - 0x00007ffbe9753000 	C:\windows\System32\msvcp_win.dll
0x00007ffbeba10000 - 0x00007ffbeba42000 	C:\windows\System32\IMM32.DLL
0x00007ffbd66e0000 - 0x00007ffbd66ec000 	C:\Users\rajku\.jdks\ms-17.0.18\bin\vcruntime140_1.dll
0x00007ffbc21f0000 - 0x00007ffbc2279000 	C:\Users\rajku\.jdks\ms-17.0.18\bin\msvcp140.dll
0x00007ffb486f0000 - 0x00007ffb4936a000 	C:\Users\rajku\.jdks\ms-17.0.18\bin\server\jvm.dll
0x00007ffbeadd0000 - 0x00007ffbeae8c000 	C:\windows\System32\ADVAPI32.dll
0x00007ffbea1d0000 - 0x00007ffbea27a000 	C:\windows\System32\sechost.dll
0x00007ffbebe10000 - 0x00007ffbebf28000 	C:\windows\System32\RPCRT4.dll
0x00007ffbeafa0000 - 0x00007ffbeb022000 	C:\windows\System32\WS2_32.dll
0x00007ffbe9510000 - 0x00007ffbe956e000 	C:\windows\SYSTEM32\POWRPROF.dll
0x00007ffbe1330000 - 0x00007ffbe1366000 	C:\windows\SYSTEM32\WINMM.dll
0x00007ffbe1170000 - 0x00007ffbe117b000 	C:\windows\SYSTEM32\VERSION.dll
0x00007ffbe94f0000 - 0x00007ffbe9505000 	C:\windows\SYSTEM32\UMPDC.dll
0x00007ffbe83a0000 - 0x00007ffbe83bb000 	C:\windows\SYSTEM32\kernel.appcore.dll
0x00007ffbc2f70000 - 0x00007ffbc2f7a000 	C:\Users\rajku\.jdks\ms-17.0.18\bin\jimage.dll
0x00007ffbe6c50000 - 0x00007ffbe6e92000 	C:\windows\SYSTEM32\DBGHELP.DLL
0x00007ffbeb5f0000 - 0x00007ffbeb975000 	C:\windows\System32\combase.dll
0x00007ffbeb2a0000 - 0x00007ffbeb379000 	C:\windows\System32\OLEAUT32.dll
0x00007ffbcfc70000 - 0x00007ffbcfcab000 	C:\windows\SYSTEM32\dbgcore.DLL
0x00007ffbea050000 - 0x00007ffbea0fc000 	C:\windows\System32\bcryptPrimitives.dll
0x00007ffbc2070000 - 0x00007ffbc207f000 	C:\Users\rajku\.jdks\ms-17.0.18\bin\instrument.dll
0x00007ffbc21c0000 - 0x00007ffbc21e6000 	C:\Users\rajku\.jdks\ms-17.0.18\bin\java.dll
0x00007ffbc1bf0000 - 0x00007ffbc1cc6000 	C:\Users\rajku\.jdks\ms-17.0.18\bin\jsvml.dll
0x00007ffbea300000 - 0x00007ffbeaa88000 	C:\windows\System32\SHELL32.dll
0x00007ffbe7130000 - 0x00007ffbe79cb000 	C:\windows\SYSTEM32\windows.storage.dll
0x00007ffbeb030000 - 0x00007ffbeb129000 	C:\windows\System32\SHCORE.dll
0x00007ffbebbc0000 - 0x00007ffbebc26000 	C:\windows\System32\shlwapi.dll
0x00007ffbe95d0000 - 0x00007ffbe95f9000 	C:\windows\SYSTEM32\profapi.dll
0x00007ffbc2160000 - 0x00007ffbc2178000 	C:\Users\rajku\.jdks\ms-17.0.18\bin\zip.dll
0x00007ffbc21a0000 - 0x00007ffbc21bb000 	C:\Users\rajku\.jdks\ms-17.0.18\bin\net.dll
0x00007ffbd7760000 - 0x00007ffbd7888000 	C:\windows\SYSTEM32\WINHTTP.dll
0x00007ffbe8950000 - 0x00007ffbe89bc000 	C:\windows\system32\mswsock.dll
0x00007ffbc2180000 - 0x00007ffbc2196000 	C:\Users\rajku\.jdks\ms-17.0.18\bin\nio.dll
0x00007ffbc2d60000 - 0x00007ffbc2d70000 	C:\Users\rajku\.jdks\ms-17.0.18\bin\verify.dll
0x00007ffbc2130000 - 0x00007ffbc2157000 	C:\Users\rajku\.gradle\native\c067742578af261105cb4f569cf0c3c89f3d7b1fecec35dd04571415982c5e48\windows-amd64\native-platform.dll
0x00007ffb8abb0000 - 0x00007ffb8acf4000 	C:\Users\rajku\.gradle\native\38dada09dfb8b06ba9b0570ebf7e218e3eb74d4ef43ca46872605cf95ebc2f47\windows-amd64\native-platform-file-events.dll
0x00007ffbc2bb0000 - 0x00007ffbc2bba000 	C:\Users\rajku\.jdks\ms-17.0.18\bin\management.dll
0x00007ffbc2090000 - 0x00007ffbc209c000 	C:\Users\rajku\.jdks\ms-17.0.18\bin\management_ext.dll
0x00007ffbec430000 - 0x00007ffbec438000 	C:\windows\System32\PSAPI.DLL
0x00007ffbe8c60000 - 0x00007ffbe8c7b000 	C:\windows\SYSTEM32\CRYPTSP.dll
0x00007ffbe8300000 - 0x00007ffbe8339000 	C:\windows\system32\rsaenh.dll
0x00007ffbe8a00000 - 0x00007ffbe8a32000 	C:\windows\SYSTEM32\USERENV.dll
0x00007ffbe95a0000 - 0x00007ffbe95ca000 	C:\windows\SYSTEM32\bcrypt.dll
0x00007ffbe8c40000 - 0x00007ffbe8c4c000 	C:\windows\SYSTEM32\CRYPTBASE.dll
0x00007ffbe7d80000 - 0x00007ffbe7db3000 	C:\windows\SYSTEM32\IPHLPAPI.DLL
0x00007ffbebf30000 - 0x00007ffbebf3a000 	C:\windows\System32\NSI.dll
0x00007ffbd8280000 - 0x00007ffbd829d000 	C:\windows\SYSTEM32\dhcpcsvc6.DLL
0x00007ffbd81d0000 - 0x00007ffbd81f5000 	C:\windows\SYSTEM32\dhcpcsvc.DLL
0x00007ffbe7e20000 - 0x00007ffbe7f78000 	C:\windows\SYSTEM32\DNSAPI.dll
0x00007ffbe8730000 - 0x00007ffbe873d000 	C:\windows\SYSTEM32\DSPARSE.dll
0x00007ffbc2080000 - 0x00007ffbc2089000 	C:\Users\rajku\.jdks\ms-17.0.18\bin\extnet.dll
0x00007ffbc1be0000 - 0x00007ffbc1bee000 	C:\Users\rajku\.jdks\ms-17.0.18\bin\sunmscapi.dll
0x00007ffbe9760000 - 0x00007ffbe98de000 	C:\windows\System32\CRYPT32.dll
0x00007ffbe8e80000 - 0x00007ffbe8eb0000 	C:\windows\SYSTEM32\ncrypt.dll
0x00007ffbe8e30000 - 0x00007ffbe8e6f000 	C:\windows\SYSTEM32\NTASN1.dll
0x00007ffb9f2a0000 - 0x00007ffb9f2a8000 	C:\windows\system32\wshunix.dll
0x00007ffbc1650000 - 0x00007ffbc1668000 	C:\windows\system32\napinsp.dll
0x00007ffbb7f70000 - 0x00007ffbb7f83000 	C:\windows\System32\winrnr.dll
0x00007ffbb7f40000 - 0x00007ffbb7f62000 	C:\windows\system32\nlansp_c.dll
0x00007ffbd69e0000 - 0x00007ffbd69f6000 	C:\windows\system32\wshbth.dll
0x00007ffbd69d0000 - 0x00007ffbd69db000 	C:\Windows\System32\rasadhlp.dll
0x00007ffbdf9c0000 - 0x00007ffbdfa46000 	C:\windows\System32\fwpuclnt.dll
0x00007ffbc35c0000 - 0x00007ffbc35de000 	C:\Users\rajku\AppData\Local\Temp\native-platform7632089492571989880dir\native-platform.dll
0x00007ffbc2740000 - 0x00007ffbc2747000 	C:\Users\rajku\.jdks\ms-17.0.18\bin\rmi.dll

dbghelp: loaded successfully - version: 4.0.5 - missing functions: none
symbol engine: initialized successfully - sym options: 0x614 - pdb path: .;C:\Users\rajku\.jdks\ms-17.0.18\bin;C:\windows\SYSTEM32;C:\Program Files\Avast Software\Avast;C:\windows\WinSxS\amd64_microsoft.windows.common-controls_6595b64144ccf1df_6.0.26100.8972_none_3e0da176e32f9d4b;C:\Users\rajku\.jdks\ms-17.0.18\bin\server;C:\Users\rajku\.gradle\native\c067742578af261105cb4f569cf0c3c89f3d7b1fecec35dd04571415982c5e48\windows-amd64;C:\Users\rajku\.gradle\native\38dada09dfb8b06ba9b0570ebf7e218e3eb74d4ef43ca46872605cf95ebc2f47\windows-amd64;C:\Users\rajku\AppData\Local\Temp\native-platform7632089492571989880dir

VM Arguments:
jvm_args: -XX:MaxMetaspaceSize=512m --add-opens=java.base/java.util=ALL-UNNAMED --add-opens=java.base/java.lang=ALL-UNNAMED --add-opens=java.base/java.lang.invoke=ALL-UNNAMED --add-opens=java.prefs/java.util.prefs=ALL-UNNAMED --add-opens=java.base/java.nio.charset=ALL-UNNAMED --add-opens=java.base/java.net=ALL-UNNAMED --add-opens=java.base/java.util.concurrent.atomic=ALL-UNNAMED -Xmx2048m -Dfile.encoding=UTF-8 -Duser.country=IN -Duser.language=en -Duser.variant -javaagent:C:\Users\rajku\.gradle\wrapper\dists\gradle-8.5-bin\5t9huq95ubn472n8rpzujfbqh\gradle-8.5\lib\agents\gradle-instrumentation-agent-8.5.jar 
java_command: org.gradle.launcher.daemon.bootstrap.GradleDaemon 8.5
java_class_path (initial): C:\Users\rajku\.gradle\wrapper\dists\gradle-8.5-bin\5t9huq95ubn472n8rpzujfbqh\gradle-8.5\lib\gradle-launcher-8.5.jar
Launcher Type: SUN_STANDARD

[Global flags]
     intx CICompilerCount                          = 4                                         {product} {ergonomic}
   size_t CompressedClassSpaceSize                 = 436207616                                 {product} {ergonomic}
     uint ConcGCThreads                            = 2                                         {product} {ergonomic}
     uint G1ConcRefinementThreads                  = 8                                         {product} {ergonomic}
   size_t G1HeapRegionSize                         = 1048576                                   {product} {ergonomic}
    uintx GCDrainStackTargetSize                   = 64                                        {product} {ergonomic}
   size_t InitialHeapSize                          = 130023424                                 {product} {ergonomic}
   size_t MarkStackSize                            = 4194304                                   {product} {ergonomic}
   size_t MaxHeapSize                              = 2147483648                                {product} {command line}
   size_t MaxMetaspaceSize                         = 536870912                                 {product} {command line}
   size_t MaxNewSize                               = 1287651328                                {product} {ergonomic}
   size_t MinHeapDeltaBytes                        = 1048576                                   {product} {ergonomic}
   size_t MinHeapSize                              = 8388608                                   {product} {ergonomic}
    uintx NonNMethodCodeHeapSize                   = 5839372                                {pd product} {ergonomic}
    uintx NonProfiledCodeHeapSize                  = 122909434                              {pd product} {ergonomic}
    uintx ProfiledCodeHeapSize                     = 122909434                              {pd product} {ergonomic}
    uintx ReservedCodeCacheSize                    = 251658240                              {pd product} {ergonomic}
     bool SegmentedCodeCache                       = true                                      {product} {ergonomic}
   size_t SoftMaxHeapSize                          = 2147483648                             {manageable} {ergonomic}
     bool UseCompressedClassPointers               = true                           {product lp64_product} {ergonomic}
     bool UseCompressedOops                        = true                           {product lp64_product} {ergonomic}
     bool UseG1GC                                  = true                                      {product} {ergonomic}
     bool UseLargePagesIndividualAllocation        = false                                  {pd product} {ergonomic}

Logging:
Log output configuration:
 #0: stdout all=warning uptime,level,tags
 #1: stderr all=off uptime,level,tags

Environment Variables:
JAVA_HOME=C:\Users\rajku\.jdks\ms-17.0.18
CLASSPATH=D:\itantra\mobile_app_apk\android\\gradle\wrapper\gradle-wrapper.jar
PATH=C:/Users/rajku/.gemini/antigravity/bin;C:\Users\rajku\AppData\Roaming\Antigravity\bin;C:\Python314\Scripts\;C:\Python314\;C:\windows\system32;C:\windows;C:\windows\System32\Wbem;C:\windows\System32\WindowsPowerShell\v1.0\;C:\windows\System32\OpenSSH\;C:\Program Files\Git\cmd;C:\Program Files (x86)\pcsuite\;C:\ProgramData\chocolatey\bin;C:\Users\rajku\;C:\Users\rajku\AppData\Local\Programs\Python\Python311\Scripts\;C:\Users\rajku\AppData\Local\Programs\Python\Python311\;C:\Users\rajku\AppData\Local\Microsoft\WindowsApps;C:\Users\rajku\AppData\Local\Programs\Microsoft VS Code\bin;C:\Program Files\MongoDB\Server\8.2\bin;%JAVA_HOME%\bin;C:\Users\rajku\AppData\Local\Programs\Antigravity\bin;C:\Users\rajku\AppData\Local\Google\Cloud SDK\google-cloud-sdk\bin;C:\Users\rajku\AppData\Roaming\npm;C:\Users\rajku\AppData\Local\Programs\Ollama
USERNAME=rajku
OS=Windows_NT
PROCESSOR_IDENTIFIER=Intel64 Family 6 Model 186 Stepping 3, GenuineIntel
TMP=C:\Users\rajku\AppData\Local\Temp
TEMP=C:\Users\rajku\AppData\Local\Temp



Periodic native trim disabled


---------------  S Y S T E M  ---------------

OS:
 Windows 11 , 64 bit Build 26100 (10.0.26100.9168)
OS uptime: 0 days 4:15 hours
Hyper-V role detected

CPU: total 8 (initial active 8) (4 cores per cpu, 2 threads per core) family 6 model 186 stepping 3 microcode 0x6134, cx8, cmov, fxsr, ht, mmx, 3dnowpref, sse, sse2, sse3, ssse3, sse4.1, sse4.2, popcnt, lzcnt, tsc, tscinvbit, avx, avx2, aes, erms, clmul, bmi1, bmi2, adx, sha, fma, vzeroupper, clflush, clflushopt, clwb, hv
Processor Information for the first 8 processors :
  Max Mhz: 1200, Current Mhz: 1200, Mhz Limit: 1200

Memory: 4k page, system-wide physical 7835M (633M free)
TotalPageFile size 31387M (AvailPageFile size 148M)
current process WorkingSet (physical memory assigned to process): 354M, peak: 438M
current process commit charge ("private bytes"): 528M, peak: 740M

vm_info: OpenJDK 64-Bit Server VM (17.0.18+8-LTS) for windows-amd64 JRE (17.0.18+8-LTS), built on Jan 15 2026 18:50:45 by "MicrosoftCorporation" with MS VC++ 17.14 (VS2022)

END.
