#
# There is insufficient memory for the Java Runtime Environment to continue.
# Native memory allocation (mmap) failed to map 53477376 bytes. Error detail: G1 virtual space
# Possible reasons:
#   The system is out of physical RAM or swap space
#   This process is running with CompressedOops enabled, and the Java Heap may be blocking the growth of the native heap
# Possible solutions:
#   Reduce memory load on the system
#   Increase physical memory or swap space
#   Check if swap backing store is full
#   Decrease Java heap size (-Xmx/-Xms)
#   Decrease number of Java threads
#   Decrease Java thread stack sizes (-Xss)
#   Set larger code cache with -XX:ReservedCodeCacheSize=
#   JVM is running with Unscaled Compressed Oops mode in which the Java heap is
#     placed in the first 4GB address space. The Java Heap base address is the
#     maximum limit for the native heap growth. Please use -XX:HeapBaseMinAddress
#     to set the Java Heap base and to place the Java Heap above 4GB virtual address.
# This output file may be truncated or incomplete.
#
#  Out of Memory Error (os_windows.cpp:3925), pid=35604, tid=18384
#
# JRE version: OpenJDK Runtime Environment (21.0.9) (build 21.0.9+-14787801-b1163.94)
# Java VM: OpenJDK 64-Bit Server VM (21.0.9+-14787801-b1163.94, mixed mode, tiered, compressed oops, compressed class ptrs, g1 gc, windows-amd64)
# No core dump will be written. Minidumps are not enabled by default on client versions of Windows
#

---------------  S U M M A R Y ------------

Command Line: --add-opens=java.base/java.util=ALL-UNNAMED --add-opens=java.base/java.lang=ALL-UNNAMED --add-opens=java.base/java.lang.invoke=ALL-UNNAMED --add-opens=java.prefs/java.util.prefs=ALL-UNNAMED --add-opens=java.base/java.nio.charset=ALL-UNNAMED --add-opens=java.base/java.net=ALL-UNNAMED --add-opens=java.base/java.util.concurrent.atomic=ALL-UNNAMED -Xmx256m -Dfile.encoding=UTF-8 -Duser.country=IN -Duser.language=en -Duser.variant -javaagent:C:\Users\rajku\.gradle\wrapper\dists\gradle-8.5-bin\5t9huq95ubn472n8rpzujfbqh\gradle-8.5\lib\agents\gradle-instrumentation-agent-8.5.jar org.gradle.launcher.daemon.bootstrap.GradleDaemon 8.5

Host: 13th Gen Intel(R) Core(TM) i3-1315U, 8 cores, 7G,  Windows 11 , 64 bit Build 26100 (10.0.26100.9168)
Time: Wed Aug 26 22:33:42 2026 India Standard Time elapsed time: 22.207805 seconds (0d 0h 0m 22s)

---------------  T H R E A D  ---------------

Current thread (0x0000017efb6101a0):  VMThread "VM Thread"          [id=18384, stack(0x00000060e7100000,0x00000060e7200000) (1024K)]

Stack: [0x00000060e7100000,0x00000060e7200000]
Native frames: (J=compiled Java code, j=interpreted, Vv=VM code, C=native code)
V  [jvm.dll+0x6d6c99]
V  [jvm.dll+0x866b83]
V  [jvm.dll+0x8691ae]
V  [jvm.dll+0x869893]
V  [jvm.dll+0x280776]
V  [jvm.dll+0x6d3555]
V  [jvm.dll+0x6c6bea]
V  [jvm.dll+0x3587fb]
V  [jvm.dll+0x360476]
V  [jvm.dll+0x3b2646]
V  [jvm.dll+0x3b2918]
V  [jvm.dll+0x32af0c]
V  [jvm.dll+0x32d916]
V  [jvm.dll+0x3377ed]
V  [jvm.dll+0x36ef55]
V  [jvm.dll+0x86f618]
V  [jvm.dll+0x870994]
V  [jvm.dll+0x870ed0]
V  [jvm.dll+0x871163]
V  [jvm.dll+0x80f118]
V  [jvm.dll+0x6d54ed]
C  [ucrtbase.dll+0x2cd30]
C  [KERNEL32.DLL+0x2ccb7]
C  [ntdll.dll+0xaad6c]

VM_Operation (0x00000060e6cff880): G1PauseRemark, mode: safepoint, requested by thread 0x0000017efd97ca80


---------------  P R O C E S S  ---------------

Threads class SMR info:
_java_thread_list=0x0000017e9ddd19d0, length=147, elements={
0x0000017efd956610, 0x0000017e940f00c0, 0x0000017e940f5ca0, 0x0000017e940f6700,
0x0000017e9410c720, 0x0000017e9410d180, 0x0000017e9410dbe0, 0x0000017e9410ede0,
0x0000017e94112320, 0x0000017e94113690, 0x0000017e9441a1d0, 0x0000017e994221f0,
0x0000017e9a6c3ca0, 0x0000017e9a891ff0, 0x0000017e9a74d620, 0x0000017e99ee1800,
0x0000017e9a746030, 0x0000017e9a7466a0, 0x0000017e99e073a0, 0x0000017e99e052d0,
0x0000017e99e05ff0, 0x0000017e99e080c0, 0x0000017e99e06680, 0x0000017e99e06d10,
0x0000017e99e04c40, 0x0000017e9c855750, 0x0000017e9c855de0, 0x0000017e9c857eb0,
0x0000017e9c856470, 0x0000017e9c856b00, 0x0000017e9c858540, 0x0000017e9c8550c0,
0x0000017e9c858bd0, 0x0000017e9c85a610, 0x0000017e9c85aca0, 0x0000017e9c85b9c0,
0x0000017ea05100c0, 0x0000017ea0510750, 0x0000017ea0510de0, 0x0000017ea050fa30,
0x0000017ea0513540, 0x0000017ea0512190, 0x0000017ea0512820, 0x0000017ea0513bd0,
0x0000017ea0514260, 0x0000017ea05148f0, 0x0000017ea0514f80, 0x0000017ea0511b00,
0x0000017ea0515610, 0x0000017ea0517050, 0x0000017ea0ff46f0, 0x0000017e9dbaf500,
0x0000017e9dbaee70, 0x0000017e9dbae150, 0x0000017e9dbafb90, 0x0000017ea0ff4060,
0x0000017ea0ff8f20, 0x0000017ea0ff95b0, 0x0000017ea0ff9c40, 0x0000017ea0ffaff0,
0x0000017ea0ffa960, 0x0000017ea0ffa2d0, 0x0000017ea0512eb0, 0x0000017e9e35eca0,
0x0000017e9e35d8f0, 0x0000017e9e35df80, 0x0000017e9e35e610, 0x0000017e9e35d260,
0x0000017e9e35b820, 0x0000017e9e35f330, 0x0000017e9e35beb0, 0x0000017e9e35f9c0,
0x0000017e9e35c540, 0x0000017e9e360050, 0x0000017e9e362120, 0x0000017e9e3606e0,
0x0000017e9e361a90, 0x0000017e9e3627b0, 0x0000017e9e362e40, 0x0000017e9e360d70,
0x0000017e9e361400, 0x0000017e9dba9290, 0x0000017e9dba9920, 0x0000017e9dbab9f0,
0x0000017e9dbac080, 0x0000017e9dba8c00, 0x0000017e9dbad430, 0x0000017e9dbaa640,
0x0000017e9dbac710, 0x0000017e9dba9fb0, 0x0000017e9dbacda0, 0x0000017e9dbadac0,
0x0000017e9933ddc0, 0x0000017e9933fe90, 0x0000017e9933f170, 0x0000017e9933f800,
0x0000017e99340520, 0x0000017e9933e450, 0x0000017e9933d0a0, 0x0000017e9933eae0,
0x0000017e99340bb0, 0x0000017e9933d730, 0x0000017e993425f0, 0x0000017e99342c80,
0x0000017e9e4f8430, 0x0000017e9e4f4fb0, 0x0000017e9e4fab90, 0x0000017e9e4f8ac0,
0x0000017e9e4f97e0, 0x0000017e9e4fb220, 0x0000017e9e4f9150, 0x0000017e9e4f9e70,
0x0000017e9e4fa500, 0x0000017e9e0ab590, 0x0000017e9e0ac2b0, 0x0000017e9e0ad660,
0x0000017e9e0ac940, 0x0000017e9e0acfd0, 0x0000017e9e0aaf00, 0x0000017e9e0aa1e0,
0x0000017e9e0aa870, 0x0000017e9e0ae380, 0x0000017e9e0abc20, 0x0000017e9e0b1170,
0x0000017e9e0aea10, 0x0000017e9e0b0ae0, 0x0000017e9e0b0450, 0x0000017e9e0b1800,
0x0000017e9e0af0a0, 0x0000017e9e0af730, 0x0000017e9e0afdc0, 0x0000017e9e4f5cd0,
0x0000017e9e4f7080, 0x0000017e9e4f3c00, 0x0000017e9e4f4290, 0x0000017e9e4f4920,
0x0000017e9e4f7710, 0x0000017e9e4f5640, 0x0000017e9e4f7da0, 0x0000017e993418d0,
0x0000017e99341240, 0x0000017e99344030, 0x0000017e99341f60, 0x0000017e99343310,
0x0000017e9dbae7e0, 0x0000017e9e4f69f0, 0x0000017ea09b35f0
}

Java Threads: ( => current thread )
  0x0000017efd956610 JavaThread "main"                              [_thread_blocked, id=33712, stack(0x00000060e6a00000,0x00000060e6b00000) (1024K)]
  0x0000017e940f00c0 JavaThread "Common-Cleaner"             daemon [_thread_blocked, id=8704, stack(0x00000060e7200000,0x00000060e7300000) (1024K)]
  0x0000017e940f5ca0 JavaThread "Reference Handler"          daemon [_thread_blocked, id=27820, stack(0x00000060e7300000,0x00000060e7400000) (1024K)]
  0x0000017e940f6700 JavaThread "Finalizer"                  daemon [_thread_blocked, id=26264, stack(0x00000060e7400000,0x00000060e7500000) (1024K)]
  0x0000017e9410c720 JavaThread "Signal Dispatcher"          daemon [_thread_blocked, id=7508, stack(0x00000060e7500000,0x00000060e7600000) (1024K)]
  0x0000017e9410d180 JavaThread "Attach Listener"            daemon [_thread_blocked, id=31756, stack(0x00000060e7600000,0x00000060e7700000) (1024K)]
  0x0000017e9410dbe0 JavaThread "Service Thread"             daemon [_thread_blocked, id=30772, stack(0x00000060e7700000,0x00000060e7800000) (1024K)]
  0x0000017e9410ede0 JavaThread "Monitor Deflation Thread"   daemon [_thread_blocked, id=29028, stack(0x00000060e7800000,0x00000060e7900000) (1024K)]
  0x0000017e94112320 JavaThread "C2 CompilerThread0"         daemon [_thread_blocked, id=17416, stack(0x00000060e7900000,0x00000060e7a00000) (1024K)]
  0x0000017e94113690 JavaThread "C1 CompilerThread0"         daemon [_thread_blocked, id=17960, stack(0x00000060e7a00000,0x00000060e7b00000) (1024K)]
  0x0000017e9441a1d0 JavaThread "Notification Thread"        daemon [_thread_blocked, id=24228, stack(0x00000060e7b00000,0x00000060e7c00000) (1024K)]
  0x0000017e994221f0 JavaThread "Daemon health stats"               [_thread_blocked, id=28820, stack(0x00000060e8200000,0x00000060e8300000) (1024K)]
  0x0000017e9a6c3ca0 JavaThread "Incoming local TCP Connector on port 52542"        [_thread_in_native, id=22484, stack(0x00000060e8300000,0x00000060e8400000) (1024K)]
  0x0000017e9a891ff0 JavaThread "Daemon periodic checks"            [_thread_blocked, id=25320, stack(0x00000060e8400000,0x00000060e8500000) (1024K)]
  0x0000017e9a74d620 JavaThread "Daemon"                            [_thread_blocked, id=23700, stack(0x00000060e8500000,0x00000060e8600000) (1024K)]
  0x0000017e99ee1800 JavaThread "Handler for socket connection from /127.0.0.1:52542 to /127.0.0.1:56818"        [_thread_in_native, id=34004, stack(0x00000060e8600000,0x00000060e8700000) (1024K)]
  0x0000017e9a746030 JavaThread "Cancel handler"                    [_thread_blocked, id=21516, stack(0x00000060e8700000,0x00000060e8800000) (1024K)]
  0x0000017e9a7466a0 JavaThread "Daemon worker"                     [_thread_blocked, id=28816, stack(0x00000060e8800000,0x00000060e8900000) (1024K)]
  0x0000017e99e073a0 JavaThread "Asynchronous log dispatcher for DefaultDaemonConnection: socket connection from /127.0.0.1:52542 to /127.0.0.1:56818"        [_thread_blocked, id=32168, stack(0x00000060e8900000,0x00000060e8a00000) (1024K)]
  0x0000017e99e052d0 JavaThread "Stdin handler"                     [_thread_blocked, id=6100, stack(0x00000060e8a00000,0x00000060e8b00000) (1024K)]
  0x0000017e99e05ff0 JavaThread "Daemon client event forwarder"        [_thread_blocked, id=36464, stack(0x00000060e8b00000,0x00000060e8c00000) (1024K)]
  0x0000017e99e080c0 JavaThread "Cache worker for journal cache (C:\Users\rajku\.gradle\caches\journal-1)"        [_thread_blocked, id=30460, stack(0x00000060e8f00000,0x00000060e9000000) (1024K)]
  0x0000017e99e06680 JavaThread "File lock request listener"        [_thread_in_native, id=36296, stack(0x00000060e9000000,0x00000060e9100000) (1024K)]
  0x0000017e99e06d10 JavaThread "Cache worker for file hash cache (C:\Users\rajku\.gradle\caches\8.5\fileHashes)"        [_thread_blocked, id=19712, stack(0x00000060e9100000,0x00000060e9200000) (1024K)]
  0x0000017e99e04c40 JavaThread "File watcher server"        daemon [_thread_blocked, id=23140, stack(0x00000060e7c00000,0x00000060e7d00000) (1024K)]
  0x0000017e9c855750 JavaThread "File watcher consumer"      daemon [_thread_blocked, id=1160, stack(0x00000060e9200000,0x00000060e9300000) (1024K)]
  0x0000017e9c855de0 JavaThread "Cache worker for checksums cache (D:\itantra\mobile_app_apk\android\.gradle\8.5\checksums)"        [_thread_blocked, id=19280, stack(0x00000060e9300000,0x00000060e9400000) (1024K)]
  0x0000017e9c857eb0 JavaThread "Cache worker for file hash cache (D:\itantra\mobile_app_apk\android\.gradle\8.5\fileHashes)"        [_thread_blocked, id=33324, stack(0x00000060e9400000,0x00000060e9500000) (1024K)]
  0x0000017e9c856470 JavaThread "Cache worker for cache directory md-supplier (C:\Users\rajku\.gradle\caches\8.5\md-supplier)"        [_thread_blocked, id=32888, stack(0x00000060e9500000,0x00000060e9600000) (1024K)]
  0x0000017e9c856b00 JavaThread "Cache worker for cache directory md-rule (C:\Users\rajku\.gradle\caches\8.5\md-rule)"        [_thread_blocked, id=35040, stack(0x00000060e9600000,0x00000060e9700000) (1024K)]
  0x0000017e9c858540 JavaThread "Cache worker for file content cache (C:\Users\rajku\.gradle\caches\8.5\fileContent)"        [_thread_blocked, id=32184, stack(0x00000060e9800000,0x00000060e9900000) (1024K)]
  0x0000017e9c8550c0 JavaThread "Cache worker for execution history cache (C:\Users\rajku\.gradle\caches\8.5\executionHistory)"        [_thread_blocked, id=1768, stack(0x00000060e9900000,0x00000060e9a00000) (1024K)]
  0x0000017e9c858bd0 JavaThread "jar transforms"                    [_thread_blocked, id=16516, stack(0x00000060e9a00000,0x00000060e9b00000) (1024K)]
  0x0000017e9c85a610 JavaThread "jar transforms Thread 2"           [_thread_blocked, id=28088, stack(0x00000060e9b00000,0x00000060e9c00000) (1024K)]
  0x0000017e9c85aca0 JavaThread "Cache worker for dependencies-accessors (D:\itantra\mobile_app_apk\android\.gradle\8.5\dependencies-accessors)"        [_thread_blocked, id=16532, stack(0x00000060e9c00000,0x00000060e9d00000) (1024K)]
  0x0000017e9c85b9c0 JavaThread "jar transforms Thread 3"           [_thread_blocked, id=17428, stack(0x00000060e9d00000,0x00000060e9e00000) (1024K)]
  0x0000017ea05100c0 JavaThread "Cache worker for Build Output Cleanup Cache (D:\itantra\mobile_app_apk\android\.gradle\buildOutputCleanup)"        [_thread_blocked, id=35708, stack(0x00000060e9e00000,0x00000060e9f00000) (1024K)]
  0x0000017ea0510750 JavaThread "Unconstrained build operations"        [_thread_blocked, id=13564, stack(0x00000060e9f00000,0x00000060ea000000) (1024K)]
  0x0000017ea0510de0 JavaThread "Unconstrained build operations Thread 2"        [_thread_blocked, id=24388, stack(0x00000060ea000000,0x00000060ea100000) (1024K)]
  0x0000017ea050fa30 JavaThread "Unconstrained build operations Thread 3"        [_thread_blocked, id=37844, stack(0x00000060ea100000,0x00000060ea200000) (1024K)]
  0x0000017ea0513540 JavaThread "Unconstrained build operations Thread 4"        [_thread_blocked, id=22668, stack(0x00000060ea200000,0x00000060ea300000) (1024K)]
  0x0000017ea0512190 JavaThread "Unconstrained build operations Thread 5"        [_thread_blocked, id=25640, stack(0x00000060ea300000,0x00000060ea400000) (1024K)]
  0x0000017ea0512820 JavaThread "Unconstrained build operations Thread 6"        [_thread_blocked, id=2844, stack(0x00000060ea400000,0x00000060ea500000) (1024K)]
  0x0000017ea0513bd0 JavaThread "Unconstrained build operations Thread 7"        [_thread_blocked, id=31136, stack(0x00000060ea500000,0x00000060ea600000) (1024K)]
  0x0000017ea0514260 JavaThread "jar transforms Thread 4"           [_thread_blocked, id=17192, stack(0x00000060ea600000,0x00000060ea700000) (1024K)]
  0x0000017ea05148f0 JavaThread "jar transforms Thread 5"           [_thread_blocked, id=12796, stack(0x00000060ea700000,0x00000060ea800000) (1024K)]
  0x0000017ea0514f80 JavaThread "jar transforms Thread 6"           [_thread_blocked, id=26276, stack(0x00000060ea800000,0x00000060ea900000) (1024K)]
  0x0000017ea0511b00 JavaThread "jar transforms Thread 7"           [_thread_blocked, id=36396, stack(0x00000060ea900000,0x00000060eaa00000) (1024K)]
  0x0000017ea0515610 JavaThread "jar transforms Thread 8"           [_thread_blocked, id=4200, stack(0x00000060eaa00000,0x00000060eab00000) (1024K)]
  0x0000017ea0517050 JavaThread "Memory manager"                    [_thread_blocked, id=31856, stack(0x00000060eab00000,0x00000060eac00000) (1024K)]
  0x0000017ea0ff46f0 JavaThread "build event listener"              [_thread_blocked, id=31116, stack(0x00000060eac00000,0x00000060ead00000) (1024K)]
  0x0000017e9dbaf500 JavaThread "included builds"                   [_thread_blocked, id=29828, stack(0x00000060ead00000,0x00000060eae00000) (1024K)]
  0x0000017e9dbaee70 JavaThread "Execution worker"                  [_thread_blocked, id=34644, stack(0x00000060eae00000,0x00000060eaf00000) (1024K)]
  0x0000017e9dbae150 JavaThread "Execution worker Thread 2"         [_thread_blocked, id=27740, stack(0x00000060eaf00000,0x00000060eb000000) (1024K)]
  0x0000017e9dbafb90 JavaThread "Execution worker Thread 3"         [_thread_blocked, id=19696, stack(0x00000060eb000000,0x00000060eb100000) (1024K)]
  0x0000017ea0ff4060 JavaThread "Execution worker Thread 4"         [_thread_blocked, id=36404, stack(0x00000060eb100000,0x00000060eb200000) (1024K)]
  0x0000017ea0ff8f20 JavaThread "Execution worker Thread 5"         [_thread_blocked, id=7416, stack(0x00000060eb200000,0x00000060eb300000) (1024K)]
  0x0000017ea0ff95b0 JavaThread "Execution worker Thread 6"         [_thread_blocked, id=33700, stack(0x00000060eb300000,0x00000060eb400000) (1024K)]
  0x0000017ea0ff9c40 JavaThread "Execution worker Thread 7"         [_thread_blocked, id=14084, stack(0x00000060eb400000,0x00000060eb500000) (1024K)]
  0x0000017ea0ffaff0 JavaThread "Cache worker for execution history cache (D:\itantra\mobile_app_apk\android\.gradle\8.5\executionHistory)"        [_thread_blocked, id=12172, stack(0x00000060eb500000,0x00000060eb600000) (1024K)]
  0x0000017ea0ffa960 JavaThread "Unconstrained build operations Thread 8"        [_thread_blocked, id=37812, stack(0x00000060eb600000,0x00000060eb700000) (1024K)]
  0x0000017ea0ffa2d0 JavaThread "Unconstrained build operations Thread 9"        [_thread_blocked, id=17564, stack(0x00000060eb700000,0x00000060eb800000) (1024K)]
  0x0000017ea0512eb0 JavaThread "Unconstrained build operations Thread 10"        [_thread_blocked, id=34460, stack(0x00000060eb800000,0x00000060eb900000) (1024K)]
  0x0000017e9e35eca0 JavaThread "Unconstrained build operations Thread 11"        [_thread_blocked, id=34416, stack(0x00000060eb900000,0x00000060eba00000) (1024K)]
  0x0000017e9e35d8f0 JavaThread "Unconstrained build operations Thread 12"        [_thread_blocked, id=32532, stack(0x00000060eba00000,0x00000060ebb00000) (1024K)]
  0x0000017e9e35df80 JavaThread "Unconstrained build operations Thread 13"        [_thread_blocked, id=8716, stack(0x00000060ebb00000,0x00000060ebc00000) (1024K)]
  0x0000017e9e35e610 JavaThread "Unconstrained build operations Thread 14"        [_thread_blocked, id=5956, stack(0x00000060ebc00000,0x00000060ebd00000) (1024K)]
  0x0000017e9e35d260 JavaThread "Unconstrained build operations Thread 15"        [_thread_blocked, id=32636, stack(0x00000060ebd00000,0x00000060ebe00000) (1024K)]
  0x0000017e9e35b820 JavaThread "Unconstrained build operations Thread 16"        [_thread_blocked, id=35356, stack(0x00000060ebe00000,0x00000060ebf00000) (1024K)]
  0x0000017e9e35f330 JavaThread "Unconstrained build operations Thread 17"        [_thread_blocked, id=2904, stack(0x00000060ebf00000,0x00000060ec000000) (1024K)]
  0x0000017e9e35beb0 JavaThread "Unconstrained build operations Thread 18"        [_thread_blocked, id=29104, stack(0x00000060ec000000,0x00000060ec100000) (1024K)]
  0x0000017e9e35f9c0 JavaThread "Unconstrained build operations Thread 19"        [_thread_blocked, id=17760, stack(0x00000060ec100000,0x00000060ec200000) (1024K)]
  0x0000017e9e35c540 JavaThread "Unconstrained build operations Thread 20"        [_thread_blocked, id=25076, stack(0x00000060ec200000,0x00000060ec300000) (1024K)]
  0x0000017e9e360050 JavaThread "Unconstrained build operations Thread 21"        [_thread_blocked, id=34868, stack(0x00000060ec300000,0x00000060ec400000) (1024K)]
  0x0000017e9e362120 JavaThread "Unconstrained build operations Thread 22"        [_thread_blocked, id=31236, stack(0x00000060ec400000,0x00000060ec500000) (1024K)]
  0x0000017e9e3606e0 JavaThread "Unconstrained build operations Thread 23"        [_thread_blocked, id=23820, stack(0x00000060ec500000,0x00000060ec600000) (1024K)]
  0x0000017e9e361a90 JavaThread "Unconstrained build operations Thread 24"        [_thread_blocked, id=16812, stack(0x00000060ec600000,0x00000060ec700000) (1024K)]
  0x0000017e9e3627b0 JavaThread "Unconstrained build operations Thread 25"        [_thread_blocked, id=25096, stack(0x00000060ec700000,0x00000060ec800000) (1024K)]
  0x0000017e9e362e40 JavaThread "Unconstrained build operations Thread 26"        [_thread_blocked, id=33416, stack(0x00000060ec800000,0x00000060ec900000) (1024K)]
  0x0000017e9e360d70 JavaThread "Unconstrained build operations Thread 27"        [_thread_blocked, id=10620, stack(0x00000060ec900000,0x00000060eca00000) (1024K)]
  0x0000017e9e361400 JavaThread "Unconstrained build operations Thread 28"        [_thread_blocked, id=36016, stack(0x00000060eca00000,0x00000060ecb00000) (1024K)]
  0x0000017e9dba9290 JavaThread "Unconstrained build operations Thread 29"        [_thread_blocked, id=31192, stack(0x00000060ecb00000,0x00000060ecc00000) (1024K)]
  0x0000017e9dba9920 JavaThread "Unconstrained build operations Thread 30"        [_thread_blocked, id=17136, stack(0x00000060ecc00000,0x00000060ecd00000) (1024K)]
  0x0000017e9dbab9f0 JavaThread "Unconstrained build operations Thread 31"        [_thread_blocked, id=30376, stack(0x00000060ecd00000,0x00000060ece00000) (1024K)]
  0x0000017e9dbac080 JavaThread "Unconstrained build operations Thread 32"        [_thread_blocked, id=26408, stack(0x00000060ece00000,0x00000060ecf00000) (1024K)]
  0x0000017e9dba8c00 JavaThread "Unconstrained build operations Thread 33"        [_thread_blocked, id=15920, stack(0x00000060ecf00000,0x00000060ed000000) (1024K)]
  0x0000017e9dbad430 JavaThread "Unconstrained build operations Thread 34"        [_thread_blocked, id=25932, stack(0x00000060ed000000,0x00000060ed100000) (1024K)]
  0x0000017e9dbaa640 JavaThread "Unconstrained build operations Thread 35"        [_thread_blocked, id=35036, stack(0x00000060ed100000,0x00000060ed200000) (1024K)]
  0x0000017e9dbac710 JavaThread "Unconstrained build operations Thread 36"        [_thread_blocked, id=21924, stack(0x00000060ed200000,0x00000060ed300000) (1024K)]
  0x0000017e9dba9fb0 JavaThread "Unconstrained build operations Thread 37"        [_thread_blocked, id=34504, stack(0x00000060ed300000,0x00000060ed400000) (1024K)]
  0x0000017e9dbacda0 JavaThread "Unconstrained build operations Thread 38"        [_thread_blocked, id=32308, stack(0x00000060ed400000,0x00000060ed500000) (1024K)]
  0x0000017e9dbadac0 JavaThread "Unconstrained build operations Thread 39"        [_thread_blocked, id=17852, stack(0x00000060ed500000,0x00000060ed600000) (1024K)]
  0x0000017e9933ddc0 JavaThread "Unconstrained build operations Thread 40"        [_thread_blocked, id=30940, stack(0x00000060ed600000,0x00000060ed700000) (1024K)]
  0x0000017e9933fe90 JavaThread "Unconstrained build operations Thread 41"        [_thread_blocked, id=36488, stack(0x00000060ed700000,0x00000060ed800000) (1024K)]
  0x0000017e9933f170 JavaThread "Unconstrained build operations Thread 42"        [_thread_blocked, id=24344, stack(0x00000060ed800000,0x00000060ed900000) (1024K)]
  0x0000017e9933f800 JavaThread "Unconstrained build operations Thread 43"        [_thread_blocked, id=18324, stack(0x00000060ed900000,0x00000060eda00000) (1024K)]
  0x0000017e99340520 JavaThread "Unconstrained build operations Thread 44"        [_thread_blocked, id=15800, stack(0x00000060eda00000,0x00000060edb00000) (1024K)]
  0x0000017e9933e450 JavaThread "Unconstrained build operations Thread 45"        [_thread_blocked, id=31376, stack(0x00000060edb00000,0x00000060edc00000) (1024K)]
  0x0000017e9933d0a0 JavaThread "Unconstrained build operations Thread 46"        [_thread_blocked, id=29240, stack(0x00000060edc00000,0x00000060edd00000) (1024K)]
  0x0000017e9933eae0 JavaThread "Unconstrained build operations Thread 47"        [_thread_blocked, id=36956, stack(0x00000060edd00000,0x00000060ede00000) (1024K)]
  0x0000017e99340bb0 JavaThread "Unconstrained build operations Thread 48"        [_thread_blocked, id=33052, stack(0x00000060ede00000,0x00000060edf00000) (1024K)]
  0x0000017e9933d730 JavaThread "Unconstrained build operations Thread 49"        [_thread_blocked, id=28044, stack(0x00000060edf00000,0x00000060ee000000) (1024K)]
  0x0000017e993425f0 JavaThread "Unconstrained build operations Thread 50"        [_thread_blocked, id=15784, stack(0x00000060ee000000,0x00000060ee100000) (1024K)]
  0x0000017e99342c80 JavaThread "Unconstrained build operations Thread 51"        [_thread_blocked, id=6448, stack(0x00000060ee100000,0x00000060ee200000) (1024K)]
  0x0000017e9e4f8430 JavaThread "Unconstrained build operations Thread 52"        [_thread_blocked, id=32524, stack(0x00000060ee200000,0x00000060ee300000) (1024K)]
  0x0000017e9e4f4fb0 JavaThread "Unconstrained build operations Thread 53"        [_thread_blocked, id=36536, stack(0x00000060ee300000,0x00000060ee400000) (1024K)]
  0x0000017e9e4fab90 JavaThread "Unconstrained build operations Thread 54"        [_thread_blocked, id=19812, stack(0x00000060ee400000,0x00000060ee500000) (1024K)]
  0x0000017e9e4f8ac0 JavaThread "Unconstrained build operations Thread 55"        [_thread_blocked, id=35240, stack(0x00000060ee500000,0x00000060ee600000) (1024K)]
  0x0000017e9e4f97e0 JavaThread "Unconstrained build operations Thread 56"        [_thread_blocked, id=24452, stack(0x00000060ee600000,0x00000060ee700000) (1024K)]
  0x0000017e9e4fb220 JavaThread "Unconstrained build operations Thread 57"        [_thread_blocked, id=35136, stack(0x00000060ee700000,0x00000060ee800000) (1024K)]
  0x0000017e9e4f9150 JavaThread "Unconstrained build operations Thread 58"        [_thread_blocked, id=28040, stack(0x00000060ee800000,0x00000060ee900000) (1024K)]
  0x0000017e9e4f9e70 JavaThread "Unconstrained build operations Thread 59"        [_thread_blocked, id=2140, stack(0x00000060ee900000,0x00000060eea00000) (1024K)]
  0x0000017e9e4fa500 JavaThread "Unconstrained build operations Thread 60"        [_thread_blocked, id=25860, stack(0x00000060eea00000,0x00000060eeb00000) (1024K)]
  0x0000017e9e0ab590 JavaThread "Unconstrained build operations Thread 61"        [_thread_blocked, id=31492, stack(0x00000060eeb00000,0x00000060eec00000) (1024K)]
  0x0000017e9e0ac2b0 JavaThread "Unconstrained build operations Thread 62"        [_thread_blocked, id=30904, stack(0x00000060eec00000,0x00000060eed00000) (1024K)]
  0x0000017e9e0ad660 JavaThread "Unconstrained build operations Thread 63"        [_thread_blocked, id=30284, stack(0x00000060eed00000,0x00000060eee00000) (1024K)]
  0x0000017e9e0ac940 JavaThread "Unconstrained build operations Thread 64"        [_thread_blocked, id=34264, stack(0x00000060eee00000,0x00000060eef00000) (1024K)]
  0x0000017e9e0acfd0 JavaThread "Unconstrained build operations Thread 65"        [_thread_blocked, id=14968, stack(0x00000060eef00000,0x00000060ef000000) (1024K)]
  0x0000017e9e0aaf00 JavaThread "Unconstrained build operations Thread 66"        [_thread_blocked, id=19648, stack(0x00000060ef000000,0x00000060ef100000) (1024K)]
  0x0000017e9e0aa1e0 JavaThread "Unconstrained build operations Thread 67"        [_thread_blocked, id=29444, stack(0x00000060ef100000,0x00000060ef200000) (1024K)]
  0x0000017e9e0aa870 JavaThread "Unconstrained build operations Thread 68"        [_thread_blocked, id=37440, stack(0x00000060ef200000,0x00000060ef300000) (1024K)]
  0x0000017e9e0ae380 JavaThread "Unconstrained build operations Thread 69"        [_thread_blocked, id=30564, stack(0x00000060ef300000,0x00000060ef400000) (1024K)]
  0x0000017e9e0abc20 JavaThread "Unconstrained build operations Thread 70"        [_thread_blocked, id=3860, stack(0x00000060ef400000,0x00000060ef500000) (1024K)]
  0x0000017e9e0b1170 JavaThread "Unconstrained build operations Thread 71"        [_thread_blocked, id=19084, stack(0x00000060ef500000,0x00000060ef600000) (1024K)]
  0x0000017e9e0aea10 JavaThread "Unconstrained build operations Thread 72"        [_thread_blocked, id=22368, stack(0x00000060ef600000,0x00000060ef700000) (1024K)]
  0x0000017e9e0b0ae0 JavaThread "Unconstrained build operations Thread 73"        [_thread_blocked, id=2580, stack(0x00000060ef700000,0x00000060ef800000) (1024K)]
  0x0000017e9e0b0450 JavaThread "Unconstrained build operations Thread 74"        [_thread_blocked, id=3376, stack(0x00000060ef800000,0x00000060ef900000) (1024K)]
  0x0000017e9e0b1800 JavaThread "WorkerExecutor Queue"              [_thread_blocked, id=34068, stack(0x00000060e9700000,0x00000060e9800000) (1024K)]
  0x0000017e9e0af0a0 JavaThread "WorkerExecutor Queue Thread 2"        [_thread_blocked, id=35772, stack(0x00000060ef900000,0x00000060efa00000) (1024K)]
  0x0000017e9e0af730 JavaThread "WorkerExecutor Queue Thread 3"        [_thread_blocked, id=10660, stack(0x00000060efb00000,0x00000060efc00000) (1024K)]
  0x0000017e9e0afdc0 JavaThread "WorkerExecutor Queue Thread 4"        [_thread_blocked, id=20052, stack(0x00000060efc00000,0x00000060efd00000) (1024K)]
  0x0000017e9e4f5cd0 JavaThread "WorkerExecutor Queue Thread 5"        [_thread_blocked, id=24824, stack(0x00000060efd00000,0x00000060efe00000) (1024K)]
  0x0000017e9e4f7080 JavaThread "WorkerExecutor Queue Thread 6"        [_thread_blocked, id=17840, stack(0x00000060efe00000,0x00000060eff00000) (1024K)]
  0x0000017e9e4f3c00 JavaThread "WorkerExecutor Queue Thread 7"        [_thread_blocked, id=26028, stack(0x00000060eff00000,0x00000060f0000000) (1024K)]
  0x0000017e9e4f4290 JavaThread "Unconstrained build operations Thread 75"        [_thread_blocked, id=33224, stack(0x00000060f0000000,0x00000060f0100000) (1024K)]
  0x0000017e9e4f4920 JavaThread "Unconstrained build operations Thread 76"        [_thread_blocked, id=27596, stack(0x00000060f0100000,0x00000060f0200000) (1024K)]
  0x0000017e9e4f7710 JavaThread "Unconstrained build operations Thread 77"        [_thread_blocked, id=5700, stack(0x00000060f0200000,0x00000060f0300000) (1024K)]
  0x0000017e9e4f5640 JavaThread "Unconstrained build operations Thread 78"        [_thread_blocked, id=12900, stack(0x00000060f0300000,0x00000060f0400000) (1024K)]
  0x0000017e9e4f7da0 JavaThread "Unconstrained build operations Thread 79"        [_thread_blocked, id=5432, stack(0x00000060f0400000,0x00000060f0500000) (1024K)]
  0x0000017e993418d0 JavaThread "Unconstrained build operations Thread 80"        [_thread_blocked, id=30584, stack(0x00000060f0500000,0x00000060f0600000) (1024K)]
  0x0000017e99341240 JavaThread "ForkJoinPool.commonPool-worker-1" daemon [_thread_blocked, id=37864, stack(0x00000060f0600000,0x00000060f0700000) (1024K)]
  0x0000017e99344030 JavaThread "ForkJoinPool.commonPool-worker-2" daemon [_thread_blocked, id=36560, stack(0x00000060f0700000,0x00000060f0800000) (1024K)]
  0x0000017e99341f60 JavaThread "ForkJoinPool.commonPool-worker-3" daemon [_thread_blocked, id=22544, stack(0x00000060f0800000,0x00000060f0900000) (1024K)]
  0x0000017e99343310 JavaThread "ForkJoinPool.commonPool-worker-4" daemon [_thread_blocked, id=31084, stack(0x00000060f0900000,0x00000060f0a00000) (1024K)]
  0x0000017e9dbae7e0 JavaThread "ForkJoinPool.commonPool-worker-5" daemon [_thread_blocked, id=12988, stack(0x00000060f0a00000,0x00000060f0b00000) (1024K)]
  0x0000017e9e4f69f0 JavaThread "ForkJoinPool.commonPool-worker-6" daemon [_thread_blocked, id=7760, stack(0x00000060f0b00000,0x00000060f0c00000) (1024K)]
  0x0000017ea09b35f0 JavaThread "ForkJoinPool.commonPool-worker-7" daemon [_thread_blocked, id=4588, stack(0x00000060f0c00000,0x00000060f0d00000) (1024K)]
Total: 147

Other Threads:
=>0x0000017efb6101a0 VMThread "VM Thread"                           [id=18384, stack(0x00000060e7100000,0x00000060e7200000) (1024K)]
  0x0000017efebb09a0 WatcherThread "VM Periodic Task Thread"        [id=16896, stack(0x00000060e7000000,0x00000060e7100000) (1024K)]
  0x0000017efb60f6c0 WorkerThread "GC Thread#0"                     [id=1396, stack(0x00000060e6b00000,0x00000060e6c00000) (1024K)]
  0x0000017efb60f320 WorkerThread "GC Thread#1"                     [id=30436, stack(0x00000060e7d00000,0x00000060e7e00000) (1024K)]
  0x0000017efb610540 WorkerThread "GC Thread#2"                     [id=36032, stack(0x00000060e7e00000,0x00000060e7f00000) (1024K)]
  0x0000017e9926b0c0 WorkerThread "GC Thread#3"                     [id=34284, stack(0x00000060e7f00000,0x00000060e8000000) (1024K)]
  0x0000017e9926ad20 WorkerThread "GC Thread#4"                     [id=37132, stack(0x00000060e8000000,0x00000060e8100000) (1024K)]
  0x0000017e9926a980 WorkerThread "GC Thread#5"                     [id=37484, stack(0x00000060e8100000,0x00000060e8200000) (1024K)]
  0x0000017e99269020 WorkerThread "GC Thread#6"                     [id=24244, stack(0x00000060e8c00000,0x00000060e8d00000) (1024K)]
  0x0000017e9926b460 WorkerThread "GC Thread#7"                     [id=34928, stack(0x00000060e8d00000,0x00000060e8e00000) (1024K)]
  0x0000017efd97ca80 ConcurrentGCThread "G1 Main Marker"            [id=1812, stack(0x00000060e6c00000,0x00000060e6d00000) (1024K)]
  0x0000017efb60ef80 WorkerThread "G1 Conc#0"                       [id=23236, stack(0x00000060e6d00000,0x00000060e6e00000) (1024K)]
  0x0000017e9926b800 WorkerThread "G1 Conc#1"                       [id=23620, stack(0x00000060e8e00000,0x00000060e8f00000) (1024K)]
  0x0000017efda0e770 ConcurrentGCThread "G1 Refine#0"               [id=36776, stack(0x00000060e6e00000,0x00000060e6f00000) (1024K)]
  0x0000017efea851f0 ConcurrentGCThread "G1 Service"                [id=31400, stack(0x00000060e6f00000,0x00000060e7000000) (1024K)]
Total: 15

Threads with active compile tasks:
C2 CompilerThread0  22282 13565   !   4       org.gradle.internal.classloader.TransformReplacer::getInstrumentedClass (34 bytes)
Total: 1

VM state: at safepoint (normal execution)

VM Mutex/Monitor currently owned by a thread:  ([mutex/lock_event])
[0x00007ffb97618690] Threads_lock - owner thread: 0x0000017efb6101a0
[0x00007ffb97618790] Heap_lock - owner thread: 0x0000017efd97ca80

Heap address: 0x00000000f0000000, size: 256 MB, Compressed Oops mode: 32-bit

CDS archive(s) not mapped
Compressed class space mapped at: 0x0000000100000000-0x0000000140000000, reserved size: 1073741824
Narrow klass base: 0x0000000000000000, Narrow klass shift: 3, Narrow klass range: 0x140000000

GC Precious Log:
 CardTable entry size: 512
 Card Set container configuration: InlinePtr #cards 5 size 8 Array Of Cards #cards 12 size 40 Howl #buckets 4 coarsen threshold 1843 Howl Bitmap #cards 512 size 80 coarsen threshold 460 Card regions per heap region 1 cards per card region 2048
 CPUs: 8 total, 8 available
 Memory: 7835M
 Large Page Support: Disabled
 NUMA Support: Disabled
 Compressed Oops: Enabled (32-bit)
 Heap Region Size: 1M
 Heap Min Capacity: 8M
 Heap Initial Capacity: 124M
 Heap Max Capacity: 256M
 Pre-touch: Disabled
 Parallel Workers: 8
 Concurrent Workers: 2
 Concurrent Refinement Workers: 8
 Periodic GC: Disabled

Heap:
 garbage-first heap   total 183296K, used 142320K [0x00000000f0000000, 0x0000000100000000)
  region size 1024K, 5 young (5120K), 2 survivors (2048K)
 Metaspace       used 111008K, committed 112896K, reserved 1179648K
  class space    used 15616K, committed 16576K, reserved 1048576K

Heap Regions: E=young(eden), S=young(survivor), O=old, HS=humongous(starts), HC=humongous(continues), CS=collection set, F=free, TAMS=top-at-mark-start, PB=parsable bottom
|   0|0x00000000f0000000, 0x00000000f0100000, 0x00000000f0100000|100%| O|  |TAMS 0x00000000f0100000| PB 0x00000000f0100000| Untracked 
|   1|0x00000000f0100000, 0x00000000f0200000, 0x00000000f0200000|100%| O|  |TAMS 0x00000000f0200000| PB 0x00000000f0200000| Updating 
|   2|0x00000000f0200000, 0x00000000f0300000, 0x00000000f0300000|100%|HS|  |TAMS 0x00000000f0300000| PB 0x00000000f0200000| Complete 
|   3|0x00000000f0300000, 0x00000000f0400000, 0x00000000f0400000|100%|HC|  |TAMS 0x00000000f0400000| PB 0x00000000f0300000| Complete 
|   4|0x00000000f0400000, 0x00000000f0500000, 0x00000000f0500000|100%|HC|  |TAMS 0x00000000f0500000| PB 0x00000000f0400000| Complete 
|   5|0x00000000f0500000, 0x00000000f0600000, 0x00000000f0600000|100%|HC|  |TAMS 0x00000000f0600000| PB 0x00000000f0500000| Complete 
|   6|0x00000000f0600000, 0x00000000f0700000, 0x00000000f0700000|100%| O|  |TAMS 0x00000000f0700000| PB 0x00000000f0700000| Untracked 
|   7|0x00000000f0700000, 0x00000000f0800000, 0x00000000f0800000|100%| O|  |TAMS 0x00000000f0800000| PB 0x00000000f0800000| Untracked 
|   8|0x00000000f0800000, 0x00000000f0900000, 0x00000000f0900000|100%| O|  |TAMS 0x00000000f0900000| PB 0x00000000f0900000| Untracked 
|   9|0x00000000f0900000, 0x00000000f0a00000, 0x00000000f0a00000|100%| O|  |TAMS 0x00000000f0a00000| PB 0x00000000f0a00000| Untracked 
|  10|0x00000000f0a00000, 0x00000000f0b00000, 0x00000000f0b00000|100%| O|  |TAMS 0x00000000f0b00000| PB 0x00000000f0b00000| Untracked 
|  11|0x00000000f0b00000, 0x00000000f0c00000, 0x00000000f0c00000|100%| O|  |TAMS 0x00000000f0c00000| PB 0x00000000f0c00000| Untracked 
|  12|0x00000000f0c00000, 0x00000000f0d00000, 0x00000000f0d00000|100%| O|  |TAMS 0x00000000f0d00000| PB 0x00000000f0d00000| Untracked 
|  13|0x00000000f0d00000, 0x00000000f0e00000, 0x00000000f0e00000|100%| O|  |TAMS 0x00000000f0e00000| PB 0x00000000f0e00000| Untracked 
|  14|0x00000000f0e00000, 0x00000000f0f00000, 0x00000000f0f00000|100%|HS|  |TAMS 0x00000000f0f00000| PB 0x00000000f0e00000| Complete 
|  15|0x00000000f0f00000, 0x00000000f1000000, 0x00000000f1000000|100%| O|  |TAMS 0x00000000f1000000| PB 0x00000000f1000000| Updating 
|  16|0x00000000f1000000, 0x00000000f1100000, 0x00000000f1100000|100%| O|  |TAMS 0x00000000f1100000| PB 0x00000000f1100000| Untracked 
|  17|0x00000000f1100000, 0x00000000f1200000, 0x00000000f1200000|100%| O|  |TAMS 0x00000000f1200000| PB 0x00000000f1200000| Updating 
|  18|0x00000000f1200000, 0x00000000f1300000, 0x00000000f1300000|100%| O|  |TAMS 0x00000000f1300000| PB 0x00000000f1300000| Untracked 
|  19|0x00000000f1300000, 0x00000000f1400000, 0x00000000f1400000|100%| O|  |TAMS 0x00000000f1400000| PB 0x00000000f1400000| Untracked 
|  20|0x00000000f1400000, 0x00000000f1500000, 0x00000000f1500000|100%| O|  |TAMS 0x00000000f1500000| PB 0x00000000f1500000| Untracked 
|  21|0x00000000f1500000, 0x00000000f1600000, 0x00000000f1600000|100%| O|  |TAMS 0x00000000f1600000| PB 0x00000000f1600000| Updating 
|  22|0x00000000f1600000, 0x00000000f1700000, 0x00000000f1700000|100%| O|  |TAMS 0x00000000f1700000| PB 0x00000000f1700000| Untracked 
|  23|0x00000000f1700000, 0x00000000f1800000, 0x00000000f1800000|100%| O|  |TAMS 0x00000000f1800000| PB 0x00000000f1800000| Updating 
|  24|0x00000000f1800000, 0x00000000f1900000, 0x00000000f1900000|100%| O|  |TAMS 0x00000000f1800000| PB 0x00000000f1800000| Untracked 
|  25|0x00000000f1900000, 0x00000000f1a00000, 0x00000000f1a00000|100%| O|  |TAMS 0x00000000f1a00000| PB 0x00000000f1a00000| Untracked 
|  26|0x00000000f1a00000, 0x00000000f1b00000, 0x00000000f1b00000|100%| O|  |TAMS 0x00000000f1b00000| PB 0x00000000f1b00000| Untracked 
|  27|0x00000000f1b00000, 0x00000000f1c00000, 0x00000000f1c00000|100%|HS|  |TAMS 0x00000000f1c00000| PB 0x00000000f1b00000| Complete 
|  28|0x00000000f1c00000, 0x00000000f1d00000, 0x00000000f1d00000|100%| O|  |TAMS 0x00000000f1d00000| PB 0x00000000f1d00000| Updating 
|  29|0x00000000f1d00000, 0x00000000f1e00000, 0x00000000f1e00000|100%| O|  |TAMS 0x00000000f1e00000| PB 0x00000000f1e00000| Untracked 
|  30|0x00000000f1e00000, 0x00000000f1f00000, 0x00000000f1f00000|100%| O|  |TAMS 0x00000000f1f00000| PB 0x00000000f1f00000| Untracked 
|  31|0x00000000f1f00000, 0x00000000f2000000, 0x00000000f2000000|100%| O|  |TAMS 0x00000000f2000000| PB 0x00000000f2000000| Untracked 
|  32|0x00000000f2000000, 0x00000000f2100000, 0x00000000f2100000|100%| O|  |TAMS 0x00000000f2100000| PB 0x00000000f2100000| Untracked 
|  33|0x00000000f2100000, 0x00000000f2200000, 0x00000000f2200000|100%| O|  |TAMS 0x00000000f2200000| PB 0x00000000f2200000| Untracked 
|  34|0x00000000f2200000, 0x00000000f2300000, 0x00000000f2300000|100%| O|  |TAMS 0x00000000f2300000| PB 0x00000000f2300000| Untracked 
|  35|0x00000000f2300000, 0x00000000f2400000, 0x00000000f2400000|100%| O|  |TAMS 0x00000000f2400000| PB 0x00000000f2400000| Untracked 
|  36|0x00000000f2400000, 0x00000000f2500000, 0x00000000f2500000|100%| O|  |TAMS 0x00000000f2500000| PB 0x00000000f2500000| Untracked 
|  37|0x00000000f2500000, 0x00000000f2600000, 0x00000000f2600000|100%|HS|  |TAMS 0x00000000f2600000| PB 0x00000000f2500000| Complete 
|  38|0x00000000f2600000, 0x00000000f2700000, 0x00000000f2700000|100%|HC|  |TAMS 0x00000000f2700000| PB 0x00000000f2600000| Complete 
|  39|0x00000000f2700000, 0x00000000f2800000, 0x00000000f2800000|100%|HS|  |TAMS 0x00000000f2800000| PB 0x00000000f2700000| Complete 
|  40|0x00000000f2800000, 0x00000000f2900000, 0x00000000f2900000|100%|HS|  |TAMS 0x00000000f2900000| PB 0x00000000f2800000| Complete 
|  41|0x00000000f2900000, 0x00000000f2a00000, 0x00000000f2a00000|100%|HS|  |TAMS 0x00000000f2a00000| PB 0x00000000f2900000| Complete 
|  42|0x00000000f2a00000, 0x00000000f2b00000, 0x00000000f2b00000|100%|HC|  |TAMS 0x00000000f2b00000| PB 0x00000000f2a00000| Complete 
|  43|0x00000000f2b00000, 0x00000000f2c00000, 0x00000000f2c00000|100%|HC|  |TAMS 0x00000000f2c00000| PB 0x00000000f2b00000| Complete 
|  44|0x00000000f2c00000, 0x00000000f2d00000, 0x00000000f2d00000|100%|HC|  |TAMS 0x00000000f2d00000| PB 0x00000000f2c00000| Complete 
|  45|0x00000000f2d00000, 0x00000000f2e00000, 0x00000000f2e00000|100%| O|  |TAMS 0x00000000f2e00000| PB 0x00000000f2e00000| Untracked 
|  46|0x00000000f2e00000, 0x00000000f2f00000, 0x00000000f2f00000|100%|HS|  |TAMS 0x00000000f2f00000| PB 0x00000000f2e00000| Complete 
|  47|0x00000000f2f00000, 0x00000000f3000000, 0x00000000f3000000|100%|HC|  |TAMS 0x00000000f3000000| PB 0x00000000f2f00000| Complete 
|  48|0x00000000f3000000, 0x00000000f3100000, 0x00000000f3100000|100%|HS|  |TAMS 0x00000000f3100000| PB 0x00000000f3000000| Complete 
|  49|0x00000000f3100000, 0x00000000f3200000, 0x00000000f3200000|100%| O|  |TAMS 0x00000000f3200000| PB 0x00000000f3200000| Untracked 
|  50|0x00000000f3200000, 0x00000000f3300000, 0x00000000f3300000|100%| O|  |TAMS 0x00000000f3300000| PB 0x00000000f3300000| Untracked 
|  51|0x00000000f3300000, 0x00000000f3400000, 0x00000000f3400000|100%| O|  |TAMS 0x00000000f3400000| PB 0x00000000f3400000| Untracked 
|  52|0x00000000f3400000, 0x00000000f3500000, 0x00000000f3500000|100%| O|  |TAMS 0x00000000f3500000| PB 0x00000000f3500000| Untracked 
|  53|0x00000000f3500000, 0x00000000f3600000, 0x00000000f3600000|100%| O|  |TAMS 0x00000000f3600000| PB 0x00000000f3600000| Updating 
|  54|0x00000000f3600000, 0x00000000f3700000, 0x00000000f3700000|100%| O|  |TAMS 0x00000000f3700000| PB 0x00000000f3700000| Untracked 
|  55|0x00000000f3700000, 0x00000000f3800000, 0x00000000f3800000|100%| O|  |TAMS 0x00000000f3800000| PB 0x00000000f3800000| Untracked 
|  56|0x00000000f3800000, 0x00000000f3900000, 0x00000000f3900000|100%| O|  |TAMS 0x00000000f3900000| PB 0x00000000f3900000| Untracked 
|  57|0x00000000f3900000, 0x00000000f3a00000, 0x00000000f3a00000|100%|HS|  |TAMS 0x00000000f3a00000| PB 0x00000000f3900000| Complete 
|  58|0x00000000f3a00000, 0x00000000f3b00000, 0x00000000f3b00000|100%|HC|  |TAMS 0x00000000f3b00000| PB 0x00000000f3a00000| Complete 
|  59|0x00000000f3b00000, 0x00000000f3c00000, 0x00000000f3c00000|100%|HC|  |TAMS 0x00000000f3c00000| PB 0x00000000f3b00000| Complete 
|  60|0x00000000f3c00000, 0x00000000f3d00000, 0x00000000f3d00000|100%|HC|  |TAMS 0x00000000f3d00000| PB 0x00000000f3c00000| Complete 
|  61|0x00000000f3d00000, 0x00000000f3e00000, 0x00000000f3e00000|100%| O|  |TAMS 0x00000000f3e00000| PB 0x00000000f3e00000| Updating 
|  62|0x00000000f3e00000, 0x00000000f3f00000, 0x00000000f3f00000|100%| O|  |TAMS 0x00000000f3f00000| PB 0x00000000f3f00000| Untracked 
|  63|0x00000000f3f00000, 0x00000000f4000000, 0x00000000f4000000|100%| O|  |TAMS 0x00000000f4000000| PB 0x00000000f4000000| Untracked 
|  64|0x00000000f4000000, 0x00000000f4100000, 0x00000000f4100000|100%| O|  |TAMS 0x00000000f4100000| PB 0x00000000f4100000| Untracked 
|  65|0x00000000f4100000, 0x00000000f4200000, 0x00000000f4200000|100%| O|  |TAMS 0x00000000f4200000| PB 0x00000000f4200000| Untracked 
|  66|0x00000000f4200000, 0x00000000f4300000, 0x00000000f4300000|100%| O|  |TAMS 0x00000000f4300000| PB 0x00000000f4300000| Untracked 
|  67|0x00000000f4300000, 0x00000000f4400000, 0x00000000f4400000|100%| O|  |TAMS 0x00000000f4400000| PB 0x00000000f4400000| Untracked 
|  68|0x00000000f4400000, 0x00000000f4500000, 0x00000000f4500000|100%| O|  |TAMS 0x00000000f4500000| PB 0x00000000f4500000| Untracked 
|  69|0x00000000f4500000, 0x00000000f4600000, 0x00000000f4600000|100%| O|  |TAMS 0x00000000f4600000| PB 0x00000000f4600000| Updating 
|  70|0x00000000f4600000, 0x00000000f4700000, 0x00000000f4700000|100%| O|  |TAMS 0x00000000f4700000| PB 0x00000000f4700000| Untracked 
|  71|0x00000000f4700000, 0x00000000f4800000, 0x00000000f4800000|100%| O|  |TAMS 0x00000000f4800000| PB 0x00000000f4800000| Untracked 
|  72|0x00000000f4800000, 0x00000000f4900000, 0x00000000f4900000|100%| O|  |TAMS 0x00000000f4900000| PB 0x00000000f4900000| Updating 
|  73|0x00000000f4900000, 0x00000000f4a00000, 0x00000000f4a00000|100%| O|  |TAMS 0x00000000f4a00000| PB 0x00000000f4a00000| Updating 
|  74|0x00000000f4a00000, 0x00000000f4b00000, 0x00000000f4b00000|100%| O|  |TAMS 0x00000000f4b00000| PB 0x00000000f4b00000| Untracked 
|  75|0x00000000f4b00000, 0x00000000f4c00000, 0x00000000f4c00000|100%| O|  |TAMS 0x00000000f4c00000| PB 0x00000000f4c00000| Updating 
|  76|0x00000000f4c00000, 0x00000000f4d00000, 0x00000000f4d00000|100%| O|  |TAMS 0x00000000f4d00000| PB 0x00000000f4d00000| Untracked 
|  77|0x00000000f4d00000, 0x00000000f4e00000, 0x00000000f4e00000|100%| O|  |TAMS 0x00000000f4e00000| PB 0x00000000f4e00000| Untracked 
|  78|0x00000000f4e00000, 0x00000000f4f00000, 0x00000000f4f00000|100%| O|  |TAMS 0x00000000f4f00000| PB 0x00000000f4f00000| Untracked 
|  79|0x00000000f4f00000, 0x00000000f5000000, 0x00000000f5000000|100%| O|  |TAMS 0x00000000f5000000| PB 0x00000000f5000000| Untracked 
|  80|0x00000000f5000000, 0x00000000f5100000, 0x00000000f5100000|100%| O|  |TAMS 0x00000000f5100000| PB 0x00000000f5100000| Updating 
|  81|0x00000000f5100000, 0x00000000f5200000, 0x00000000f5200000|100%| O|  |TAMS 0x00000000f5200000| PB 0x00000000f5200000| Untracked 
|  82|0x00000000f5200000, 0x00000000f5300000, 0x00000000f5300000|100%| O|  |TAMS 0x00000000f5300000| PB 0x00000000f5300000| Untracked 
|  83|0x00000000f5300000, 0x00000000f5400000, 0x00000000f5400000|100%| O|  |TAMS 0x00000000f5400000| PB 0x00000000f5400000| Untracked 
|  84|0x00000000f5400000, 0x00000000f5500000, 0x00000000f5500000|100%| O|  |TAMS 0x00000000f5500000| PB 0x00000000f5500000| Untracked 
|  85|0x00000000f5500000, 0x00000000f5600000, 0x00000000f5600000|100%| O|  |TAMS 0x00000000f5600000| PB 0x00000000f5600000| Updating 
|  86|0x00000000f5600000, 0x00000000f5700000, 0x00000000f5700000|100%| O|  |TAMS 0x00000000f5600000| PB 0x00000000f5600000| Untracked 
|  87|0x00000000f5700000, 0x00000000f5800000, 0x00000000f5800000|100%| O|  |TAMS 0x00000000f5800000| PB 0x00000000f5800000| Updating 
|  88|0x00000000f5800000, 0x00000000f5900000, 0x00000000f5900000|100%| O|  |TAMS 0x00000000f5900000| PB 0x00000000f5900000| Updating 
|  89|0x00000000f5900000, 0x00000000f5a00000, 0x00000000f5a00000|100%| O|  |TAMS 0x00000000f5a00000| PB 0x00000000f5a00000| Untracked 
|  90|0x00000000f5a00000, 0x00000000f5b00000, 0x00000000f5b00000|100%| O|  |TAMS 0x00000000f5adb4c0| PB 0x00000000f5adb4c0| Updating 
|  91|0x00000000f5b00000, 0x00000000f5c00000, 0x00000000f5c00000|100%| O|  |TAMS 0x00000000f5b00000| PB 0x00000000f5b00000| Untracked 
|  92|0x00000000f5c00000, 0x00000000f5d00000, 0x00000000f5d00000|100%| O|  |TAMS 0x00000000f5d00000| PB 0x00000000f5d00000| Updating 
|  93|0x00000000f5d00000, 0x00000000f5e00000, 0x00000000f5e00000|100%| O|  |TAMS 0x00000000f5d00000| PB 0x00000000f5d00000| Untracked 
|  94|0x00000000f5e00000, 0x00000000f5f00000, 0x00000000f5f00000|100%|HS|  |TAMS 0x00000000f5e00000| PB 0x00000000f5e00000| Complete 
|  95|0x00000000f5f00000, 0x00000000f6000000, 0x00000000f6000000|100%| O|  |TAMS 0x00000000f6000000| PB 0x00000000f6000000| Updating 
|  96|0x00000000f6000000, 0x00000000f6000000, 0x00000000f6100000|  0%| F|  |TAMS 0x00000000f6000000| PB 0x00000000f6000000| Untracked 
|  97|0x00000000f6100000, 0x00000000f6200000, 0x00000000f6200000|100%| O|  |TAMS 0x00000000f6100000| PB 0x00000000f6100000| Untracked 
|  98|0x00000000f6200000, 0x00000000f6300000, 0x00000000f6300000|100%| O|  |TAMS 0x00000000f6200000| PB 0x00000000f6200000| Untracked 
|  99|0x00000000f6300000, 0x00000000f6400000, 0x00000000f6400000|100%| O|  |TAMS 0x00000000f6300000| PB 0x00000000f6300000| Untracked 
| 100|0x00000000f6400000, 0x00000000f647de00, 0x00000000f6500000| 49%| O|  |TAMS 0x00000000f6400000| PB 0x00000000f6400000| Updating 
| 101|0x00000000f6500000, 0x00000000f6600000, 0x00000000f6600000|100%|HS|  |TAMS 0x00000000f6500000| PB 0x00000000f6500000| Complete 
| 102|0x00000000f6600000, 0x00000000f6700000, 0x00000000f6700000|100%|HC|  |TAMS 0x00000000f6600000| PB 0x00000000f6600000| Complete 
| 103|0x00000000f6700000, 0x00000000f6800000, 0x00000000f6800000|100%|HS|  |TAMS 0x00000000f6700000| PB 0x00000000f6700000| Complete 
| 104|0x00000000f6800000, 0x00000000f6900000, 0x00000000f6900000|100%|HC|  |TAMS 0x00000000f6800000| PB 0x00000000f6800000| Complete 
| 105|0x00000000f6900000, 0x00000000f6a00000, 0x00000000f6a00000|100%|HS|  |TAMS 0x00000000f6900000| PB 0x00000000f6900000| Complete 
| 106|0x00000000f6a00000, 0x00000000f6b00000, 0x00000000f6b00000|100%|HC|  |TAMS 0x00000000f6a00000| PB 0x00000000f6a00000| Complete 
| 107|0x00000000f6b00000, 0x00000000f6c00000, 0x00000000f6c00000|100%|HS|  |TAMS 0x00000000f6b00000| PB 0x00000000f6b00000| Complete 
| 108|0x00000000f6c00000, 0x00000000f6d00000, 0x00000000f6d00000|100%|HC|  |TAMS 0x00000000f6c00000| PB 0x00000000f6c00000| Complete 
| 109|0x00000000f6d00000, 0x00000000f6e00000, 0x00000000f6e00000|100%|HS|  |TAMS 0x00000000f6d00000| PB 0x00000000f6d00000| Complete 
| 110|0x00000000f6e00000, 0x00000000f6f00000, 0x00000000f6f00000|100%|HC|  |TAMS 0x00000000f6e00000| PB 0x00000000f6e00000| Complete 
| 111|0x00000000f6f00000, 0x00000000f7000000, 0x00000000f7000000|100%|HS|  |TAMS 0x00000000f6f00000| PB 0x00000000f6f00000| Complete 
| 112|0x00000000f7000000, 0x00000000f7100000, 0x00000000f7100000|100%|HC|  |TAMS 0x00000000f7000000| PB 0x00000000f7000000| Complete 
| 113|0x00000000f7100000, 0x00000000f7200000, 0x00000000f7200000|100%|HS|  |TAMS 0x00000000f7100000| PB 0x00000000f7100000| Complete 
| 114|0x00000000f7200000, 0x00000000f7300000, 0x00000000f7300000|100%|HC|  |TAMS 0x00000000f7200000| PB 0x00000000f7200000| Complete 
| 115|0x00000000f7300000, 0x00000000f7400000, 0x00000000f7400000|100%|HS|  |TAMS 0x00000000f7300000| PB 0x00000000f7300000| Complete 
| 116|0x00000000f7400000, 0x00000000f7500000, 0x00000000f7500000|100%|HC|  |TAMS 0x00000000f7400000| PB 0x00000000f7400000| Complete 
| 117|0x00000000f7500000, 0x00000000f7600000, 0x00000000f7600000|100%|HS|  |TAMS 0x00000000f7500000| PB 0x00000000f7500000| Complete 
| 118|0x00000000f7600000, 0x00000000f7700000, 0x00000000f7700000|100%|HC|  |TAMS 0x00000000f7600000| PB 0x00000000f7600000| Complete 
| 119|0x00000000f7700000, 0x00000000f7800000, 0x00000000f7800000|100%|HS|  |TAMS 0x00000000f7700000| PB 0x00000000f7700000| Complete 
| 120|0x00000000f7800000, 0x00000000f7900000, 0x00000000f7900000|100%|HC|  |TAMS 0x00000000f7800000| PB 0x00000000f7800000| Complete 
| 121|0x00000000f7900000, 0x00000000f7a00000, 0x00000000f7a00000|100%|HS|  |TAMS 0x00000000f7900000| PB 0x00000000f7900000| Complete 
| 122|0x00000000f7a00000, 0x00000000f7b00000, 0x00000000f7b00000|100%|HC|  |TAMS 0x00000000f7a00000| PB 0x00000000f7a00000| Complete 
| 123|0x00000000f7b00000, 0x00000000f7b00000, 0x00000000f7c00000|  0%| F|  |TAMS 0x00000000f7b00000| PB 0x00000000f7b00000| Untracked 
| 124|0x00000000f7c00000, 0x00000000f7c00000, 0x00000000f7d00000|  0%| F|  |TAMS 0x00000000f7c00000| PB 0x00000000f7c00000| Untracked 
| 125|0x00000000f7d00000, 0x00000000f7d00000, 0x00000000f7e00000|  0%| F|  |TAMS 0x00000000f7d00000| PB 0x00000000f7d00000| Untracked 
| 126|0x00000000f7e00000, 0x00000000f7e00000, 0x00000000f7f00000|  0%| F|  |TAMS 0x00000000f7e00000| PB 0x00000000f7e00000| Untracked 
| 127|0x00000000f7f00000, 0x00000000f7f00000, 0x00000000f8000000|  0%| F|  |TAMS 0x00000000f7f00000| PB 0x00000000f7f00000| Untracked 
| 128|0x00000000f8000000, 0x00000000f8000000, 0x00000000f8100000|  0%| F|  |TAMS 0x00000000f8000000| PB 0x00000000f8000000| Untracked 
| 129|0x00000000f8100000, 0x00000000f8100000, 0x00000000f8200000|  0%| F|  |TAMS 0x00000000f8100000| PB 0x00000000f8100000| Untracked 
| 130|0x00000000f8200000, 0x00000000f8200000, 0x00000000f8300000|  0%| F|  |TAMS 0x00000000f8200000| PB 0x00000000f8200000| Untracked 
| 131|0x00000000f8300000, 0x00000000f8300000, 0x00000000f8400000|  0%| F|  |TAMS 0x00000000f8300000| PB 0x00000000f8300000| Untracked 
| 132|0x00000000f8400000, 0x00000000f8400000, 0x00000000f8500000|  0%| F|  |TAMS 0x00000000f8400000| PB 0x00000000f8400000| Untracked 
| 133|0x00000000f8500000, 0x00000000f8500000, 0x00000000f8600000|  0%| F|  |TAMS 0x00000000f8500000| PB 0x00000000f8500000| Untracked 
| 134|0x00000000f8600000, 0x00000000f8600000, 0x00000000f8700000|  0%| F|  |TAMS 0x00000000f8600000| PB 0x00000000f8600000| Untracked 
| 135|0x00000000f8700000, 0x00000000f8700000, 0x00000000f8800000|  0%| F|  |TAMS 0x00000000f8700000| PB 0x00000000f8700000| Untracked 
| 136|0x00000000f8800000, 0x00000000f8800000, 0x00000000f8900000|  0%| F|  |TAMS 0x00000000f8800000| PB 0x00000000f8800000| Untracked 
| 137|0x00000000f8900000, 0x00000000f8900000, 0x00000000f8a00000|  0%| F|  |TAMS 0x00000000f8900000| PB 0x00000000f8900000| Untracked 
| 138|0x00000000f8a00000, 0x00000000f8a00000, 0x00000000f8b00000|  0%| F|  |TAMS 0x00000000f8a00000| PB 0x00000000f8a00000| Untracked 
| 139|0x00000000f8b00000, 0x00000000f8b00000, 0x00000000f8c00000|  0%| F|  |TAMS 0x00000000f8b00000| PB 0x00000000f8b00000| Untracked 
| 140|0x00000000f8c00000, 0x00000000f8c00000, 0x00000000f8d00000|  0%| F|  |TAMS 0x00000000f8c00000| PB 0x00000000f8c00000| Untracked 
| 141|0x00000000f8d00000, 0x00000000f8d00000, 0x00000000f8e00000|  0%| F|  |TAMS 0x00000000f8d00000| PB 0x00000000f8d00000| Untracked 
| 142|0x00000000f8e00000, 0x00000000f8e00000, 0x00000000f8f00000|  0%| F|  |TAMS 0x00000000f8e00000| PB 0x00000000f8e00000| Untracked 
| 143|0x00000000f8f00000, 0x00000000f8f00000, 0x00000000f9000000|  0%| F|  |TAMS 0x00000000f8f00000| PB 0x00000000f8f00000| Untracked 
| 144|0x00000000f9000000, 0x00000000f9000000, 0x00000000f9100000|  0%| F|  |TAMS 0x00000000f9000000| PB 0x00000000f9000000| Untracked 
| 145|0x00000000f9100000, 0x00000000f9100000, 0x00000000f9200000|  0%| F|  |TAMS 0x00000000f9100000| PB 0x00000000f9100000| Untracked 
| 146|0x00000000f9200000, 0x00000000f9200000, 0x00000000f9300000|  0%| F|  |TAMS 0x00000000f9200000| PB 0x00000000f9200000| Untracked 
| 147|0x00000000f9300000, 0x00000000f9300000, 0x00000000f9400000|  0%| F|  |TAMS 0x00000000f9300000| PB 0x00000000f9300000| Untracked 
| 148|0x00000000f9400000, 0x00000000f9400000, 0x00000000f9500000|  0%| F|  |TAMS 0x00000000f9400000| PB 0x00000000f9400000| Untracked 
| 149|0x00000000f9500000, 0x00000000f9500000, 0x00000000f9600000|  0%| F|  |TAMS 0x00000000f9500000| PB 0x00000000f9500000| Untracked 
| 150|0x00000000f9600000, 0x00000000f9600000, 0x00000000f9700000|  0%| F|  |TAMS 0x00000000f9600000| PB 0x00000000f9600000| Untracked 
| 151|0x00000000f9700000, 0x00000000f9700000, 0x00000000f9800000|  0%| F|  |TAMS 0x00000000f9700000| PB 0x00000000f9700000| Untracked 
| 152|0x00000000f9800000, 0x00000000f9800000, 0x00000000f9900000|  0%| F|  |TAMS 0x00000000f9800000| PB 0x00000000f9800000| Untracked 
| 153|0x00000000f9900000, 0x00000000f9900000, 0x00000000f9a00000|  0%| F|  |TAMS 0x00000000f9900000| PB 0x00000000f9900000| Untracked 
| 154|0x00000000f9a00000, 0x00000000f9a00000, 0x00000000f9b00000|  0%| F|  |TAMS 0x00000000f9a00000| PB 0x00000000f9a00000| Untracked 
| 155|0x00000000f9b00000, 0x00000000f9b00000, 0x00000000f9c00000|  0%| F|  |TAMS 0x00000000f9b00000| PB 0x00000000f9b00000| Untracked 
| 156|0x00000000f9c00000, 0x00000000f9c00000, 0x00000000f9d00000|  0%| F|  |TAMS 0x00000000f9c00000| PB 0x00000000f9c00000| Untracked 
| 157|0x00000000f9d00000, 0x00000000f9d7e5d0, 0x00000000f9e00000| 49%| S|CS|TAMS 0x00000000f9d00000| PB 0x00000000f9d00000| Complete 
| 158|0x00000000f9e00000, 0x00000000f9f00000, 0x00000000f9f00000|100%| S|CS|TAMS 0x00000000f9e00000| PB 0x00000000f9e00000| Complete 
| 159|0x00000000f9f00000, 0x00000000f9f00000, 0x00000000fa000000|  0%| F|  |TAMS 0x00000000f9f00000| PB 0x00000000f9f00000| Untracked 
| 160|0x00000000fa000000, 0x00000000fa000000, 0x00000000fa100000|  0%| F|  |TAMS 0x00000000fa000000| PB 0x00000000fa000000| Untracked 
| 161|0x00000000fa100000, 0x00000000fa100000, 0x00000000fa200000|  0%| F|  |TAMS 0x00000000fa100000| PB 0x00000000fa100000| Untracked 
| 239|0x00000000fef00000, 0x00000000ff000000, 0x00000000ff000000|100%| O|  |TAMS 0x00000000ff000000| PB 0x00000000ff000000| Updating 
| 240|0x00000000ff000000, 0x00000000ff08c2b8, 0x00000000ff100000| 54%| E|  |TAMS 0x00000000ff000000| PB 0x00000000ff000000| Complete 
| 241|0x00000000ff100000, 0x00000000ff200000, 0x00000000ff200000|100%| O|  |TAMS 0x00000000ff200000| PB 0x00000000ff200000| Untracked 
| 242|0x00000000ff200000, 0x00000000ff300000, 0x00000000ff300000|100%| O|  |TAMS 0x00000000ff300000| PB 0x00000000ff300000| Untracked 
| 243|0x00000000ff300000, 0x00000000ff400000, 0x00000000ff400000|100%| O|  |TAMS 0x00000000ff400000| PB 0x00000000ff400000| Untracked 
| 244|0x00000000ff400000, 0x00000000ff500000, 0x00000000ff500000|100%| O|  |TAMS 0x00000000ff500000| PB 0x00000000ff500000| Untracked 
| 245|0x00000000ff500000, 0x00000000ff600000, 0x00000000ff600000|100%| O|  |TAMS 0x00000000ff600000| PB 0x00000000ff600000| Untracked 
| 246|0x00000000ff600000, 0x00000000ff700000, 0x00000000ff700000|100%| O|  |TAMS 0x00000000ff700000| PB 0x00000000ff700000| Updating 
| 247|0x00000000ff700000, 0x00000000ff800000, 0x00000000ff800000|100%| O|  |TAMS 0x00000000ff800000| PB 0x00000000ff800000| Updating 
| 248|0x00000000ff800000, 0x00000000ff900000, 0x00000000ff900000|100%| E|CS|TAMS 0x00000000ff800000| PB 0x00000000ff800000| Complete 
| 249|0x00000000ff900000, 0x00000000ffa00000, 0x00000000ffa00000|100%| E|CS|TAMS 0x00000000ff900000| PB 0x00000000ff900000| Complete 
| 250|0x00000000ffa00000, 0x00000000ffb00000, 0x00000000ffb00000|100%| O|  |TAMS 0x00000000ffb00000| PB 0x00000000ffb00000| Untracked 
| 251|0x00000000ffb00000, 0x00000000ffc00000, 0x00000000ffc00000|100%| O|  |TAMS 0x00000000ffc00000| PB 0x00000000ffc00000| Untracked 
| 252|0x00000000ffc00000, 0x00000000ffd00000, 0x00000000ffd00000|100%| O|  |TAMS 0x00000000ffd00000| PB 0x00000000ffd00000| Untracked 
| 253|0x00000000ffd00000, 0x00000000ffe00000, 0x00000000ffe00000|100%| O|  |TAMS 0x00000000ffe00000| PB 0x00000000ffe00000| Untracked 
| 254|0x00000000ffe00000, 0x00000000fff00000, 0x00000000fff00000|100%| O|  |TAMS 0x00000000fff00000| PB 0x00000000fff00000| Untracked 
| 255|0x00000000fff00000, 0x0000000100000000, 0x0000000100000000|100%| O|  |TAMS 0x0000000100000000| PB 0x0000000100000000| Untracked 

Card table byte_map: [0x0000017efdd40000,0x0000017efddc0000] _byte_map_base: 0x0000017efd5c0000

Marking Bits: (CMBitMap*) 0x0000017efd97a1a0
 Bits: [0x0000017efddc0000, 0x0000017efe1c0000)

Polling page: 0x0000017efb740000

Metaspace:

Usage:
  Non-class:     93.16 MB used.
      Class:     15.25 MB used.
       Both:    108.41 MB used.

Virtual space:
  Non-class space:      128.00 MB reserved,      94.06 MB ( 73%) committed,  2 nodes.
      Class space:        1.00 GB reserved,      16.19 MB (  2%) committed,  1 nodes.
             Both:        1.12 GB reserved,     110.25 MB ( 10%) committed. 

Chunk freelists:
   Non-Class:  1.88 MB
       Class:  15.86 MB
        Both:  17.74 MB

MaxMetaspaceSize: unlimited
CompressedClassSpaceSize: 1.00 GB
Initial GC threshold: 21.00 MB
Current GC threshold: 173.44 MB
CDS: off
 - commit_granule_bytes: 65536.
 - commit_granule_words: 8192.
 - virtual_space_node_default_size: 8388608.
 - enlarge_chunks_in_place: 1.
 - use_allocation_guard: 0.


Internal statistics:

num_allocs_failed_limit: 6.
num_arena_births: 3722.
num_arena_deaths: 4.
num_vsnodes_births: 3.
num_vsnodes_deaths: 0.
num_space_committed: 1763.
num_space_uncommitted: 0.
num_chunks_returned_to_freelist: 11.
num_chunks_taken_from_freelist: 8272.
num_chunk_merges: 6.
num_chunk_splits: 5390.
num_chunks_enlarged: 3470.
num_inconsistent_stats: 0.

CodeHeap 'non-profiled nmethods': size=120000Kb used=7328Kb max_used=7556Kb free=112671Kb
 bounds [0x0000017e8ab70000, 0x0000017e8b2e0000, 0x0000017e920a0000]
CodeHeap 'profiled nmethods': size=120000Kb used=21150Kb max_used=22267Kb free=98849Kb
 bounds [0x0000017e830a0000, 0x0000017e84660000, 0x0000017e8a5d0000]
CodeHeap 'non-nmethods': size=5760Kb used=2676Kb max_used=2709Kb free=3083Kb
 bounds [0x0000017e8a5d0000, 0x0000017e8a890000, 0x0000017e8ab70000]
CodeCache: size=245760Kb, used=31154Kb, max_used=32532Kb, free=214603Kb
 total_blobs=12319, nmethods=11360, adapters=862, full_count=0
Compilation: enabled, stopped_count=0, restarted_count=0

Compilation events (20 events):
Event: 20.108 Thread 0x0000017e94113690 nmethod 13560 0x0000017e8465a090 code [0x0000017e8465a300, 0x0000017e8465ac90]
Event: 20.108 Thread 0x0000017e94113690 13561       3       java.util.IdentityHashMap::capacity (29 bytes)
Event: 20.109 Thread 0x0000017e94113690 nmethod 13561 0x0000017e8465b090 code [0x0000017e8465b240, 0x0000017e8465b468]
Event: 20.115 Thread 0x0000017e94113690 13562       3       java.lang.reflect.ProxyGenerator$$Lambda/0x00000001000e2e90::apply (8 bytes)
Event: 20.115 Thread 0x0000017e94113690 nmethod 13562 0x0000017e8465b510 code [0x0000017e8465b6e0, 0x0000017e8465b9c0]
Event: 20.115 Thread 0x0000017e94113690 13563       3       java.lang.reflect.ProxyGenerator::lambda$addProxyMethod$0 (9 bytes)
Event: 20.115 Thread 0x0000017e94113690 nmethod 13563 0x0000017e8465ba90 code [0x0000017e8465bc40, 0x0000017e8465bdc0]
Event: 20.119 Thread 0x0000017e94113690 13564       3       java.lang.reflect.Field::acquireFieldAccessor (46 bytes)
Event: 20.120 Thread 0x0000017e94113690 nmethod 13564 0x0000017e8465be90 code [0x0000017e8465c080, 0x0000017e8465c550]
Event: 20.121 Thread 0x0000017e94112320 13565   !   4       org.gradle.internal.classloader.TransformReplacer::getInstrumentedClass (34 bytes)
Event: 20.132 Thread 0x0000017e94113690 13566       3       java.math.SignedMutableBigInteger::signedAdd (34 bytes)
Event: 20.132 Thread 0x0000017e94113690 nmethod 13566 0x0000017e8465c710 code [0x0000017e8465c8e0, 0x0000017e8465cbd8]
Event: 20.132 Thread 0x0000017e94113690 13567       3       java.math.SignedMutableBigInteger::signedSubtract (34 bytes)
Event: 20.132 Thread 0x0000017e94113690 nmethod 13567 0x0000017e8465cd10 code [0x0000017e8465cee0, 0x0000017e8465d1d8]
Event: 20.134 Thread 0x0000017e94113690 13572       3       java.math.MutableBigInteger::mul (173 bytes)
Event: 20.134 Thread 0x0000017e94113690 nmethod 13572 0x0000017e8465d310 code [0x0000017e8465d520, 0x0000017e8465db70]
Event: 20.135 Thread 0x0000017e94113690 13575       3       java.math.MutableBigInteger::divWord (108 bytes)
Event: 20.135 Thread 0x0000017e94113690 nmethod 13575 0x0000017e8465de10 code [0x0000017e8465dfe0, 0x0000017e8465e328]
Event: 20.157 Thread 0x0000017e94113690 13577       3       java.math.BigInteger::bitLength (140 bytes)
Event: 20.157 Thread 0x0000017e94113690 nmethod 13577 0x0000017e8465e490 code [0x0000017e8465e680, 0x0000017e8465eb80]

GC Heap History (20 events):
Event: 14.414 GC heap before
{Heap before GC invocations=31 (full 0):
 garbage-first heap   total 150528K, used 129719K [0x00000000f0000000, 0x0000000100000000)
  region size 1024K, 43 young (44032K), 4 survivors (4096K)
 Metaspace       used 92571K, committed 94336K, reserved 1179648K
  class space    used 12983K, committed 13824K, reserved 1048576K
}
Event: 14.419 GC heap after
{Heap after GC invocations=32 (full 0):
 garbage-first heap   total 150528K, used 92133K [0x00000000f0000000, 0x0000000100000000)
  region size 1024K, 4 young (4096K), 4 survivors (4096K)
 Metaspace       used 92571K, committed 94336K, reserved 1179648K
  class space    used 12983K, committed 13824K, reserved 1048576K
}
Event: 14.961 GC heap before
{Heap before GC invocations=32 (full 0):
 garbage-first heap   total 150528K, used 138213K [0x00000000f0000000, 0x0000000100000000)
  region size 1024K, 49 young (50176K), 4 survivors (4096K)
 Metaspace       used 96182K, committed 97984K, reserved 1179648K
  class space    used 13526K, committed 14400K, reserved 1048576K
}
Event: 14.968 GC heap after
{Heap after GC invocations=33 (full 0):
 garbage-first heap   total 150528K, used 94295K [0x00000000f0000000, 0x0000000100000000)
  region size 1024K, 7 young (7168K), 7 survivors (7168K)
 Metaspace       used 96182K, committed 97984K, reserved 1179648K
  class space    used 13526K, committed 14400K, reserved 1048576K
}
Event: 15.519 GC heap before
{Heap before GC invocations=33 (full 0):
 garbage-first heap   total 150528K, used 139351K [0x00000000f0000000, 0x0000000100000000)
  region size 1024K, 51 young (52224K), 7 survivors (7168K)
 Metaspace       used 100347K, committed 102144K, reserved 1179648K
  class space    used 14106K, committed 14976K, reserved 1048576K
}
Event: 15.525 GC heap after
{Heap after GC invocations=34 (full 0):
 garbage-first heap   total 150528K, used 97568K [0x00000000f0000000, 0x0000000100000000)
  region size 1024K, 6 young (6144K), 6 survivors (6144K)
 Metaspace       used 100347K, committed 102144K, reserved 1179648K
  class space    used 14106K, committed 14976K, reserved 1048576K
}
Event: 16.419 GC heap before
{Heap before GC invocations=35 (full 0):
 garbage-first heap   total 163840K, used 139552K [0x00000000f0000000, 0x0000000100000000)
  region size 1024K, 48 young (49152K), 6 survivors (6144K)
 Metaspace       used 103849K, committed 105728K, reserved 1179648K
  class space    used 14785K, committed 15680K, reserved 1048576K
}
Event: 16.431 GC heap after
{Heap after GC invocations=36 (full 0):
 garbage-first heap   total 163840K, used 101737K [0x00000000f0000000, 0x0000000100000000)
  region size 1024K, 6 young (6144K), 6 survivors (6144K)
 Metaspace       used 103849K, committed 105728K, reserved 1179648K
  class space    used 14785K, committed 15680K, reserved 1048576K
}
Event: 16.966 GC heap before
{Heap before GC invocations=36 (full 0):
 garbage-first heap   total 163840K, used 149865K [0x00000000f0000000, 0x0000000100000000)
  region size 1024K, 54 young (55296K), 6 survivors (6144K)
 Metaspace       used 104159K, committed 105984K, reserved 1179648K
  class space    used 14797K, committed 15680K, reserved 1048576K
}
Event: 16.974 GC heap after
{Heap after GC invocations=37 (full 0):
 garbage-first heap   total 164864K, used 106442K [0x00000000f0000000, 0x0000000100000000)
  region size 1024K, 6 young (6144K), 6 survivors (6144K)
 Metaspace       used 104159K, committed 105984K, reserved 1179648K
  class space    used 14797K, committed 15680K, reserved 1048576K
}
Event: 17.491 GC heap before
{Heap before GC invocations=37 (full 0):
 garbage-first heap   total 164864K, used 151498K [0x00000000f0000000, 0x0000000100000000)
  region size 1024K, 51 young (52224K), 6 survivors (6144K)
 Metaspace       used 104712K, committed 106560K, reserved 1179648K
  class space    used 14851K, committed 15744K, reserved 1048576K
}
Event: 17.495 GC heap after
{Heap after GC invocations=38 (full 0):
 garbage-first heap   total 164864K, used 108652K [0x00000000f0000000, 0x0000000100000000)
  region size 1024K, 5 young (5120K), 5 survivors (5120K)
 Metaspace       used 104712K, committed 106560K, reserved 1179648K
  class space    used 14851K, committed 15744K, reserved 1048576K
}
Event: 18.026 GC heap before
{Heap before GC invocations=39 (full 0):
 garbage-first heap   total 183296K, used 150636K [0x00000000f0000000, 0x0000000100000000)
  region size 1024K, 47 young (48128K), 5 survivors (5120K)
 Metaspace       used 105168K, committed 106944K, reserved 1179648K
  class space    used 14892K, committed 15744K, reserved 1048576K
}
Event: 18.031 GC heap after
{Heap after GC invocations=40 (full 0):
 garbage-first heap   total 183296K, used 110228K [0x00000000f0000000, 0x0000000100000000)
  region size 1024K, 4 young (4096K), 4 survivors (4096K)
 Metaspace       used 105168K, committed 106944K, reserved 1179648K
  class space    used 14892K, committed 15744K, reserved 1048576K
}
Event: 18.965 GC heap before
{Heap before GC invocations=40 (full 0):
 garbage-first heap   total 183296K, used 172692K [0x00000000f0000000, 0x0000000100000000)
  region size 1024K, 61 young (62464K), 4 survivors (4096K)
 Metaspace       used 108376K, committed 110272K, reserved 1179648K
  class space    used 15268K, committed 16192K, reserved 1048576K
}
Event: 18.969 GC heap after
{Heap after GC invocations=41 (full 0):
 garbage-first heap   total 183296K, used 112553K [0x00000000f0000000, 0x0000000100000000)
  region size 1024K, 7 young (7168K), 7 survivors (7168K)
 Metaspace       used 108376K, committed 110272K, reserved 1179648K
  class space    used 15268K, committed 16192K, reserved 1048576K
}
Event: 19.855 GC heap before
{Heap before GC invocations=41 (full 0):
 garbage-first heap   total 183296K, used 167849K [0x00000000f0000000, 0x0000000100000000)
  region size 1024K, 62 young (63488K), 7 survivors (7168K)
 Metaspace       used 110047K, committed 111936K, reserved 1179648K
  class space    used 15461K, committed 16384K, reserved 1048576K
}
Event: 19.863 GC heap after
{Heap after GC invocations=42 (full 0):
 garbage-first heap   total 183296K, used 115565K [0x00000000f0000000, 0x0000000100000000)
  region size 1024K, 8 young (8192K), 8 survivors (8192K)
 Metaspace       used 110047K, committed 111936K, reserved 1179648K
  class space    used 15461K, committed 16384K, reserved 1048576K
}
Event: 20.051 GC heap before
{Heap before GC invocations=42 (full 0):
 garbage-first heap   total 183296K, used 119661K [0x00000000f0000000, 0x0000000100000000)
  region size 1024K, 14 young (14336K), 8 survivors (8192K)
 Metaspace       used 110805K, committed 112704K, reserved 1179648K
  class space    used 15582K, committed 16512K, reserved 1048576K
}
Event: 20.060 GC heap after
{Heap after GC invocations=43 (full 0):
 garbage-first heap   total 183296K, used 116720K [0x00000000f0000000, 0x0000000100000000)
  region size 1024K, 2 young (2048K), 2 survivors (2048K)
 Metaspace       used 110805K, committed 112704K, reserved 1179648K
  class space    used 15582K, committed 16512K, reserved 1048576K
}

Dll operation events (3 events):
Event: 0.009 Loaded shared library C:\Program Files\Android\Android Studio\jbr\bin\java.dll
Event: 0.013 Loaded shared library C:\Program Files\Android\Android Studio\jbr\bin\zip.dll
Event: 0.382 Loaded shared library C:\Program Files\Android\Android Studio\jbr\bin\verify.dll

Deoptimization events (20 events):
Event: 20.087 Thread 0x0000017e99341240 Uncommon trap: trap_request=0xffffff45 fr.pc=0x0000017e8b2b4e9c relative=0x000000000000087c
Event: 20.087 Thread 0x0000017e99341240 Uncommon trap: reason=unstable_if action=reinterpret pc=0x0000017e8b2b4e9c method=sun.security.provider.SHA2.implDigest([BI)V @ 21 c2
Event: 20.087 Thread 0x0000017e99341240 DEOPT PACKING pc=0x0000017e8b2b4e9c sp=0x00000060f06ff0f0
Event: 20.087 Thread 0x0000017e99341240 DEOPT UNPACKING pc=0x0000017e8a6243a2 sp=0x00000060f06ff0a0 mode 2
Event: 20.135 Thread 0x0000017e9e4f5cd0 Uncommon trap: trap_request=0xffffffbe fr.pc=0x0000017e8b2b82c0 relative=0x0000000000000660
Event: 20.135 Thread 0x0000017e9e4f5cd0 Uncommon trap: reason=profile_predicate action=maybe_recompile pc=0x0000017e8b2b82c0 method=java.math.BigInteger.montReduce([I[III)[I @ 9 c2
Event: 20.135 Thread 0x0000017e9e4f5cd0 DEOPT PACKING pc=0x0000017e8b2b82c0 sp=0x00000060efdfd1c0
Event: 20.135 Thread 0x0000017e9e4f5cd0 DEOPT UNPACKING pc=0x0000017e8a6243a2 sp=0x00000060efdfd190 mode 2
Event: 20.135 Thread 0x0000017e9e4f5cd0 Uncommon trap: trap_request=0xffffffbe fr.pc=0x0000017e8b2b82c0 relative=0x0000000000000660
Event: 20.135 Thread 0x0000017e9e4f5cd0 Uncommon trap: reason=profile_predicate action=maybe_recompile pc=0x0000017e8b2b82c0 method=java.math.BigInteger.montReduce([I[III)[I @ 9 c2
Event: 20.135 Thread 0x0000017e9e4f5cd0 DEOPT PACKING pc=0x0000017e8b2b82c0 sp=0x00000060efdfd2c0
Event: 20.135 Thread 0x0000017e9e4f5cd0 DEOPT UNPACKING pc=0x0000017e8a6243a2 sp=0x00000060efdfd290 mode 2
Event: 20.173 Thread 0x0000017e9e4f5cd0 Uncommon trap: trap_request=0xffffff45 fr.pc=0x0000017e8ad972b4 relative=0x0000000000000094
Event: 20.173 Thread 0x0000017e9e4f5cd0 Uncommon trap: reason=unstable_if action=reinterpret pc=0x0000017e8ad972b4 method=java.util.HashMap$HashMapSpliterator.getFence()I @ 37 c2
Event: 20.173 Thread 0x0000017e9e4f5cd0 DEOPT PACKING pc=0x0000017e8ad972b4 sp=0x00000060efdfdfe0
Event: 20.173 Thread 0x0000017e9e4f5cd0 DEOPT UNPACKING pc=0x0000017e8a6243a2 sp=0x00000060efdfdf58 mode 2
Event: 20.173 Thread 0x0000017e9e4f5cd0 Uncommon trap: trap_request=0xffffff45 fr.pc=0x0000017e8ad9798c relative=0x000000000000006c
Event: 20.173 Thread 0x0000017e9e4f5cd0 Uncommon trap: reason=unstable_if action=reinterpret pc=0x0000017e8ad9798c method=java.util.HashMap$KeySpliterator.characteristics()I @ 4 c2
Event: 20.173 Thread 0x0000017e9e4f5cd0 DEOPT PACKING pc=0x0000017e8ad9798c sp=0x00000060efdfe030
Event: 20.173 Thread 0x0000017e9e4f5cd0 DEOPT UNPACKING pc=0x0000017e8a6243a2 sp=0x00000060efdfdfd0 mode 2

Classes loaded (20 events):
Event: 20.050 Loading class java/util/concurrent/ForkJoinTask$Aux
Event: 20.050 Loading class java/util/concurrent/ForkJoinTask$Aux done
Event: 20.050 Loading class java/util/concurrent/ForkJoinPool$DefaultForkJoinWorkerThreadFactory$1
Event: 20.050 Loading class java/util/concurrent/ForkJoinPool$DefaultForkJoinWorkerThreadFactory$1 done
Event: 20.051 Loading class java/util/concurrent/CountedCompleter
Event: 20.051 Loading class java/util/concurrent/CountedCompleter done
Event: 20.128 Loading class java/nio/BufferUnderflowException
Event: 20.128 Loading class java/nio/BufferUnderflowException done
Event: 20.130 Loading class sun/security/rsa/RSACore$BlindingParameters
Event: 20.130 Loading class sun/security/rsa/RSACore$BlindingParameters done
Event: 20.130 Loading class sun/security/jca/JCAUtil$CachedSecureRandomHolder
Event: 20.130 Loading class sun/security/jca/JCAUtil$CachedSecureRandomHolder done
Event: 20.135 Loading class sun/security/rsa/RSACore$BlindingRandomPair
Event: 20.135 Loading class sun/security/rsa/RSACore$BlindingRandomPair done
Event: 20.174 Loading class java/util/stream/DistinctOps
Event: 20.174 Loading class java/util/stream/DistinctOps done
Event: 20.174 Loading class java/util/stream/DistinctOps$1
Event: 20.174 Loading class java/util/stream/DistinctOps$1 done
Event: 20.175 Loading class java/util/stream/DistinctOps$1$2
Event: 20.175 Loading class java/util/stream/DistinctOps$1$2 done

Classes unloaded (2 events):
Event: 17.584 Thread 0x0000017efb6101a0 Unloading class 0x0000000100f3c800 'java/lang/invoke/LambdaForm$DMH+0x0000000100f3c800'
Event: 17.584 Thread 0x0000017efb6101a0 Unloading class 0x0000000100f3c400 'java/lang/invoke/LambdaForm$DMH+0x0000000100f3c400'

Classes redefined (0 events):
No events

Internal exceptions (20 events):
Event: 18.951 Thread 0x0000017e9dbaee70 Exception <a 'sun/nio/fs/WindowsException'{0x00000000f683b4c0}> (0x00000000f683b4c0) 
thrown [s\src\hotspot\share\prims\jni.cpp, line 537]
Event: 19.284 Thread 0x0000017ea0ff9c40 Exception <a 'sun/nio/fs/WindowsException'{0x00000000f89c9270}> (0x00000000f89c9270) 
thrown [s\src\hotspot\share\prims\jni.cpp, line 537]
Event: 19.284 Thread 0x0000017ea0ff9c40 Exception <a 'sun/nio/fs/WindowsException'{0x00000000f89c9dd8}> (0x00000000f89c9dd8) 
thrown [s\src\hotspot\share\prims\jni.cpp, line 537]
Event: 19.355 Thread 0x0000017ea0ff9c40 Exception <a 'sun/nio/fs/WindowsException'{0x00000000f80400f0}> (0x00000000f80400f0) 
thrown [s\src\hotspot\share\prims\jni.cpp, line 537]
Event: 19.355 Thread 0x0000017ea0ff9c40 Exception <a 'sun/nio/fs/WindowsException'{0x00000000f8040c58}> (0x00000000f8040c58) 
thrown [s\src\hotspot\share\prims\jni.cpp, line 537]
Event: 19.451 Thread 0x0000017ea0ff9c40 Exception <a 'java/lang/NoSuchMethodError'{0x00000000f7eace68}: 'java.lang.Object java.lang.invoke.DirectMethodHandle$Holder.invokeSpecial(java.lang.Object, java.lang.Object, java.lang.Object, java.lang.Object, int, java.lang.Object)'> (0x00000000f7eace68) 
thrown [s\src\hotspot\share\interpreter\linkResolver.cpp, line 784]
Event: 19.452 Thread 0x0000017ea0ff9c40 Exception <a 'java/lang/NoSuchMethodError'{0x00000000f7eb0e28}: 'java.lang.Object java.lang.invoke.Invokers$Holder.invokeExact_MT(java.lang.Object, java.lang.Object, java.lang.Object, int, java.lang.Object, java.lang.Object)'> (0x00000000f7eb0e28) 
thrown [s\src\hotspot\share\interpreter\linkResolver.cpp, line 784]
Event: 19.700 Thread 0x0000017ea0ff9c40 Exception <a 'java/lang/NoSuchMethodError'{0x00000000f73b9180}: static [Ljava/lang/Object;.<clinit>()V> (0x00000000f73b9180) 
thrown [s\src\hotspot\share\prims\jni.cpp, line 1144]
Event: 19.705 Thread 0x0000017ea0ff9c40 Exception <a 'java/lang/NoSuchMethodError'{0x00000000f73f35e8}: static Lcom/android/build/api/variant/impl/SerializableApplicationMultiOutputHandler;.<clinit>()V> (0x00000000f73f35e8) 
thrown [s\src\hotspot\share\prims\jni.cpp, line 1144]
Event: 19.706 Thread 0x0000017ea0ff9c40 Exception <a 'java/lang/NoSuchMethodError'{0x00000000f7209818}: static Lcom/android/build/api/variant/impl/VariantOutputImpl$SerializedForm;.<clinit>()V> (0x00000000f7209818) 
thrown [s\src\hotspot\share\prims\jni.cpp, line 1144]
Event: 19.707 Thread 0x0000017ea0ff9c40 Exception <a 'java/lang/NoSuchMethodError'{0x00000000f721e8d8}: static Lcom/android/build/api/variant/impl/VariantOutputConfigurationImpl;.<clinit>()V> (0x00000000f721e8d8) 
thrown [s\src\hotspot\share\prims\jni.cpp, line 1144]
Event: 19.772 Thread 0x0000017e9e4f5cd0 Exception <a 'sun/nio/fs/WindowsException'{0x00000000f70b4020}> (0x00000000f70b4020) 
thrown [s\src\hotspot\share\prims\jni.cpp, line 537]
Event: 19.818 Thread 0x0000017e9e4f5cd0 Exception <a 'java/lang/NoSuchMethodError'{0x00000000f6f92598}: 'java.lang.Object java.lang.invoke.DirectMethodHandle$Holder.newInvokeSpecial(java.lang.Object, java.lang.Object, java.lang.Object, java.lang.Object, java.lang.Object, int, java.lang.Object)'> (0x00000000f6f92598) 
thrown [s\src\hotspot\share\interpreter\linkResolver.cpp, line 784]
Event: 19.818 Thread 0x0000017e9e4f5cd0 Exception <a 'java/lang/NoSuchMethodError'{0x00000000f6f9a2f8}: 'java.lang.Object java.lang.invoke.Invokers$Holder.linkToTargetMethod(java.lang.Object, java.lang.Object, java.lang.Object, java.lang.Object, int, java.lang.Object, java.lang.Object)'> (0x00000000f6f9a2f8) 
thrown [s\src\hotspot\share\interpreter\linkResolver.cpp, line 784]
Event: 19.854 Thread 0x0000017e9e4f5cd0 Exception <a 'sun/nio/fs/WindowsException'{0x00000000f6efb4a0}> (0x00000000f6efb4a0) 
thrown [s\src\hotspot\share\prims\jni.cpp, line 537]
Event: 20.023 Thread 0x0000017e9e4f5cd0 Exception <a 'java/lang/NoSuchMethodError'{0x00000000fa0a3f00}: 'long java.lang.invoke.DirectMethodHandle$Holder.invokeStatic(java.lang.Object, java.lang.Object, int)'> (0x00000000fa0a3f00) 
thrown [s\src\hotspot\share\interpreter\linkResolver.cpp, line 784]
Event: 20.023 Thread 0x0000017e9e4f5cd0 Exception <a 'java/lang/NoSuchMethodError'{0x00000000fa0ae4e0}: 'java.lang.Object java.lang.invoke.DelegatingMethodHandle$Holder.reinvoke_L(java.lang.Object, int, long, java.lang.Object, java.lang.Object, int, java.lang.Object)'> (0x00000000fa0ae4e0) 
thrown [s\src\hotspot\share\interpreter\linkResolver.cpp, line 784]
Event: 20.168 Thread 0x0000017e9e4f5cd0 Exception <a 'java/lang/NoSuchMethodError'{0x00000000ff8d1ec8}: 'java.lang.Object java.lang.invoke.DirectMethodHandle$Holder.invokeVirtual(java.lang.Object, java.lang.Object, int)'> (0x00000000ff8d1ec8) 
thrown [s\src\hotspot\share\interpreter\linkResolver.cpp, line 784]
Event: 20.172 Thread 0x0000017e9e4f5cd0 Implicit null exception at 0x0000017e8ad97279 to 0x0000017e8ad972a4
Event: 20.176 Thread 0x0000017e9e4f5cd0 Exception <a 'java/lang/NoSuchMethodError'{0x00000000ff000370}: 'void java.lang.invoke.DirectMethodHandle$Holder.invokeStatic(java.lang.Object, java.lang.Object, java.lang.Object, int)'> (0x00000000ff000370) 
thrown [s\src\hotspot\share\interpreter\linkResolver.cpp, line 784]

ZGC Phase Switch (0 events):
No events

VM Operations (20 events):
Event: 18.651 Executing VM operation: HandshakeAllThreads (Deoptimize) done
Event: 18.763 Executing VM operation: ICBufferFull
Event: 18.764 Executing VM operation: ICBufferFull done
Event: 18.965 Executing VM operation: G1CollectForAllocation (G1 Evacuation Pause)
Event: 18.970 Executing VM operation: G1CollectForAllocation (G1 Evacuation Pause) done
Event: 19.621 Executing VM operation: ICBufferFull
Event: 19.621 Executing VM operation: ICBufferFull done
Event: 19.766 Executing VM operation: HandshakeAllThreads (Deoptimize)
Event: 19.766 Executing VM operation: HandshakeAllThreads (Deoptimize) done
Event: 19.779 Executing VM operation: HandshakeAllThreads (Deoptimize)
Event: 19.779 Executing VM operation: HandshakeAllThreads (Deoptimize) done
Event: 19.782 Executing VM operation: HandshakeAllThreads (Deoptimize)
Event: 19.782 Executing VM operation: HandshakeAllThreads (Deoptimize) done
Event: 19.820 Executing VM operation: HandshakeAllThreads (Deoptimize)
Event: 19.821 Executing VM operation: HandshakeAllThreads (Deoptimize) done
Event: 19.855 Executing VM operation: G1CollectForAllocation (G1 Evacuation Pause)
Event: 19.863 Executing VM operation: G1CollectForAllocation (G1 Evacuation Pause) done
Event: 20.051 Executing VM operation: G1TryInitiateConcMark (G1 Humongous Allocation)
Event: 20.060 Executing VM operation: G1TryInitiateConcMark (G1 Humongous Allocation) done
Event: 20.180 Executing VM operation: G1PauseRemark

Memory protections (0 events):
No events

Nmethod flushes (20 events):
Event: 20.186 Thread 0x0000017efb6101a0 flushing  nmethod 0x0000017e83bacf90
Event: 20.186 Thread 0x0000017efb6101a0 flushing  nmethod 0x0000017e83bae210
Event: 20.186 Thread 0x0000017efb6101a0 flushing  nmethod 0x0000017e83baf490
Event: 20.186 Thread 0x0000017efb6101a0 flushing  nmethod 0x0000017e83bca790
Event: 20.186 Thread 0x0000017efb6101a0 flushing  nmethod 0x0000017e83bcb710
Event: 20.186 Thread 0x0000017efb6101a0 flushing  nmethod 0x0000017e83bcc990
Event: 20.186 Thread 0x0000017efb6101a0 flushing  nmethod 0x0000017e83bcd090
Event: 20.186 Thread 0x0000017efb6101a0 flushing  nmethod 0x0000017e83bcd790
Event: 20.186 Thread 0x0000017efb6101a0 flushing  nmethod 0x0000017e83bced90
Event: 20.186 Thread 0x0000017efb6101a0 flushing  nmethod 0x0000017e83bd0390
Event: 20.186 Thread 0x0000017efb6101a0 flushing  nmethod 0x0000017e83bd1090
Event: 20.186 Thread 0x0000017efb6101a0 flushing  nmethod 0x0000017e84022e90
Event: 20.186 Thread 0x0000017efb6101a0 flushing  nmethod 0x0000017e8408d090
Event: 20.186 Thread 0x0000017efb6101a0 flushing  nmethod 0x0000017e8408e310
Event: 20.186 Thread 0x0000017efb6101a0 flushing  nmethod 0x0000017e8408f910
Event: 20.186 Thread 0x0000017efb6101a0 flushing  nmethod 0x0000017e84090c10
Event: 20.186 Thread 0x0000017efb6101a0 flushing  nmethod 0x0000017e84126e90
Event: 20.186 Thread 0x0000017efb6101a0 flushing  nmethod 0x0000017e84132210
Event: 20.186 Thread 0x0000017efb6101a0 flushing  nmethod 0x0000017e842dfc90
Event: 20.186 Thread 0x0000017efb6101a0 flushing  nmethod 0x0000017e842e2f10

Events (20 events):
Event: 18.654 Thread 0x0000017e94113690 Thread added: 0x0000017e9fd34bd0
Event: 18.697 Thread 0x0000017ea0ff95b0 Thread added: 0x0000017e9e0af730
Event: 18.698 Thread 0x0000017ea0ff95b0 Thread added: 0x0000017e9e0afdc0
Event: 18.699 Thread 0x0000017ea0ff95b0 Thread added: 0x0000017e9e4f5cd0
Event: 18.700 Thread 0x0000017ea0ff95b0 Thread added: 0x0000017e9e4f7080
Event: 18.700 Thread 0x0000017ea0ff95b0 Thread added: 0x0000017e9e4f3c00
Event: 18.767 Thread 0x0000017ea0ff4060 Thread added: 0x0000017e9e4f4290
Event: 18.767 Thread 0x0000017ea0ff4060 Thread added: 0x0000017e9e4f4920
Event: 18.768 Thread 0x0000017ea0ff4060 Thread added: 0x0000017e9e4f7710
Event: 18.768 Thread 0x0000017ea0ff4060 Thread added: 0x0000017e9e4f5640
Event: 18.768 Thread 0x0000017ea0ff4060 Thread added: 0x0000017e9e4f7da0
Event: 18.769 Thread 0x0000017ea0ff4060 Thread added: 0x0000017e993418d0
Event: 20.050 Thread 0x0000017e9e4f5cd0 Thread added: 0x0000017e99341240
Event: 20.051 Thread 0x0000017e99341240 Thread added: 0x0000017e99344030
Event: 20.063 Thread 0x0000017e99344030 Thread added: 0x0000017e99341f60
Event: 20.064 Thread 0x0000017e99341f60 Thread added: 0x0000017e99343310
Event: 20.065 Thread 0x0000017e99343310 Thread added: 0x0000017e9dbae7e0
Event: 20.066 Thread 0x0000017e9dbae7e0 Thread added: 0x0000017e9e4f69f0
Event: 20.067 Thread 0x0000017e9e4f69f0 Thread added: 0x0000017ea09b35f0
Event: 20.115 Thread 0x0000017e9fd34bd0 Thread exited: 0x0000017e9fd34bd0


Dynamic libraries:
0x00007ff753140000 - 0x00007ff75314a000 	C:\Program Files\Android\Android Studio\jbr\bin\java.exe
0x00007ffc4a300000 - 0x00007ffc4a566000 	C:\windows\SYSTEM32\ntdll.dll
0x00007ffbdf4c0000 - 0x00007ffbdf4e1000 	C:\Program Files\Avast Software\Avast\aswhook.dll
0x00007ffc486e0000 - 0x00007ffc487a9000 	C:\windows\System32\KERNEL32.DLL
0x00007ffc47760000 - 0x00007ffc47b5f000 	C:\windows\System32\KERNELBASE.dll
0x00007ffc475d0000 - 0x00007ffc4771c000 	C:\windows\System32\ucrtbase.dll
0x00007ffc1db20000 - 0x00007ffc1db38000 	C:\Program Files\Android\Android Studio\jbr\bin\jli.dll
0x00007ffc1cf60000 - 0x00007ffc1cf7b000 	C:\Program Files\Android\Android Studio\jbr\bin\VCRUNTIME140.dll
0x00007ffc48060000 - 0x00007ffc48226000 	C:\windows\System32\USER32.dll
0x00007ffc18770000 - 0x00007ffc18a01000 	C:\windows\WinSxS\amd64_microsoft.windows.common-controls_6595b64144ccf1df_6.0.26100.8972_none_3e0da176e32f9d4b\COMCTL32.dll
0x00007ffc47730000 - 0x00007ffc47757000 	C:\windows\System32\win32u.dll
0x00007ffc48c20000 - 0x00007ffc48cc9000 	C:\windows\System32\msvcrt.dll
0x00007ffc49f70000 - 0x00007ffc49f9b000 	C:\windows\System32\GDI32.dll
0x00007ffc47b70000 - 0x00007ffc47c99000 	C:\windows\System32\gdi32full.dll
0x00007ffc47ca0000 - 0x00007ffc47d43000 	C:\windows\System32\msvcp_win.dll
0x00007ffc48cd0000 - 0x00007ffc48d02000 	C:\windows\System32\IMM32.DLL
0x00007ffc24930000 - 0x00007ffc2493c000 	C:\Program Files\Android\Android Studio\jbr\bin\vcruntime140_1.dll
0x00007ffbe8850000 - 0x00007ffbe88dd000 	C:\Program Files\Android\Android Studio\jbr\bin\msvcp140.dll
0x00007ffb96a60000 - 0x00007ffb976f6000 	C:\Program Files\Android\Android Studio\jbr\bin\server\jvm.dll
0x00007ffc4a030000 - 0x00007ffc4a0ec000 	C:\windows\System32\ADVAPI32.dll
0x00007ffc48630000 - 0x00007ffc486da000 	C:\windows\System32\sechost.dll
0x00007ffc49df0000 - 0x00007ffc49f08000 	C:\windows\System32\RPCRT4.dll
0x00007ffc48df0000 - 0x00007ffc48e72000 	C:\windows\System32\WS2_32.dll
0x00007ffc47370000 - 0x00007ffc473ce000 	C:\windows\SYSTEM32\POWRPROF.dll
0x00007ffc31e70000 - 0x00007ffc31e7b000 	C:\windows\SYSTEM32\VERSION.dll
0x00007ffc3f190000 - 0x00007ffc3f1c6000 	C:\windows\SYSTEM32\WINMM.dll
0x00007ffc47350000 - 0x00007ffc47365000 	C:\windows\SYSTEM32\UMPDC.dll
0x00007ffc46200000 - 0x00007ffc4621b000 	C:\windows\SYSTEM32\kernel.appcore.dll
0x00007ffc248f0000 - 0x00007ffc248fa000 	C:\Program Files\Android\Android Studio\jbr\bin\jimage.dll
0x00007ffc44ab0000 - 0x00007ffc44cf2000 	C:\windows\SYSTEM32\DBGHELP.DLL
0x00007ffc48890000 - 0x00007ffc48c15000 	C:\windows\System32\combase.dll
0x00007ffc48d10000 - 0x00007ffc48de9000 	C:\windows\System32\OLEAUT32.dll
0x00007ffc30140000 - 0x00007ffc3017b000 	C:\windows\SYSTEM32\dbgcore.DLL
0x00007ffc47d50000 - 0x00007ffc47dfc000 	C:\windows\System32\bcryptPrimitives.dll
0x00007ffbfc5f0000 - 0x00007ffbfc5fe000 	C:\Program Files\Android\Android Studio\jbr\bin\instrument.dll
0x00007ffc162f0000 - 0x00007ffc16310000 	C:\Program Files\Android\Android Studio\jbr\bin\java.dll
0x00007ffc16150000 - 0x00007ffc16168000 	C:\Program Files\Android\Android Studio\jbr\bin\zip.dll
0x00007ffc495e0000 - 0x00007ffc49d68000 	C:\windows\System32\SHELL32.dll
0x00007ffc44f90000 - 0x00007ffc4582b000 	C:\windows\SYSTEM32\windows.storage.dll
0x00007ffc494e0000 - 0x00007ffc495d9000 	C:\windows\System32\SHCORE.dll
0x00007ffc49d80000 - 0x00007ffc49de6000 	C:\windows\System32\shlwapi.dll
0x00007ffc47430000 - 0x00007ffc47459000 	C:\windows\SYSTEM32\profapi.dll
0x00007ffc24870000 - 0x00007ffc24880000 	C:\Program Files\Android\Android Studio\jbr\bin\net.dll
0x00007ffc35880000 - 0x00007ffc359a8000 	C:\windows\SYSTEM32\WINHTTP.dll
0x00007ffc467b0000 - 0x00007ffc4681c000 	C:\windows\system32\mswsock.dll
0x00007ffbf4cc0000 - 0x00007ffbf4cd6000 	C:\Program Files\Android\Android Studio\jbr\bin\nio.dll
0x00007ffc1cfd0000 - 0x00007ffc1cfe0000 	C:\Program Files\Android\Android Studio\jbr\bin\verify.dll
0x00007ffbf2d70000 - 0x00007ffbf2d97000 	C:\Users\rajku\.gradle\native\c067742578af261105cb4f569cf0c3c89f3d7b1fecec35dd04571415982c5e48\windows-amd64\native-platform.dll
0x00007ffbc5800000 - 0x00007ffbc5944000 	C:\Users\rajku\.gradle\native\38dada09dfb8b06ba9b0570ebf7e218e3eb74d4ef43ca46872605cf95ebc2f47\windows-amd64\native-platform-file-events.dll
0x00007ffc18d10000 - 0x00007ffc18d19000 	C:\Program Files\Android\Android Studio\jbr\bin\management.dll
0x00007ffc18b70000 - 0x00007ffc18b7b000 	C:\Program Files\Android\Android Studio\jbr\bin\management_ext.dll
0x00007ffc48440000 - 0x00007ffc48448000 	C:\windows\System32\PSAPI.DLL
0x00007ffc46ac0000 - 0x00007ffc46adb000 	C:\windows\SYSTEM32\CRYPTSP.dll
0x00007ffc46160000 - 0x00007ffc46199000 	C:\windows\system32\rsaenh.dll
0x00007ffc46860000 - 0x00007ffc46892000 	C:\windows\SYSTEM32\USERENV.dll
0x00007ffc47400000 - 0x00007ffc4742a000 	C:\windows\SYSTEM32\bcrypt.dll
0x00007ffc46aa0000 - 0x00007ffc46aac000 	C:\windows\SYSTEM32\CRYPTBASE.dll
0x00007ffc45b90000 - 0x00007ffc45bc3000 	C:\windows\SYSTEM32\IPHLPAPI.DLL
0x00007ffc48430000 - 0x00007ffc4843a000 	C:\windows\System32\NSI.dll
0x00007ffbfc0a0000 - 0x00007ffbfc0a9000 	C:\Program Files\Android\Android Studio\jbr\bin\extnet.dll
0x00007ffc12f20000 - 0x00007ffc12f28000 	C:\windows\system32\wshunix.dll
0x00007ffc19b20000 - 0x00007ffc19b38000 	C:\windows\system32\napinsp.dll
0x00007ffc45c20000 - 0x00007ffc45d78000 	C:\windows\SYSTEM32\DNSAPI.dll
0x00007ffc465b0000 - 0x00007ffc465bd000 	C:\windows\SYSTEM32\DSPARSE.dll
0x00007ffc18f80000 - 0x00007ffc18f93000 	C:\windows\System32\winrnr.dll
0x00007ffc18f50000 - 0x00007ffc18f72000 	C:\windows\system32\nlansp_c.dll
0x00007ffc35af0000 - 0x00007ffc35b06000 	C:\windows\system32\wshbth.dll
0x00007ffc33730000 - 0x00007ffc3373b000 	C:\Windows\System32\rasadhlp.dll
0x00007ffc36280000 - 0x00007ffc36306000 	C:\windows\System32\fwpuclnt.dll
0x00007ffc46330000 - 0x00007ffc46366000 	C:\windows\SYSTEM32\ntmarta.dll

JVMTI agents:
C:\Users\rajku\.gradle\wrapper\dists\gradle-8.5-bin\5t9huq95ubn472n8rpzujfbqh\gradle-8.5\lib\agents\gradle-instrumentation-agent-8.5.jar path:C:\Program Files\Android\Android Studio\jbr\bin\instrument.dll, loaded, initialized, instrumentlib options:none

dbghelp: loaded successfully - version: 4.0.5 - missing functions: none
symbol engine: initialized successfully - sym options: 0x614 - pdb path: .;C:\Program Files\Android\Android Studio\jbr\bin;C:\windows\SYSTEM32;C:\Program Files\Avast Software\Avast;C:\windows\WinSxS\amd64_microsoft.windows.common-controls_6595b64144ccf1df_6.0.26100.8972_none_3e0da176e32f9d4b;C:\Program Files\Android\Android Studio\jbr\bin\server;C:\Users\rajku\.gradle\native\c067742578af261105cb4f569cf0c3c89f3d7b1fecec35dd04571415982c5e48\windows-amd64;C:\Users\rajku\.gradle\native\38dada09dfb8b06ba9b0570ebf7e218e3eb74d4ef43ca46872605cf95ebc2f47\windows-amd64

VM Arguments:
jvm_args: --add-opens=java.base/java.util=ALL-UNNAMED --add-opens=java.base/java.lang=ALL-UNNAMED --add-opens=java.base/java.lang.invoke=ALL-UNNAMED --add-opens=java.prefs/java.util.prefs=ALL-UNNAMED --add-opens=java.base/java.nio.charset=ALL-UNNAMED --add-opens=java.base/java.net=ALL-UNNAMED --add-opens=java.base/java.util.concurrent.atomic=ALL-UNNAMED -Xmx256m -Dfile.encoding=UTF-8 -Duser.country=IN -Duser.language=en -Duser.variant -javaagent:C:\Users\rajku\.gradle\wrapper\dists\gradle-8.5-bin\5t9huq95ubn472n8rpzujfbqh\gradle-8.5\lib\agents\gradle-instrumentation-agent-8.5.jar 
java_command: org.gradle.launcher.daemon.bootstrap.GradleDaemon 8.5
java_class_path (initial): C:\Users\rajku\.gradle\wrapper\dists\gradle-8.5-bin\5t9huq95ubn472n8rpzujfbqh\gradle-8.5\lib\gradle-launcher-8.5.jar
Launcher Type: SUN_STANDARD

[Global flags]
     intx CICompilerCount                          = 4                                         {product} {ergonomic}
     uint ConcGCThreads                            = 2                                         {product} {ergonomic}
     uint G1ConcRefinementThreads                  = 8                                         {product} {ergonomic}
   size_t G1HeapRegionSize                         = 1048576                                   {product} {ergonomic}
    uintx GCDrainStackTargetSize                   = 64                                        {product} {ergonomic}
   size_t InitialHeapSize                          = 130023424                                 {product} {ergonomic}
   size_t MarkStackSize                            = 4194304                                   {product} {ergonomic}
   size_t MaxHeapSize                              = 268435456                                 {product} {command line}
   size_t MaxNewSize                               = 160432128                                 {product} {ergonomic}
   size_t MinHeapDeltaBytes                        = 1048576                                   {product} {ergonomic}
   size_t MinHeapSize                              = 8388608                                   {product} {ergonomic}
    uintx NonNMethodCodeHeapSize                   = 5839372                                {pd product} {ergonomic}
    uintx NonProfiledCodeHeapSize                  = 122909434                              {pd product} {ergonomic}
    uintx ProfiledCodeHeapSize                     = 122909434                              {pd product} {ergonomic}
    uintx ReservedCodeCacheSize                    = 251658240                              {pd product} {ergonomic}
     bool SegmentedCodeCache                       = true                                      {product} {ergonomic}
   size_t SoftMaxHeapSize                          = 268435456                              {manageable} {ergonomic}
     bool UseCompressedOops                        = true                           {product lp64_product} {ergonomic}
     bool UseG1GC                                  = true                                      {product} {ergonomic}
     bool UseLargePagesIndividualAllocation        = false                                  {pd product} {ergonomic}

Logging:
Log output configuration:
 #0: stdout all=warning uptime,level,tags foldmultilines=false
 #1: stderr all=off uptime,level,tags foldmultilines=false

Release file:
JAVA_VERSION="21.0.9" 
MODULES="java.base java.compiler java.datatransfer java.xml java.prefs java.desktop java.instrument java.logging java.management java.security.sasl java.naming java.rmi java.management.rmi java.net.http java.scripting java.security.jgss java.transaction.xa java.sql java.sql.rowset java.xml.crypto java.se java.smartcardio jdk.accessibility jdk.internal.jvmstat jdk.attach jdk.charsets jdk.internal.opt jdk.zipfs jdk.compiler jdk.crypto.ec jdk.crypto.cryptoki jdk.dynalink jdk.hotspot.agent jdk.httpserver jdk.internal.ed jdk.internal.le jdk.internal.vm.ci jdk.jartool jdk.javadoc jdk.jcmd jdk.jdeps jdk.jdwp.agent jdk.jdi jdk.jfr jdk.jlink jdk.jsobject jdk.localedata jdk.management jdk.management.agent jdk.management.jfr jdk.naming.dns jdk.naming.rmi jdk.net jdk.sctp jdk.security.auth jdk.security.jgss jdk.unsupported jdk.unsupported.desktop jdk.xml.dom" 
IMPLEMENTOR="JetBrains s.r.o." 
JAVA_RUNTIME_VERSION="21.0.9+-14787801-b1163.94" 
LIBC="default" 
OS_ARCH="x86_64" 
OS_NAME="Windows" 
SOURCE=".:git:0c757ddc9f2f" 

Environment Variables:
JAVA_HOME=C:\Program Files\Android\Android Studio\jbr
CLASSPATH=D:\itantra\mobile_app_apk\android\\gradle\wrapper\gradle-wrapper.jar
PATH=C:\Program Files\Android\Android Studio\jbr\bin;C:/Users/rajku/.gemini/antigravity/bin;C:\Users\rajku\AppData\Roaming\Antigravity\bin;C:\Python314\Scripts\;C:\Python314\;C:\windows\system32;C:\windows;C:\windows\System32\Wbem;C:\windows\System32\WindowsPowerShell\v1.0\;C:\windows\System32\OpenSSH\;C:\Program Files\Git\cmd;C:\Program Files (x86)\pcsuite\;C:\ProgramData\chocolatey\bin;C:\Users\rajku\;C:\Users\rajku\AppData\Local\Programs\Python\Python311\Scripts\;C:\Users\rajku\AppData\Local\Programs\Python\Python311\;C:\Users\rajku\AppData\Local\Microsoft\WindowsApps;C:\Users\rajku\AppData\Local\Programs\Microsoft VS Code\bin;C:\Program Files\MongoDB\Server\8.2\bin;%JAVA_HOME%\bin;C:\Users\rajku\AppData\Local\Programs\Antigravity\bin;C:\Users\rajku\AppData\Local\Google\Cloud SDK\google-cloud-sdk\bin;C:\Users\rajku\AppData\Roaming\npm;C:\Users\rajku\AppData\Local\Programs\Ollama
USERNAME=rajku
OS=Windows_NT
PROCESSOR_IDENTIFIER=Intel64 Family 6 Model 186 Stepping 3, GenuineIntel
TMP=C:\Users\rajku\AppData\Local\Temp
TEMP=C:\Users\rajku\AppData\Local\Temp




Periodic native trim disabled

JNI global refs:
JNI global refs: 28, weak refs: 0

JNI global refs memory usage: 835, weak refs: 833

Process memory usage:
Resident Set Size: 478576K (5% of 8023876K total physical memory with 384804K free physical memory)

OOME stack traces (most recent first):
Classloader memory used:
Loader org.gradle.internal.classloader.VisitableURLClassLoader                         : 39527K
Loader org.gradle.internal.classloader.VisitableURLClassLoader$InstrumentingVisitableURLClassLoader: 29953K
Loader bootstrap                                                                       : 29590K
Loader org.gradle.initialization.MixInLegacyTypesClassLoader                           : 10764K
Loader jdk.internal.loader.ClassLoaders$PlatformClassLoader                            : 521K
Loader jdk.internal.reflect.DelegatingClassLoader                                      : 247K
Loader jdk.internal.loader.ClassLoaders$AppClassLoader                                 : 227K
Loader org.gradle.groovy.scripts.internal.DefaultScriptCompilationHandler$ScriptClassLoader: 161K
Loader org.codehaus.groovy.runtime.callsite.CallSiteClassLoader                        : 10136B
Loader sun.reflect.misc.MethodUtil                                                     : 2984B

Classes loaded by more than one classloader:
Class com.google.common.base.Equivalence$Identity                                     : loaded 2 times (x 82B)
Class com.google.common.base.PairwiseEquivalence                                      : loaded 2 times (x 83B)
Class com.google.common.collect.RegularImmutableMap$KeySet                            : loaded 2 times (x 150B)
Class org.gradle.internal.classloader.FilteringClassLoader                            : loaded 2 times (x 105B)
Class com.google.common.io.FileWriteMode                                              : loaded 2 times (x 79B)
Class [Lcom.google.common.base.AbstractIterator$State;                                : loaded 2 times (x 69B)
Class com.google.common.base.CharMatcher$IsEither                                     : loaded 2 times (x 111B)
Class org.gradle.internal.classloader.ClassLoaderHierarchy                            : loaded 2 times (x 70B)
Class com.google.common.collect.AbstractMapBasedMultimap$WrappedCollection            : loaded 2 times (x 124B)
Class com.google.common.collect.ImmutableEnumSet                                      : loaded 2 times (x 146B)
Class com.google.common.util.concurrent.ExecutionError                                : loaded 2 times (x 82B)
Class com.google.common.collect.ImmutableList$1                                       : loaded 2 times (x 97B)
Class org.gradle.api.internal.classpath.ManifestUtil                                  : loaded 2 times (x 71B)
Class com.google.common.collect.RegularImmutableMap                                   : loaded 2 times (x 121B)
Class com.google.common.collect.ImmutableMap$MapViewOfValuesAsSingletonSets           : loaded 2 times (x 125B)
Class [Lorg.objectweb.asm.Symbol;                                                     : loaded 2 times (x 69B)
Class org.objectweb.asm.ClassVisitor                                                  : loaded 2 times (x 87B)
Class com.google.common.collect.UnmodifiableListIterator                              : loaded 2 times (x 95B)
Class org.objectweb.asm.MethodTooLargeException                                       : loaded 2 times (x 83B)
Class com.google.common.base.Platform$JdkPatternCompiler                              : loaded 2 times (x 75B)
Class [Lcom.google.common.cache.CacheBuilder$OneWeigher;                              : loaded 2 times (x 69B)
Class com.google.common.base.Suppliers                                                : loaded 2 times (x 71B)
Class org.gradle.internal.classloader.DefaultClassLoaderFactory                       : loaded 2 times (x 82B)
Class [Lcom.google.common.collect.AbstractIterator$State;                             : loaded 2 times (x 69B)
Class com.google.common.base.CharMatcher$None                                         : loaded 2 times (x 112B)
Class org.gradle.internal.classloader.ClassLoaderVisitor                              : loaded 2 times (x 76B)
Class [Lcom.google.common.collect.ImmutableMapEntry;                                  : loaded 2 times (x 69B)
Class org.gradle.api.internal.classpath.EffectiveClassPath                            : loaded 2 times (x 90B)
Class com.google.common.collect.AbstractIterator$1                                    : loaded 2 times (x 71B)
Class com.google.common.collect.ImmutableEnumMap                                      : loaded 2 times (x 125B)
Class com.google.common.collect.ListMultimap                                          : loaded 2 times (x 70B)
Class com.google.common.collect.Sets$1                                                : loaded 2 times (x 139B)
Class org.objectweb.asm.AnnotationVisitor                                             : loaded 2 times (x 77B)
Class com.google.common.base.Splitter                                                 : loaded 2 times (x 72B)
Class org.gradle.api.internal.DefaultClassPathProvider                                : loaded 2 times (x 76B)
Class [Lcom.google.common.base.Function;                                              : loaded 2 times (x 69B)
Class com.google.common.collect.Maps$ViewCachingAbstractMap                           : loaded 2 times (x 125B)
Class com.google.common.collect.Sets$2                                                : loaded 2 times (x 139B)
Class [Lorg.gradle.api.internal.ClassPathProvider;                                    : loaded 2 times (x 69B)
Class org.gradle.api.internal.ClassPathProvider                                       : loaded 2 times (x 70B)
Class [Lorg.objectweb.asm.AnnotationVisitor;                                          : loaded 2 times (x 69B)
Class com.google.common.collect.Sets$3                                                : loaded 2 times (x 139B)
Class com.google.common.util.concurrent.AbstractFuture$SafeAtomicHelper               : loaded 2 times (x 79B)
Class com.google.common.cache.LocalCache$LocalLoadingCache                            : loaded 2 times (x 134B)
Class com.google.common.base.AbstractIterator$State                                   : loaded 2 times (x 79B)
Class org.gradle.internal.service.UnknownServiceException                             : loaded 2 times (x 83B)
Class com.google.common.collect.Sets$4                                                : loaded 2 times (x 139B)
Class org.objectweb.asm.ModuleVisitor                                                 : loaded 2 times (x 80B)
Class com.google.common.cache.LocalCache$Strength$1                                   : loaded 2 times (x 81B)
Class com.google.common.collect.Collections2$FilteredCollection                       : loaded 2 times (x 119B)
Class com.google.common.util.concurrent.SettableFuture                                : loaded 2 times (x 114B)
Class com.google.common.cache.LocalCache$Strength$2                                   : loaded 2 times (x 81B)
Class [Lcom.google.common.collect.Maps$EntryFunction;                                 : loaded 2 times (x 69B)
Class com.google.common.collect.TransformedIterator                                   : loaded 2 times (x 80B)
Class com.google.common.cache.LocalCache$Strength$3                                   : loaded 2 times (x 81B)
Class com.google.common.collect.MapDifference                                         : loaded 2 times (x 70B)
Class com.google.common.base.Splitter$1                                               : loaded 2 times (x 77B)
Class org.objectweb.asm.FieldWriter                                                   : loaded 2 times (x 77B)
Class com.google.common.cache.CacheBuilder$NullListener                               : loaded 2 times (x 82B)
Class org.gradle.internal.classpath.TransformedClassPath                              : loaded 2 times (x 96B)
Class com.google.common.collect.Maps$IteratorBasedAbstractMap$1                       : loaded 2 times (x 138B)
Class com.google.common.cache.CacheLoader$FunctionToCacheLoader                       : loaded 2 times (x 75B)
Class com.google.common.collect.Iterators$ArrayItr                                    : loaded 2 times (x 97B)
Class com.google.common.collect.ImmutableCollection$Builder                           : loaded 2 times (x 76B)
Class com.google.common.base.Joiner                                                   : loaded 2 times (x 79B)
Class com.google.common.base.MoreObjects                                              : loaded 2 times (x 71B)
Class [Lorg.objectweb.asm.Type;                                                       : loaded 2 times (x 69B)
Class com.google.common.collect.Platform                                              : loaded 2 times (x 71B)
Class com.google.common.collect.UnmodifiableIterator                                  : loaded 2 times (x 80B)
Class org.gradle.internal.service.ServiceLocator                                      : loaded 2 times (x 70B)
Class com.google.common.base.Ascii                                                    : loaded 2 times (x 71B)
Class com.google.common.cache.LocalCache$1                                            : loaded 2 times (x 89B)
Class com.google.common.collect.AbstractMapEntry                                      : loaded 2 times (x 81B)
Class com.google.common.collect.Sets$ImprovedAbstractSet                              : loaded 2 times (x 135B)
Class com.google.common.collect.ImmutableList$Builder                                 : loaded 2 times (x 77B)
Class com.google.common.cache.LocalCache$2                                            : loaded 2 times (x 142B)
Class com.google.common.collect.AbstractMultimap                                      : loaded 2 times (x 123B)
Class com.google.common.util.concurrent.AbstractFuture$UnsafeAtomicHelper$1           : loaded 2 times (x 76B)
Class com.google.common.collect.RegularImmutableAsList                                : loaded 2 times (x 216B)
Class com.google.common.base.Optional                                                 : loaded 2 times (x 80B)
Class com.google.common.util.concurrent.AbstractFuture$Trusted                        : loaded 2 times (x 70B)
Class com.google.common.collect.Iterators                                             : loaded 2 times (x 71B)
Class com.google.common.base.CharMatcher$RangesMatcher                                : loaded 2 times (x 112B)
Class build_6q0ghfex2m7ky4eb05875xkei$_run_closure1                                   : loaded 2 times (x 139B)
Class com.google.common.io.ByteSink$AsCharSink                                        : loaded 2 times (x 80B)
Class com.google.common.util.concurrent.UncheckedExecutionException                   : loaded 2 times (x 82B)
Class com.google.common.collect.Lists$StringAsImmutableList                           : loaded 2 times (x 207B)
Class com.google.common.base.CharMatcher$JavaLetterOrDigit                            : loaded 2 times (x 111B)
Class org.gradle.internal.InternalTransformer                                         : loaded 2 times (x 70B)
Class com.google.common.collect.AbstractMapBasedMultimap$KeySet$1                     : loaded 2 times (x 82B)
Class org.objectweb.asm.ClassWriter                                                   : loaded 2 times (x 104B)
Class com.google.common.cache.CacheLoader$UnsupportedLoadingOperationException        : loaded 2 times (x 82B)
Class com.google.common.base.CharMatcher$And                                          : loaded 2 times (x 112B)
Class org.gradle.internal.classloader.ClasspathUtil$1                                 : loaded 2 times (x 76B)
Class com.google.common.collect.FluentIterable$1                                      : loaded 2 times (x 81B)
Class com.google.common.base.Objects                                                  : loaded 2 times (x 71B)
Class org.objectweb.asm.FieldVisitor                                                  : loaded 2 times (x 76B)
Class com.google.common.collect.IndexedImmutableSet                                   : loaded 2 times (x 150B)
Class com.google.common.collect.ImmutableMap$1                                        : loaded 2 times (x 81B)
Class com.google.common.collect.BiMap                                                 : loaded 2 times (x 70B)
Class settings_45oobmneggqzdycjcw65v8uef$_run_closure1                                : loaded 2 times (x 139B)
Class org.gradle.api.internal.classpath.DefaultModuleRegistry$DefaultModule           : loaded 2 times (x 86B)
Class com.google.common.collect.FluentIterable$2                                      : loaded 2 times (x 81B)
Class com.google.common.base.Absent                                                   : loaded 2 times (x 80B)
Class com.google.common.primitives.Ints                                               : loaded 2 times (x 71B)
Class com.google.common.collect.AbstractIterator                                      : loaded 2 times (x 82B)
Class com.google.common.collect.FluentIterable$3                                      : loaded 2 times (x 81B)
Class com.google.common.math.MathPreconditions                                        : loaded 2 times (x 71B)
Class com.google.common.collect.Multiset                                              : loaded 2 times (x 70B)
Class com.google.common.collect.ArrayListMultimapGwtSerializationDependencies         : loaded 2 times (x 172B)
Class com.google.common.collect.ObjectArrays                                          : loaded 2 times (x 71B)
Class com.google.common.collect.AbstractIndexedListIterator                           : loaded 2 times (x 96B)
Class com.google.common.collect.ImmutableMapEntrySet                                  : loaded 2 times (x 151B)
Class org.gradle.api.internal.classpath.Module                                        : loaded 2 times (x 70B)
Class com.google.common.cache.Weigher                                                 : loaded 2 times (x 70B)
Class org.gradle.api.internal.classpath.UnknownModuleException                        : loaded 2 times (x 82B)
Class org.gradle.cache.GlobalCache                                                    : loaded 2 times (x 70B)
Class com.google.common.base.Stopwatch                                                : loaded 2 times (x 72B)
Class com.google.common.cache.LocalCache$Strength                                     : loaded 2 times (x 81B)
Class com.google.common.cache.Cache                                                   : loaded 2 times (x 70B)
Class com.google.common.io.Files$2                                                    : loaded 2 times (x 76B)
Class com.google.common.util.concurrent.AbstractFuture$Cancellation                   : loaded 2 times (x 72B)
Class com.google.common.collect.ImmutableMap$Builder                                  : loaded 2 times (x 82B)
Class com.google.common.base.NullnessCasts                                            : loaded 2 times (x 71B)
Class com.google.common.collect.Maps$EntryFunction$1                                  : loaded 2 times (x 91B)
Class com.google.common.base.Present                                                  : loaded 2 times (x 81B)
Class com.google.common.collect.AbstractMapBasedMultimap$WrappedCollection$WrappedIterator: loaded 2 times (x 84B)
Class com.google.common.cache.RemovalListener                                         : loaded 2 times (x 70B)
Class org.gradle.api.internal.DefaultClassPathRegistry                                : loaded 2 times (x 76B)
Class com.google.common.collect.Maps$EntryFunction$2                                  : loaded 2 times (x 91B)
Class com.google.common.primitives.IntsMethodsForWeb                                  : loaded 2 times (x 71B)
Class com.google.common.collect.Multimap                                              : loaded 2 times (x 70B)
Class org.gradle.api.internal.ClassPathRegistry                                       : loaded 2 times (x 70B)
Class org.gradle.internal.classpath.DefaultClassPath$ImmutableUniqueList              : loaded 2 times (x 199B)
Class com.google.common.base.ExtraObjectsMethodsForWeb                                : loaded 2 times (x 71B)
Class com.google.common.io.ByteSink                                                   : loaded 2 times (x 76B)
Class com.google.common.cache.CacheBuilder                                            : loaded 2 times (x 72B)
Class com.google.common.collect.SingletonImmutableList                                : loaded 2 times (x 207B)
Class settings_45oobmneggqzdycjcw65v8uef$_run_closure1$_closure2                      : loaded 2 times (x 139B)
Class org.gradle.internal.classpath.ClassPath                                         : loaded 2 times (x 70B)
Class org.gradle.api.UncheckedIOException                                             : loaded 2 times (x 82B)
Class com.google.common.io.Files$FileByteSource                                       : loaded 2 times (x 85B)
Class com.google.common.collect.ImmutableList$ReverseImmutableList                    : loaded 2 times (x 208B)
Class com.google.common.base.JdkPattern                                               : loaded 2 times (x 75B)
Class org.objectweb.asm.SymbolTable$Entry                                             : loaded 2 times (x 74B)
Class com.google.common.util.concurrent.AbstractFuture$AtomicHelper                   : loaded 2 times (x 78B)
Class org.objectweb.asm.Edge                                                          : loaded 2 times (x 72B)
Class com.google.common.base.Suppliers$SupplierOfInstance                             : loaded 2 times (x 79B)
Class com.google.common.collect.Iterators$1                                           : loaded 2 times (x 81B)
Class com.google.common.cache.LocalCache$ComputingValueReference                      : loaded 2 times (x 96B)
Class com.google.common.collect.SingletonImmutableSet                                 : loaded 2 times (x 146B)
Class com.google.common.collect.ImmutableMap$IteratorBasedImmutableMap                : loaded 2 times (x 125B)
Class com.google.common.cache.LocalCache$Segment                                      : loaded 2 times (x 154B)
Class [Lorg.objectweb.asm.SymbolTable$Entry;                                          : loaded 2 times (x 69B)
Class com.google.common.cache.CacheLoader                                             : loaded 2 times (x 74B)
Class com.google.common.collect.Iterators$4                                           : loaded 2 times (x 82B)
Class com.google.common.collect.ImmutableBiMap                                        : loaded 2 times (x 143B)
Class com.google.common.collect.AbstractListMultimap                                  : loaded 2 times (x 172B)
Class org.gradle.internal.installation.GradleInstallation$1                           : loaded 2 times (x 75B)
Class org.gradle.api.internal.classpath.ModuleRegistry                                : loaded 2 times (x 70B)
Class com.google.common.util.concurrent.internal.InternalFutureFailureAccess          : loaded 2 times (x 72B)
Class com.google.common.collect.Iterators$5                                           : loaded 2 times (x 82B)
Class com.google.common.collect.ImmutableSet$JdkBackedSetBuilderImpl                  : loaded 2 times (x 76B)
Class com.google.common.base.Splitter$SplittingIterator                               : loaded 2 times (x 84B)
Class com.google.common.collect.Iterators$6                                           : loaded 2 times (x 81B)
Class com.google.common.io.Closer$SuppressingSuppressor                               : loaded 2 times (x 75B)
Class com.google.common.util.concurrent.AbstractFuture$UnsafeAtomicHelper             : loaded 2 times (x 78B)
Class com.google.common.cache.LocalCache$LocalManualCache$1                           : loaded 2 times (x 75B)
Class com.google.common.base.CharMatcher$ForPredicate                                 : loaded 2 times (x 112B)
Class com.google.common.collect.ImmutableCollection                                   : loaded 2 times (x 125B)
Class com.google.common.base.CharMatcher$AnyOf                                        : loaded 2 times (x 112B)
Class org.gradle.api.internal.classpath.DefaultModuleRegistry                         : loaded 2 times (x 86B)
Class com.google.common.util.concurrent.ListenableFuture                              : loaded 2 times (x 70B)
Class com.google.common.cache.ReferenceEntry                                          : loaded 2 times (x 70B)
Class com.google.common.collect.ImmutableSet$CachingAsList                            : loaded 2 times (x 147B)
Class com.google.common.base.Converter                                                : loaded 2 times (x 90B)
Class com.google.common.collect.Lists                                                 : loaded 2 times (x 71B)
Class com.google.common.base.CharMatcher$Any                                          : loaded 2 times (x 112B)
Class com.google.common.util.concurrent.AbstractFuture                                : loaded 2 times (x 106B)
Class com.google.common.base.FunctionalEquivalence                                    : loaded 2 times (x 83B)
Class com.google.common.collect.Iterators$9                                           : loaded 2 times (x 81B)
Class com.google.common.collect.AbstractMapBasedMultimap                              : loaded 2 times (x 139B)
Class com.google.common.collect.ImmutableAsList                                       : loaded 2 times (x 209B)
Class org.objectweb.asm.RecordComponentVisitor                                        : loaded 2 times (x 77B)
Class com.google.common.cache.CacheLoader$SupplierToCacheLoader                       : loaded 2 times (x 75B)
Class com.google.common.collect.Maps$EntryTransformer                                 : loaded 2 times (x 70B)
Class org.gradle.internal.service.ServiceLookupException                              : loaded 2 times (x 82B)
Class [Lcom.google.common.cache.LocalCache$EntryFactory;                              : loaded 2 times (x 69B)
Class com.google.common.base.CharMatcher$JavaLetter                                   : loaded 2 times (x 111B)
Class org.gradle.internal.classloader.ClassLoaderFactory                              : loaded 2 times (x 70B)
Class com.google.common.cache.LocalCache$LocalManualCache                             : loaded 2 times (x 99B)
Class com.google.common.base.CharMatcher$IsNot                                        : loaded 2 times (x 111B)
Class com.google.common.base.CommonPattern                                            : loaded 2 times (x 74B)
Class org.gradle.internal.service.CachingServiceLocator                               : loaded 2 times (x 82B)
Class com.google.common.collect.AbstractMapBasedMultimap$KeySet                       : loaded 2 times (x 137B)
Class com.google.common.math.IntMath                                                  : loaded 2 times (x 71B)
Class com.google.common.collect.Iterators$10                                          : loaded 2 times (x 81B)
Class com.google.common.collect.ImmutableMapEntry                                     : loaded 2 times (x 85B)
Class com.google.common.base.CharMatcher$JavaDigit                                    : loaded 2 times (x 111B)
Class com.google.common.base.Predicates                                               : loaded 2 times (x 71B)
Class com.google.common.base.Equivalence                                              : loaded 2 times (x 82B)
Class com.google.common.collect.ImmutableMapEntry$NonTerminalImmutableMapEntry        : loaded 2 times (x 85B)
Class com.google.common.base.Function                                                 : loaded 2 times (x 70B)
Class com.google.common.collect.IndexedImmutableSet$1                                 : loaded 2 times (x 212B)
Class com.google.common.cache.CacheBuilder$OneWeigher                                 : loaded 2 times (x 82B)
Class com.google.common.collect.RegularImmutableList                                  : loaded 2 times (x 212B)
Class com.google.common.collect.Maps$EntryFunction                                    : loaded 2 times (x 91B)
Class com.google.common.collect.ImmutableBiMapFauxverideShim                          : loaded 2 times (x 120B)
Class org.gradle.internal.classloader.ClasspathUtil                                   : loaded 2 times (x 71B)
Class com.google.common.base.Charsets                                                 : loaded 2 times (x 71B)
Class com.google.common.util.concurrent.Uninterruptibles                              : loaded 2 times (x 71B)
Class com.google.common.collect.Maps                                                  : loaded 2 times (x 71B)
Class com.google.common.base.CharMatcher$JavaUpperCase                                : loaded 2 times (x 111B)
Class org.gradle.api.specs.Spec                                                       : loaded 2 times (x 70B)
Class [Lcom.google.common.collect.ImmutableEntry;                                     : loaded 2 times (x 69B)
Class com.google.common.cache.LocalCache$LoadingValueReference                        : loaded 2 times (x 96B)
Class com.google.common.collect.CollectSpliterators                                   : loaded 2 times (x 71B)
Class com.google.common.base.Platform                                                 : loaded 2 times (x 71B)
Class com.google.common.collect.AbstractMapBasedMultimap$WrappedList                  : loaded 2 times (x 205B)
Class [Lorg.objectweb.asm.AnnotationWriter;                                           : loaded 2 times (x 69B)
Class com.google.common.primitives.Ints$IntConverter                                  : loaded 2 times (x 90B)
Class com.google.common.collect.Maps$8                                                : loaded 2 times (x 82B)
Class com.google.common.base.Predicates$CompositionPredicate                          : loaded 2 times (x 88B)
Class com.google.common.collect.Sets$SetView                                          : loaded 2 times (x 138B)
Class com.google.common.cache.LocalCache$StrongValueReference                         : loaded 2 times (x 90B)
Class com.google.common.util.concurrent.AbstractFuture$SynchronizedHelper             : loaded 2 times (x 78B)
Class com.google.common.base.CharMatcher$Invisible                                    : loaded 2 times (x 112B)
Class com.google.common.graph.SuccessorsFunction                                      : loaded 2 times (x 70B)
Class org.objectweb.asm.Type                                                          : loaded 2 times (x 72B)
Class org.gradle.internal.classloader.VisitableURLClassLoader$InstrumentingVisitableURLClassLoader: loaded 2 times (x 123B)
Class com.google.common.io.Files$FileByteSink                                         : loaded 2 times (x 77B)
Class org.objectweb.asm.ByteVector                                                    : loaded 2 times (x 78B)
Class [Lcom.google.common.cache.CacheBuilder$NullListener;                            : loaded 2 times (x 69B)
Class com.google.common.math.IntMath$1                                                : loaded 2 times (x 71B)
Class org.gradle.internal.classloader.VisitableURLClassLoader$Spec                    : loaded 2 times (x 74B)
Class org.gradle.internal.classpath.DefaultClassPath                                  : loaded 2 times (x 90B)
Class org.objectweb.asm.Symbol                                                        : loaded 2 times (x 73B)
Class com.google.common.base.AbstractIterator                                         : loaded 2 times (x 80B)
Class com.google.common.collect.Sets$FilteredSet                                      : loaded 2 times (x 137B)
Class com.google.common.io.Closer                                                     : loaded 2 times (x 78B)
Class com.google.common.collect.RegularImmutableMap$Values                            : loaded 2 times (x 207B)
Class com.google.common.collect.ImmutableSet                                          : loaded 2 times (x 145B)
Class com.google.common.base.CharMatcher$Ascii                                        : loaded 2 times (x 112B)
Class com.google.common.base.CharMatcher$BitSetMatcher                                : loaded 2 times (x 112B)
Class org.gradle.internal.classloader.ClassLoaderSpec                                 : loaded 2 times (x 71B)
Class org.objectweb.asm.AnnotationWriter                                              : loaded 2 times (x 78B)
Class com.google.common.cache.CacheStats                                              : loaded 2 times (x 71B)
Class com.google.common.io.Closer$Suppressor                                          : loaded 2 times (x 70B)
Class com.google.common.io.LineProcessor                                              : loaded 2 times (x 70B)
Class org.objectweb.asm.RecordComponentWriter                                         : loaded 2 times (x 78B)
Class com.google.common.util.concurrent.AbstractFuture$Listener                       : loaded 2 times (x 72B)
Class com.google.common.base.CharMatcher$Or                                           : loaded 2 times (x 112B)
Class org.objectweb.asm.Attribute                                                     : loaded 2 times (x 77B)
Class com.google.common.base.Supplier                                                 : loaded 2 times (x 70B)
Class org.gradle.internal.classloader.VisitableURLClassLoader                         : loaded 2 times (x 117B)
Class com.google.common.util.concurrent.AbstractFuture$Waiter                         : loaded 2 times (x 72B)
Class org.gradle.internal.Cast                                                        : loaded 2 times (x 71B)
Class org.gradle.api.Action                                                           : loaded 2 times (x 70B)
Class com.google.common.collect.Sets                                                  : loaded 2 times (x 71B)
Class org.objectweb.asm.Handler                                                       : loaded 2 times (x 72B)
Class com.google.common.base.Strings                                                  : loaded 2 times (x 71B)
Class com.google.common.base.Ticker                                                   : loaded 2 times (x 72B)
Class com.google.common.base.CharMatcher$FastMatcher                                  : loaded 2 times (x 111B)
Class org.gradle.internal.agents.InstrumentingClassLoader                             : loaded 2 times (x 70B)
Class [Lcom.google.common.cache.LocalCache$Segment;                                   : loaded 2 times (x 69B)
Class [Lcom.google.common.cache.LocalCache$Strength;                                  : loaded 2 times (x 69B)
Class com.google.common.cache.CacheBuilder$1                                          : loaded 2 times (x 85B)
Class com.google.common.collect.ImmutableMap                                          : loaded 2 times (x 120B)
Class com.google.common.base.Predicate                                                : loaded 2 times (x 70B)
Class org.gradle.internal.classpath.DefaultClassPath$ImmutableUniqueList$Builder      : loaded 2 times (x 75B)
Class com.google.common.cache.LocalCache                                              : loaded 2 times (x 187B)
Class com.google.common.cache.CacheBuilder$2                                          : loaded 2 times (x 79B)
Class com.google.common.base.CharMatcher$NegatedFastMatcher                           : loaded 2 times (x 113B)
Class com.google.common.cache.CacheBuilder$3                                          : loaded 2 times (x 72B)
Class [Lcom.google.common.collect.AbstractMapEntry;                                   : loaded 2 times (x 69B)
Class com.google.common.collect.ImmutableEntry                                        : loaded 2 times (x 82B)
Class com.google.common.collect.ArrayListMultimap                                     : loaded 2 times (x 172B)
Class com.google.common.base.AbstractIterator$1                                       : loaded 2 times (x 71B)
Class com.google.common.base.CharMatcher$Digit                                        : loaded 2 times (x 112B)
Class org.gradle.api.GradleException                                                  : loaded 2 times (x 82B)
Class build_93tkcne4o3x68w9v4mkydah3e                                                 : loaded 2 times (x 180B)
Class com.google.common.collect.CollectPreconditions                                  : loaded 2 times (x 71B)
Class com.google.common.base.CharMatcher$JavaIsoControl                               : loaded 2 times (x 112B)
Class build_93tkcne4o3x68w9v4mkydah3e$_run_closure1                                   : loaded 2 times (x 139B)
Class com.google.common.collect.Maps$AbstractFilteredMap                              : loaded 2 times (x 127B)
Class [Lcom.google.common.io.FileWriteMode;                                           : loaded 2 times (x 69B)
Class com.google.common.collect.SortedMapDifference                                   : loaded 2 times (x 70B)
Class com.google.common.base.CharMatcher$JavaLowerCase                                : loaded 2 times (x 111B)
Class build_6q0ghfex2m7ky4eb05875xkei                                                 : loaded 2 times (x 180B)
Class com.google.common.io.Files                                                      : loaded 2 times (x 71B)
Class com.google.common.cache.LocalCache$EntryFactory                                 : loaded 2 times (x 83B)
Class com.google.common.collect.Iterables$5                                           : loaded 2 times (x 81B)
Class com.google.common.cache.LocalCache$AbstractReferenceEntry                       : loaded 2 times (x 107B)
Class com.google.common.base.Splitter$1$1                                             : loaded 2 times (x 86B)
Class com.google.common.base.CharMatcher$Whitespace                                   : loaded 2 times (x 112B)
Class org.gradle.internal.IoActions                                                   : loaded 2 times (x 71B)
Class org.objectweb.asm.SymbolTable                                                   : loaded 2 times (x 72B)
Class com.google.common.cache.CacheLoader$InvalidCacheLoadException                   : loaded 2 times (x 82B)
Class com.google.common.collect.ImmutableSet$RegularSetBuilderImpl                    : loaded 2 times (x 77B)
Class com.google.common.base.CharMatcher$SingleWidth                                  : loaded 2 times (x 112B)
Class org.gradle.internal.classloader.SystemClassLoaderSpec                           : loaded 2 times (x 71B)
Class com.google.common.collect.FluentIterable                                        : loaded 2 times (x 81B)
Class com.google.common.cache.LocalCache$StrongEntry                                  : loaded 2 times (x 108B)
Class com.google.common.util.concurrent.AbstractFuture$TrustedFuture                  : loaded 2 times (x 114B)
Class com.google.common.cache.LoadingCache                                            : loaded 2 times (x 70B)
Class org.objectweb.asm.MethodWriter                                                  : loaded 2 times (x 105B)
Class [Lcom.google.common.cache.Weigher;                                              : loaded 2 times (x 69B)
Class com.google.common.collect.RegularImmutableMap$BucketOverflowException           : loaded 2 times (x 82B)
Class com.google.common.collect.AbstractMapBasedMultimap$RandomAccessWrappedList      : loaded 2 times (x 205B)
Class com.google.common.collect.AbstractIterator$State                                : loaded 2 times (x 79B)
Class com.google.common.cache.LocalCache$ValueReference                               : loaded 2 times (x 70B)
Class com.google.common.base.CharMatcher$Is                                           : loaded 2 times (x 111B)
Class com.google.common.base.CharMatcher$Negated                                      : loaded 2 times (x 113B)
Class com.google.common.hash.PrimitiveSink                                            : loaded 2 times (x 70B)
Class com.google.common.util.concurrent.AbstractFuture$Failure                        : loaded 2 times (x 72B)
Class com.google.common.base.PatternCompiler                                          : loaded 2 times (x 70B)
Class com.google.common.base.Equivalence$Equals                                       : loaded 2 times (x 82B)
Class com.google.common.collect.Hashing                                               : loaded 2 times (x 71B)
Class com.google.common.base.Preconditions                                            : loaded 2 times (x 71B)
Class settings_45oobmneggqzdycjcw65v8uef                                              : loaded 2 times (x 179B)
Class com.google.common.io.CharSink                                                   : loaded 2 times (x 79B)
Class com.google.common.base.Joiner$1                                                 : loaded 2 times (x 80B)
Class org.objectweb.asm.Label                                                         : loaded 2 times (x 73B)
Class org.objectweb.asm.CurrentFrame                                                  : loaded 2 times (x 73B)
Class org.objectweb.asm.ClassTooLargeException                                        : loaded 2 times (x 83B)
Class com.google.common.collect.PeekingIterator                                       : loaded 2 times (x 70B)
Class com.google.common.base.CharMatcher                                              : loaded 2 times (x 111B)
Class com.google.common.collect.Maps$IteratorBasedAbstractMap                         : loaded 2 times (x 125B)
Class com.google.common.base.Joiner$2                                                 : loaded 2 times (x 79B)
Class org.objectweb.asm.Frame                                                         : loaded 2 times (x 73B)
Class org.objectweb.asm.MethodVisitor                                                 : loaded 2 times (x 104B)
Class com.google.common.cache.LocalCache$EntryFactory$1                               : loaded 2 times (x 83B)
Class [Lcom.google.common.cache.RemovalListener;                                      : loaded 2 times (x 69B)
Class com.google.common.base.CharMatcher$1                                            : loaded 2 times (x 113B)
Class com.google.common.base.CharMatcher$NamedFastMatcher                             : loaded 2 times (x 112B)
Class com.google.common.cache.LocalCache$EntryFactory$2                               : loaded 2 times (x 83B)
Class org.objectweb.asm.ModuleWriter                                                  : loaded 2 times (x 81B)
Class com.google.common.cache.LocalCache$EntryFactory$3                               : loaded 2 times (x 83B)
Class com.google.common.base.Ticker$1                                                 : loaded 2 times (x 72B)
Class com.google.common.collect.ImmutableMapEntrySet$RegularEntrySet                  : loaded 2 times (x 151B)
Class com.google.common.collect.Maps$BiMapConverter                                   : loaded 2 times (x 90B)
Class com.google.common.cache.LocalCache$EntryFactory$4                               : loaded 2 times (x 83B)
Class com.google.common.collect.ImmutableSet$Builder                                  : loaded 2 times (x 85B)
Class com.google.common.base.CharMatcher$InRange                                      : loaded 2 times (x 111B)
Class com.google.common.cache.LocalCache$EntryFactory$5                               : loaded 2 times (x 83B)
Class com.google.common.cache.LocalCache$EntryFactory$6                               : loaded 2 times (x 83B)
Class org.gradle.internal.installation.CurrentGradleInstallationLocator               : loaded 2 times (x 71B)
Class com.google.common.collect.Maps$KeySet                                           : loaded 2 times (x 137B)
Class com.google.common.cache.LocalCache$EntryFactory$7                               : loaded 2 times (x 83B)
Class com.google.common.collect.ImmutableSet$EmptySetBuilderImpl                      : loaded 2 times (x 76B)
Class com.google.common.collect.ImmutableList                                         : loaded 2 times (x 206B)
Class org.gradle.internal.service.DefaultServiceLocator                               : loaded 2 times (x 83B)
Class com.google.common.collect.Maps$EntrySet                                         : loaded 2 times (x 136B)
Class com.google.common.cache.LocalCache$EntryFactory$8                               : loaded 2 times (x 83B)
Class com.google.common.collect.ImmutableSet$SetBuilderImpl                           : loaded 2 times (x 76B)
Class org.gradle.internal.installation.CurrentGradleInstallation                      : loaded 2 times (x 73B)
Class com.google.common.cache.CacheLoader$1                                           : loaded 2 times (x 75B)
Class com.google.common.collect.ImmutableList$SubList                                 : loaded 2 times (x 208B)
Class org.gradle.util.internal.GUtil                                                  : loaded 2 times (x 71B)
Class com.google.common.io.ByteSource                                                 : loaded 2 times (x 84B)
Class com.google.common.util.concurrent.AbstractFuture$SetFuture                      : loaded 2 times (x 75B)
Class com.google.common.cache.AbstractCache$StatsCounter                              : loaded 2 times (x 70B)
Class com.google.common.collect.Iterators$MergingIterator                             : loaded 2 times (x 81B)
Class com.google.common.collect.RegularImmutableSet                                   : loaded 2 times (x 148B)
Class org.gradle.internal.installation.GradleInstallation                             : loaded 2 times (x 75B)
Class com.google.common.collect.Iterables                                             : loaded 2 times (x 71B)
Class com.google.common.base.Splitter$Strategy                                        : loaded 2 times (x 70B)

---------------  S Y S T E M  ---------------

OS:
 Windows 11 , 64 bit Build 26100 (10.0.26100.9168)
OS uptime: 0 days 10:45 hours
Hyper-V role detected

CPU: total 8 (initial active 8) (4 cores per cpu, 2 threads per core) family 6 model 186 stepping 3 microcode 0x6134, cx8, cmov, fxsr, ht, mmx, 3dnowpref, sse, sse2, sse3, ssse3, sse4.1, sse4.2, popcnt, lzcnt, tsc, tscinvbit, avx, avx2, aes, erms, clmul, bmi1, bmi2, adx, sha, fma, vzeroupper, clflush, clflushopt, clwb, hv, serialize, rdtscp, rdpid, fsrm, f16c, cet_ibt, cet_ss
Processor Information for the first 8 processors :
  Max Mhz: 1200, Current Mhz: 1200, Mhz Limit: 1200

Memory: 4k page, system-wide physical 7835M (352M free)
TotalPageFile size 31387M (AvailPageFile size 5M)
current process WorkingSet (physical memory assigned to process): 470M, peak: 489M
current process commit charge ("private bytes"): 504M, peak: 573M

vm_info: OpenJDK 64-Bit Server VM (21.0.9+-14787801-b1163.94) for windows-amd64 JRE (21.0.9+-14787801-b1163.94), built on 2026-01-27T21:15:44Z by "builder" with MS VC++ 16.10 / 16.11 (VS2019)

END.
