#
# There is insufficient memory for the Java Runtime Environment to continue.
# Native memory allocation (malloc) failed to allocate 1118144 bytes. Error detail: Chunk::new
# Possible reasons:
#   The system is out of physical RAM or swap space
#   This process is running with CompressedOops enabled, and the Java Heap may be blocking the growth of the native heap
# Possible solutions:
#   Reduce memory load on the system
#   Increase physical memory or swap space
#   Check if swap backing store is full
#   Decrease Java heap size (-Xmx/-Xms)
#   Decrease number of Java threads
#   Decrease Java thread stack sizes (-Xss)
#   Set larger code cache with -XX:ReservedCodeCacheSize=
#   JVM is running with Unscaled Compressed Oops mode in which the Java heap is
#     placed in the first 4GB address space. The Java Heap base address is the
#     maximum limit for the native heap growth. Please use -XX:HeapBaseMinAddress
#     to set the Java Heap base and to place the Java Heap above 4GB virtual address.
# This output file may be truncated or incomplete.
#
#  Out of Memory Error (arena.cpp:168), pid=31424, tid=32152
#
# JRE version: OpenJDK Runtime Environment (21.0.9) (build 21.0.9+-14787801-b1163.94)
# Java VM: OpenJDK 64-Bit Server VM (21.0.9+-14787801-b1163.94, mixed mode, tiered, compressed oops, compressed class ptrs, serial gc, windows-amd64)
# No core dump will be written. Minidumps are not enabled by default on client versions of Windows
#

---------------  S U M M A R Y ------------

Command Line: -XX:+UseSerialGC --add-opens=java.base/java.util=ALL-UNNAMED --add-opens=java.base/java.lang=ALL-UNNAMED --add-opens=java.base/java.lang.invoke=ALL-UNNAMED --add-opens=java.prefs/java.util.prefs=ALL-UNNAMED --add-opens=java.base/java.nio.charset=ALL-UNNAMED --add-opens=java.base/java.net=ALL-UNNAMED --add-opens=java.base/java.util.concurrent.atomic=ALL-UNNAMED -Xmx384m -Dfile.encoding=UTF-8 -Duser.country=IN -Duser.language=en -Duser.variant -javaagent:C:\Users\rajku\.gradle\wrapper\dists\gradle-8.5-bin\5t9huq95ubn472n8rpzujfbqh\gradle-8.5\lib\agents\gradle-instrumentation-agent-8.5.jar org.gradle.launcher.daemon.bootstrap.GradleDaemon 8.5

Host: 13th Gen Intel(R) Core(TM) i3-1315U, 8 cores, 7G,  Windows 11 , 64 bit Build 26100 (10.0.26100.9168)
Time: Fri Aug 28 01:42:46 2026 India Standard Time elapsed time: 61.288240 seconds (0d 0h 1m 1s)

---------------  T H R E A D  ---------------

Current thread (0x000002db28116140):  JavaThread "C2 CompilerThread0" daemon [_thread_in_native, id=32152, stack(0x000000f24d000000,0x000000f24d100000) (1024K)]


Current CompileTask:
C2:61288 20508       4       org.jetbrains.kotlin.cli.jvm.index.JvmDependenciesIndexImpl::search (374 bytes)

Stack: [0x000000f24d000000,0x000000f24d100000]
Native frames: (J=compiled Java code, j=interpreted, Vv=VM code, C=native code)
V  [jvm.dll+0x6d6c99]
V  [jvm.dll+0x866b83]
V  [jvm.dll+0x8691ae]
V  [jvm.dll+0x869893]
V  [jvm.dll+0x280776]
V  [jvm.dll+0xc07cd]
V  [jvm.dll+0xc0d03]
V  [jvm.dll+0x3b986b]
V  [jvm.dll+0x1dfcb2]
V  [jvm.dll+0x2495b4]
V  [jvm.dll+0x248a31]
V  [jvm.dll+0x1c7344]
V  [jvm.dll+0x2581ae]
V  [jvm.dll+0x2566f6]
V  [jvm.dll+0x3f48a6]
V  [jvm.dll+0x80f118]
V  [jvm.dll+0x6d54ed]
C  [ucrtbase.dll+0x2cd30]
C  [KERNEL32.DLL+0x2ccb7]
C  [ntdll.dll+0xaad6c]


---------------  P R O C E S S  ---------------

Threads class SMR info:
_java_thread_list=0x000002db3f142f70, length=133, elements={
0x000002db2612a990, 0x000002db280c6ba0, 0x000002db280c9ec0, 0x000002db280cbb10,
0x000002db28105980, 0x000002db281063e0, 0x000002db281099c0, 0x000002db2810dee0,
0x000002db28116140, 0x000002db281187b0, 0x000002db3a8489e0, 0x000002db3ff4bf00,
0x000002db3f975cf0, 0x000002db40d06c70, 0x000002db3f03a7e0, 0x000002db3fdb5940,
0x000002db3fea5b50, 0x000002db3fea54c0, 0x000002db3fea6870, 0x000002db3fea8940,
0x000002db3fea82b0, 0x000002db3fea7590, 0x000002db3fea7c20, 0x000002db3fea6f00,
0x000002db425bef30, 0x000002db425be8a0, 0x000002db425c0970, 0x000002db425bf5c0,
0x000002db425bfc50, 0x000002db425bd4f0, 0x000002db425bdb80, 0x000002db425c1690,
0x000002db425be210, 0x000002db425c1d20, 0x000002db425c23b0, 0x000002db425c3df0,
0x000002db425c4480, 0x000002db425c4b10, 0x000002db41b82460, 0x000002db41b83ea0,
0x000002db41b84530, 0x000002db41b83810, 0x000002db41b810b0, 0x000002db41b83180,
0x000002db41b84bc0, 0x000002db41b81740, 0x000002db41b85250, 0x000002db41b85f70,
0x000002db41b82af0, 0x000002db43ff8460, 0x000002db43ff9810, 0x000002db43ffa530,
0x000002db43ff9180, 0x000002db43ff9ea0, 0x000002db43ff70b0, 0x000002db43ffd320,
0x000002db43ffe040, 0x000002db43ffb250, 0x000002db43ffb8e0, 0x000002db43ffcc90,
0x000002db43ffbf70, 0x000002db43ffc600, 0x000002db43ffabc0, 0x000002db43ffd9b0,
0x000002db43ffe6d0, 0x000002db43554d80, 0x000002db43555aa0, 0x000002db43556e50,
0x000002db435574e0, 0x000002db43557b70, 0x000002db43558200, 0x000002db43558890,
0x000002db43555410, 0x000002db43558f20, 0x000002db435595b0, 0x000002db43556130,
0x000002db4355a2d0, 0x000002db43559c40, 0x000002db4355a960, 0x000002db4355aff0,
0x000002db4355b680, 0x000002db4355c3a0, 0x000002db4355bd10, 0x000002db4479ef10,
0x000002db4479db60, 0x000002db4479f5a0, 0x000002db4479ce40, 0x000002db4479fc30,
0x000002db4479d4d0, 0x000002db4479e1f0, 0x000002db4479e880, 0x000002db4479c7b0,
0x000002db447a0950, 0x000002db447a3740, 0x000002db447a02c0, 0x000002db447a1d00,
0x000002db447a2a20, 0x000002db447a1670, 0x000002db447a2390, 0x000002db447a0fe0,
0x000002db447a30b0, 0x000002db447a3dd0, 0x000002db44771270, 0x000002db44770550,
0x000002db44772cb0, 0x000002db44771900, 0x000002db447739d0, 0x000002db44771f90,
0x000002db44772620, 0x000002db44773340, 0x000002db44774060, 0x000002db44770be0,
0x000002db447746f0, 0x000002db447774e0, 0x000002db44775410, 0x000002db44775aa0,
0x000002db44777b70, 0x000002db44774d80, 0x000002db447767c0, 0x000002db44776e50,
0x000002db43b76f20, 0x000002db43b775b0, 0x000002db43b74130, 0x000002db43b76200,
0x000002db43b747c0, 0x000002db43b754e0, 0x000002db43b76890, 0x000002db43b74e50,
0x000002db444bbe60, 0x000002db444baab0, 0x000002db444bb140, 0x000002db444bc4f0,
0x000002db444b9070
}

Java Threads: ( => current thread )
  0x000002db2612a990 JavaThread "main"                              [_thread_blocked, id=30636, stack(0x000000f24c600000,0x000000f24c700000) (1024K)]
  0x000002db280c6ba0 JavaThread "Common-Cleaner"             daemon [_thread_blocked, id=26704, stack(0x000000f24c900000,0x000000f24ca00000) (1024K)]
  0x000002db280c9ec0 JavaThread "Reference Handler"          daemon [_thread_blocked, id=36312, stack(0x000000f24ca00000,0x000000f24cb00000) (1024K)]
  0x000002db280cbb10 JavaThread "Finalizer"                  daemon [_thread_blocked, id=30316, stack(0x000000f24cb00000,0x000000f24cc00000) (1024K)]
  0x000002db28105980 JavaThread "Signal Dispatcher"          daemon [_thread_blocked, id=29708, stack(0x000000f24cc00000,0x000000f24cd00000) (1024K)]
  0x000002db281063e0 JavaThread "Attach Listener"            daemon [_thread_blocked, id=36592, stack(0x000000f24cd00000,0x000000f24ce00000) (1024K)]
  0x000002db281099c0 JavaThread "Service Thread"             daemon [_thread_blocked, id=37924, stack(0x000000f24ce00000,0x000000f24cf00000) (1024K)]
  0x000002db2810dee0 JavaThread "Monitor Deflation Thread"   daemon [_thread_blocked, id=8244, stack(0x000000f24cf00000,0x000000f24d000000) (1024K)]
=>0x000002db28116140 JavaThread "C2 CompilerThread0"         daemon [_thread_in_native, id=32152, stack(0x000000f24d000000,0x000000f24d100000) (1024K)]
  0x000002db281187b0 JavaThread "C1 CompilerThread0"         daemon [_thread_in_native, id=24012, stack(0x000000f24d100000,0x000000f24d200000) (1024K)]
  0x000002db3a8489e0 JavaThread "Notification Thread"        daemon [_thread_blocked, id=31040, stack(0x000000f24d200000,0x000000f24d300000) (1024K)]
  0x000002db3ff4bf00 JavaThread "Daemon health stats"               [_thread_blocked, id=31832, stack(0x000000f24d300000,0x000000f24d400000) (1024K)]
  0x000002db3f975cf0 JavaThread "Incoming local TCP Connector on port 54794"        [_thread_in_native, id=35660, stack(0x000000f24d400000,0x000000f24d500000) (1024K)]
  0x000002db40d06c70 JavaThread "Daemon periodic checks"            [_thread_blocked, id=1424, stack(0x000000f24d500000,0x000000f24d600000) (1024K)]
  0x000002db3f03a7e0 JavaThread "Daemon"                            [_thread_blocked, id=32024, stack(0x000000f24d600000,0x000000f24d700000) (1024K)]
  0x000002db3fdb5940 JavaThread "Handler for socket connection from /127.0.0.1:54794 to /127.0.0.1:54795"        [_thread_in_native, id=28564, stack(0x000000f24d700000,0x000000f24d800000) (1024K)]
  0x000002db3fea5b50 JavaThread "Cancel handler"                    [_thread_blocked, id=34776, stack(0x000000f24d800000,0x000000f24d900000) (1024K)]
  0x000002db3fea54c0 JavaThread "Daemon worker"                     [_thread_blocked, id=35684, stack(0x000000f24d900000,0x000000f24da00000) (1024K)]
  0x000002db3fea6870 JavaThread "Asynchronous log dispatcher for DefaultDaemonConnection: socket connection from /127.0.0.1:54794 to /127.0.0.1:54795"        [_thread_blocked, id=23536, stack(0x000000f24da00000,0x000000f24db00000) (1024K)]
  0x000002db3fea8940 JavaThread "Stdin handler"                     [_thread_blocked, id=38888, stack(0x000000f24db00000,0x000000f24dc00000) (1024K)]
  0x000002db3fea82b0 JavaThread "Daemon client event forwarder"        [_thread_blocked, id=35108, stack(0x000000f24dc00000,0x000000f24dd00000) (1024K)]
  0x000002db3fea7590 JavaThread "Cache worker for journal cache (C:\Users\rajku\.gradle\caches\journal-1)"        [_thread_blocked, id=30180, stack(0x000000f24dd00000,0x000000f24de00000) (1024K)]
  0x000002db3fea7c20 JavaThread "File lock request listener"        [_thread_in_native, id=31944, stack(0x000000f24de00000,0x000000f24df00000) (1024K)]
  0x000002db3fea6f00 JavaThread "Cache worker for file hash cache (C:\Users\rajku\.gradle\caches\8.5\fileHashes)"        [_thread_blocked, id=36252, stack(0x000000f24df00000,0x000000f24e000000) (1024K)]
  0x000002db425bef30 JavaThread "Cache worker for checksums cache (D:\itantra\mobile_app_apk\android\.gradle\8.5\checksums)"        [_thread_blocked, id=35416, stack(0x000000f24e000000,0x000000f24e100000) (1024K)]
  0x000002db425be8a0 JavaThread "Cache worker for file hash cache (D:\itantra\mobile_app_apk\android\.gradle\8.5\fileHashes)"        [_thread_blocked, id=35172, stack(0x000000f24e100000,0x000000f24e200000) (1024K)]
  0x000002db425c0970 JavaThread "Cache worker for cache directory md-supplier (C:\Users\rajku\.gradle\caches\8.5\md-supplier)"        [_thread_blocked, id=35668, stack(0x000000f24e200000,0x000000f24e300000) (1024K)]
  0x000002db425bf5c0 JavaThread "Cache worker for cache directory md-rule (C:\Users\rajku\.gradle\caches\8.5\md-rule)"        [_thread_blocked, id=33852, stack(0x000000f24e300000,0x000000f24e400000) (1024K)]
  0x000002db425bfc50 JavaThread "Cache worker for file content cache (C:\Users\rajku\.gradle\caches\8.5\fileContent)"        [_thread_blocked, id=35004, stack(0x000000f24e400000,0x000000f24e500000) (1024K)]
  0x000002db425bd4f0 JavaThread "Cache worker for execution history cache (C:\Users\rajku\.gradle\caches\8.5\executionHistory)"        [_thread_blocked, id=7644, stack(0x000000f24e500000,0x000000f24e600000) (1024K)]
  0x000002db425bdb80 JavaThread "jar transforms"                    [_thread_blocked, id=34492, stack(0x000000f24e600000,0x000000f24e700000) (1024K)]
  0x000002db425c1690 JavaThread "jar transforms Thread 2"           [_thread_blocked, id=29780, stack(0x000000f24e700000,0x000000f24e800000) (1024K)]
  0x000002db425be210 JavaThread "Cache worker for dependencies-accessors (D:\itantra\mobile_app_apk\android\.gradle\8.5\dependencies-accessors)"        [_thread_blocked, id=34092, stack(0x000000f24e800000,0x000000f24e900000) (1024K)]
  0x000002db425c1d20 JavaThread "jar transforms Thread 3"           [_thread_blocked, id=29448, stack(0x000000f24e900000,0x000000f24ea00000) (1024K)]
  0x000002db425c23b0 JavaThread "Cache worker for Build Output Cleanup Cache (D:\itantra\mobile_app_apk\android\.gradle\buildOutputCleanup)"        [_thread_blocked, id=18912, stack(0x000000f24ea00000,0x000000f24eb00000) (1024K)]
  0x000002db425c3df0 JavaThread "Unconstrained build operations"        [_thread_blocked, id=36908, stack(0x000000f24eb00000,0x000000f24ec00000) (1024K)]
  0x000002db425c4480 JavaThread "Unconstrained build operations Thread 2"        [_thread_blocked, id=5324, stack(0x000000f24ec00000,0x000000f24ed00000) (1024K)]
  0x000002db425c4b10 JavaThread "Unconstrained build operations Thread 3"        [_thread_blocked, id=33732, stack(0x000000f24ed00000,0x000000f24ee00000) (1024K)]
  0x000002db41b82460 JavaThread "Unconstrained build operations Thread 4"        [_thread_blocked, id=21952, stack(0x000000f24ee00000,0x000000f24ef00000) (1024K)]
  0x000002db41b83ea0 JavaThread "Unconstrained build operations Thread 5"        [_thread_blocked, id=32732, stack(0x000000f24ef00000,0x000000f24f000000) (1024K)]
  0x000002db41b84530 JavaThread "Unconstrained build operations Thread 6"        [_thread_blocked, id=31720, stack(0x000000f24f000000,0x000000f24f100000) (1024K)]
  0x000002db41b83810 JavaThread "Unconstrained build operations Thread 7"        [_thread_blocked, id=28108, stack(0x000000f24f100000,0x000000f24f200000) (1024K)]
  0x000002db41b810b0 JavaThread "jar transforms Thread 4"           [_thread_blocked, id=23084, stack(0x000000f24f200000,0x000000f24f300000) (1024K)]
  0x000002db41b83180 JavaThread "jar transforms Thread 5"           [_thread_blocked, id=22916, stack(0x000000f24f300000,0x000000f24f400000) (1024K)]
  0x000002db41b84bc0 JavaThread "jar transforms Thread 6"           [_thread_blocked, id=36852, stack(0x000000f24f400000,0x000000f24f500000) (1024K)]
  0x000002db41b81740 JavaThread "jar transforms Thread 7"           [_thread_blocked, id=31848, stack(0x000000f24f500000,0x000000f24f600000) (1024K)]
  0x000002db41b85250 JavaThread "jar transforms Thread 8"           [_thread_blocked, id=36072, stack(0x000000f24f600000,0x000000f24f700000) (1024K)]
  0x000002db41b85f70 JavaThread "Memory manager"                    [_thread_blocked, id=36348, stack(0x000000f24f700000,0x000000f24f800000) (1024K)]
  0x000002db41b82af0 JavaThread "build event listener"              [_thread_blocked, id=17832, stack(0x000000f24f800000,0x000000f24f900000) (1024K)]
  0x000002db43ff8460 JavaThread "included builds"                   [_thread_blocked, id=2088, stack(0x000000f24f900000,0x000000f24fa00000) (1024K)]
  0x000002db43ff9810 JavaThread "Execution worker"                  [_thread_blocked, id=32144, stack(0x000000f24fa00000,0x000000f24fb00000) (1024K)]
  0x000002db43ffa530 JavaThread "Execution worker Thread 2"         [_thread_blocked, id=38328, stack(0x000000f24fb00000,0x000000f24fc00000) (1024K)]
  0x000002db43ff9180 JavaThread "Execution worker Thread 3"         [_thread_blocked, id=22544, stack(0x000000f24fc00000,0x000000f24fd00000) (1024K)]
  0x000002db43ff9ea0 JavaThread "Execution worker Thread 4"         [_thread_blocked, id=31536, stack(0x000000f24fd00000,0x000000f24fe00000) (1024K)]
  0x000002db43ff70b0 JavaThread "Execution worker Thread 5"         [_thread_blocked, id=16816, stack(0x000000f24fe00000,0x000000f24ff00000) (1024K)]
  0x000002db43ffd320 JavaThread "Execution worker Thread 6"         [_thread_blocked, id=36436, stack(0x000000f24ff00000,0x000000f250000000) (1024K)]
  0x000002db43ffe040 JavaThread "Execution worker Thread 7"         [_thread_blocked, id=22904, stack(0x000000f250000000,0x000000f250100000) (1024K)]
  0x000002db43ffb250 JavaThread "Cache worker for execution history cache (D:\itantra\mobile_app_apk\android\.gradle\8.5\executionHistory)"        [_thread_blocked, id=22144, stack(0x000000f250100000,0x000000f250200000) (1024K)]
  0x000002db43ffb8e0 JavaThread "Unconstrained build operations Thread 8"        [_thread_blocked, id=35764, stack(0x000000f250200000,0x000000f250300000) (1024K)]
  0x000002db43ffcc90 JavaThread "Unconstrained build operations Thread 9"        [_thread_blocked, id=37468, stack(0x000000f250300000,0x000000f250400000) (1024K)]
  0x000002db43ffbf70 JavaThread "Unconstrained build operations Thread 10"        [_thread_blocked, id=36668, stack(0x000000f250400000,0x000000f250500000) (1024K)]
  0x000002db43ffc600 JavaThread "Unconstrained build operations Thread 11"        [_thread_blocked, id=33500, stack(0x000000f250500000,0x000000f250600000) (1024K)]
  0x000002db43ffabc0 JavaThread "Unconstrained build operations Thread 12"        [_thread_blocked, id=36568, stack(0x000000f250600000,0x000000f250700000) (1024K)]
  0x000002db43ffd9b0 JavaThread "Unconstrained build operations Thread 13"        [_thread_blocked, id=34800, stack(0x000000f250700000,0x000000f250800000) (1024K)]
  0x000002db43ffe6d0 JavaThread "Unconstrained build operations Thread 14"        [_thread_blocked, id=34716, stack(0x000000f250800000,0x000000f250900000) (1024K)]
  0x000002db43554d80 JavaThread "Unconstrained build operations Thread 15"        [_thread_blocked, id=30832, stack(0x000000f250900000,0x000000f250a00000) (1024K)]
  0x000002db43555aa0 JavaThread "Unconstrained build operations Thread 16"        [_thread_blocked, id=25924, stack(0x000000f250a00000,0x000000f250b00000) (1024K)]
  0x000002db43556e50 JavaThread "Unconstrained build operations Thread 17"        [_thread_blocked, id=14612, stack(0x000000f250b00000,0x000000f250c00000) (1024K)]
  0x000002db435574e0 JavaThread "Unconstrained build operations Thread 18"        [_thread_blocked, id=36044, stack(0x000000f250c00000,0x000000f250d00000) (1024K)]
  0x000002db43557b70 JavaThread "Unconstrained build operations Thread 19"        [_thread_blocked, id=15464, stack(0x000000f250d00000,0x000000f250e00000) (1024K)]
  0x000002db43558200 JavaThread "Unconstrained build operations Thread 20"        [_thread_blocked, id=33492, stack(0x000000f250e00000,0x000000f250f00000) (1024K)]
  0x000002db43558890 JavaThread "Unconstrained build operations Thread 21"        [_thread_blocked, id=31656, stack(0x000000f250f00000,0x000000f251000000) (1024K)]
  0x000002db43555410 JavaThread "Unconstrained build operations Thread 22"        [_thread_blocked, id=32396, stack(0x000000f251000000,0x000000f251100000) (1024K)]
  0x000002db43558f20 JavaThread "Unconstrained build operations Thread 23"        [_thread_blocked, id=14412, stack(0x000000f251100000,0x000000f251200000) (1024K)]
  0x000002db435595b0 JavaThread "Unconstrained build operations Thread 24"        [_thread_blocked, id=33340, stack(0x000000f251200000,0x000000f251300000) (1024K)]
  0x000002db43556130 JavaThread "Unconstrained build operations Thread 25"        [_thread_blocked, id=38684, stack(0x000000f251300000,0x000000f251400000) (1024K)]
  0x000002db4355a2d0 JavaThread "Unconstrained build operations Thread 26"        [_thread_blocked, id=35556, stack(0x000000f251400000,0x000000f251500000) (1024K)]
  0x000002db43559c40 JavaThread "Unconstrained build operations Thread 27"        [_thread_blocked, id=33688, stack(0x000000f251500000,0x000000f251600000) (1024K)]
  0x000002db4355a960 JavaThread "Unconstrained build operations Thread 28"        [_thread_blocked, id=5864, stack(0x000000f251600000,0x000000f251700000) (1024K)]
  0x000002db4355aff0 JavaThread "Unconstrained build operations Thread 29"        [_thread_blocked, id=36372, stack(0x000000f251700000,0x000000f251800000) (1024K)]
  0x000002db4355b680 JavaThread "Unconstrained build operations Thread 30"        [_thread_blocked, id=37260, stack(0x000000f251800000,0x000000f251900000) (1024K)]
  0x000002db4355c3a0 JavaThread "Unconstrained build operations Thread 31"        [_thread_blocked, id=38408, stack(0x000000f251900000,0x000000f251a00000) (1024K)]
  0x000002db4355bd10 JavaThread "Unconstrained build operations Thread 32"        [_thread_blocked, id=12636, stack(0x000000f251a00000,0x000000f251b00000) (1024K)]
  0x000002db4479ef10 JavaThread "Unconstrained build operations Thread 33"        [_thread_blocked, id=38056, stack(0x000000f251b00000,0x000000f251c00000) (1024K)]
  0x000002db4479db60 JavaThread "Unconstrained build operations Thread 34"        [_thread_blocked, id=21876, stack(0x000000f251c00000,0x000000f251d00000) (1024K)]
  0x000002db4479f5a0 JavaThread "Unconstrained build operations Thread 35"        [_thread_blocked, id=32860, stack(0x000000f251d00000,0x000000f251e00000) (1024K)]
  0x000002db4479ce40 JavaThread "Unconstrained build operations Thread 36"        [_thread_blocked, id=30740, stack(0x000000f251e00000,0x000000f251f00000) (1024K)]
  0x000002db4479fc30 JavaThread "Unconstrained build operations Thread 37"        [_thread_blocked, id=18600, stack(0x000000f251f00000,0x000000f252000000) (1024K)]
  0x000002db4479d4d0 JavaThread "Unconstrained build operations Thread 38"        [_thread_blocked, id=29912, stack(0x000000f252000000,0x000000f252100000) (1024K)]
  0x000002db4479e1f0 JavaThread "Unconstrained build operations Thread 39"        [_thread_blocked, id=31056, stack(0x000000f252100000,0x000000f252200000) (1024K)]
  0x000002db4479e880 JavaThread "Unconstrained build operations Thread 40"        [_thread_blocked, id=36856, stack(0x000000f252200000,0x000000f252300000) (1024K)]
  0x000002db4479c7b0 JavaThread "Unconstrained build operations Thread 41"        [_thread_blocked, id=19228, stack(0x000000f252300000,0x000000f252400000) (1024K)]
  0x000002db447a0950 JavaThread "Unconstrained build operations Thread 42"        [_thread_blocked, id=29956, stack(0x000000f252400000,0x000000f252500000) (1024K)]
  0x000002db447a3740 JavaThread "Unconstrained build operations Thread 43"        [_thread_blocked, id=10348, stack(0x000000f252500000,0x000000f252600000) (1024K)]
  0x000002db447a02c0 JavaThread "Unconstrained build operations Thread 44"        [_thread_blocked, id=35184, stack(0x000000f252600000,0x000000f252700000) (1024K)]
  0x000002db447a1d00 JavaThread "Unconstrained build operations Thread 45"        [_thread_blocked, id=32380, stack(0x000000f252700000,0x000000f252800000) (1024K)]
  0x000002db447a2a20 JavaThread "Unconstrained build operations Thread 46"        [_thread_blocked, id=33664, stack(0x000000f252800000,0x000000f252900000) (1024K)]
  0x000002db447a1670 JavaThread "Unconstrained build operations Thread 47"        [_thread_blocked, id=13332, stack(0x000000f252900000,0x000000f252a00000) (1024K)]
  0x000002db447a2390 JavaThread "Unconstrained build operations Thread 48"        [_thread_blocked, id=31244, stack(0x000000f252a00000,0x000000f252b00000) (1024K)]
  0x000002db447a0fe0 JavaThread "Unconstrained build operations Thread 49"        [_thread_blocked, id=23988, stack(0x000000f252b00000,0x000000f252c00000) (1024K)]
  0x000002db447a30b0 JavaThread "Unconstrained build operations Thread 50"        [_thread_blocked, id=37256, stack(0x000000f252c00000,0x000000f252d00000) (1024K)]
  0x000002db447a3dd0 JavaThread "Unconstrained build operations Thread 51"        [_thread_blocked, id=18792, stack(0x000000f252d00000,0x000000f252e00000) (1024K)]
  0x000002db44771270 JavaThread "Unconstrained build operations Thread 52"        [_thread_blocked, id=33388, stack(0x000000f252e00000,0x000000f252f00000) (1024K)]
  0x000002db44770550 JavaThread "Unconstrained build operations Thread 53"        [_thread_blocked, id=31600, stack(0x000000f252f00000,0x000000f253000000) (1024K)]
  0x000002db44772cb0 JavaThread "Unconstrained build operations Thread 54"        [_thread_blocked, id=30620, stack(0x000000f253000000,0x000000f253100000) (1024K)]
  0x000002db44771900 JavaThread "Unconstrained build operations Thread 55"        [_thread_blocked, id=6440, stack(0x000000f253100000,0x000000f253200000) (1024K)]
  0x000002db447739d0 JavaThread "Unconstrained build operations Thread 56"        [_thread_blocked, id=36868, stack(0x000000f253200000,0x000000f253300000) (1024K)]
  0x000002db44771f90 JavaThread "Unconstrained build operations Thread 57"        [_thread_blocked, id=25528, stack(0x000000f253300000,0x000000f253400000) (1024K)]
  0x000002db44772620 JavaThread "Unconstrained build operations Thread 58"        [_thread_blocked, id=35064, stack(0x000000f253400000,0x000000f253500000) (1024K)]
  0x000002db44773340 JavaThread "Unconstrained build operations Thread 59"        [_thread_blocked, id=37572, stack(0x000000f253500000,0x000000f253600000) (1024K)]
  0x000002db44774060 JavaThread "Unconstrained build operations Thread 60"        [_thread_blocked, id=18032, stack(0x000000f253600000,0x000000f253700000) (1024K)]
  0x000002db44770be0 JavaThread "Unconstrained build operations Thread 61"        [_thread_blocked, id=36368, stack(0x000000f253700000,0x000000f253800000) (1024K)]
  0x000002db447746f0 JavaThread "Unconstrained build operations Thread 62"        [_thread_blocked, id=22032, stack(0x000000f253800000,0x000000f253900000) (1024K)]
  0x000002db447774e0 JavaThread "Unconstrained build operations Thread 63"        [_thread_blocked, id=33780, stack(0x000000f253900000,0x000000f253a00000) (1024K)]
  0x000002db44775410 JavaThread "Unconstrained build operations Thread 64"        [_thread_blocked, id=32200, stack(0x000000f253a00000,0x000000f253b00000) (1024K)]
  0x000002db44775aa0 JavaThread "Unconstrained build operations Thread 65"        [_thread_blocked, id=29300, stack(0x000000f253b00000,0x000000f253c00000) (1024K)]
  0x000002db44777b70 JavaThread "Unconstrained build operations Thread 66"        [_thread_blocked, id=4908, stack(0x000000f253c00000,0x000000f253d00000) (1024K)]
  0x000002db44774d80 JavaThread "Unconstrained build operations Thread 67"        [_thread_blocked, id=32720, stack(0x000000f253d00000,0x000000f253e00000) (1024K)]
  0x000002db447767c0 JavaThread "WorkerExecutor Queue"              [_thread_blocked, id=35916, stack(0x000000f253e00000,0x000000f253f00000) (1024K)]
  0x000002db44776e50 JavaThread "pool-2-thread-1"                   [_thread_in_Java, id=29832, stack(0x000000f253f00000,0x000000f254000000) (1024K)]
  0x000002db43b76f20 JavaThread "Unconstrained build operations Thread 68"        [_thread_blocked, id=25452, stack(0x000000f254000000,0x000000f254100000) (1024K)]
  0x000002db43b775b0 JavaThread "Unconstrained build operations Thread 69"        [_thread_blocked, id=24048, stack(0x000000f254100000,0x000000f254200000) (1024K)]
  0x000002db43b74130 JavaThread "Unconstrained build operations Thread 70"        [_thread_blocked, id=22224, stack(0x000000f254200000,0x000000f254300000) (1024K)]
  0x000002db43b76200 JavaThread "Unconstrained build operations Thread 71"        [_thread_blocked, id=34572, stack(0x000000f254300000,0x000000f254400000) (1024K)]
  0x000002db43b747c0 JavaThread "Unconstrained build operations Thread 72"        [_thread_blocked, id=30176, stack(0x000000f254400000,0x000000f254500000) (1024K)]
  0x000002db43b754e0 JavaThread "Unconstrained build operations Thread 73"        [_thread_blocked, id=33616, stack(0x000000f254500000,0x000000f254600000) (1024K)]
  0x000002db43b76890 JavaThread "Unconstrained build operations Thread 74"        [_thread_blocked, id=35992, stack(0x000000f254600000,0x000000f254700000) (1024K)]
  0x000002db43b74e50 JavaThread "Unconstrained build operations Thread 75"        [_thread_blocked, id=12276, stack(0x000000f254700000,0x000000f254800000) (1024K)]
  0x000002db444bbe60 JavaThread "Unconstrained build operations Thread 76"        [_thread_blocked, id=35876, stack(0x000000f254800000,0x000000f254900000) (1024K)]
  0x000002db444baab0 JavaThread "Unconstrained build operations Thread 77"        [_thread_blocked, id=31376, stack(0x000000f254900000,0x000000f254a00000) (1024K)]
  0x000002db444bb140 JavaThread "Unconstrained build operations Thread 78"        [_thread_blocked, id=30600, stack(0x000000f254a00000,0x000000f254b00000) (1024K)]
  0x000002db444bc4f0 JavaThread "Unconstrained build operations Thread 79"        [_thread_blocked, id=32560, stack(0x000000f254b00000,0x000000f254c00000) (1024K)]
  0x000002db444b9070 JavaThread "Unconstrained build operations Thread 80"        [_thread_blocked, id=32280, stack(0x000000f254c00000,0x000000f254d00000) (1024K)]
Total: 133

Other Threads:
  0x000002db285040d0 VMThread "VM Thread"                           [id=22108, stack(0x000000f24c800000,0x000000f24c900000) (1024K)]
  0x000002db2803ca00 WatcherThread "VM Periodic Task Thread"        [id=37248, stack(0x000000f24c700000,0x000000f24c800000) (1024K)]
Total: 2

Threads with active compile tasks:
C2 CompilerThread0  61353 20508       4       org.jetbrains.kotlin.cli.jvm.index.JvmDependenciesIndexImpl::search (374 bytes)
C1 CompilerThread0  61353 20582       3       org.jetbrains.kotlin.ir.util.DescriptorSymbolTableExtension::calculateSignature (18 bytes)
Total: 2

VM state: not at safepoint (normal execution)

VM Mutex/Monitor currently owned by a thread: None

Heap address: 0x00000000e8000000, size: 384 MB, Compressed Oops mode: 32-bit

CDS archive(s) not mapped
Compressed class space mapped at: 0x0000000100000000-0x0000000140000000, reserved size: 1073741824
Narrow klass base: 0x0000000000000000, Narrow klass shift: 3, Narrow klass range: 0x140000000

GC Precious Log:
 CardTable entry size: 512
 CPUs: 8 total, 8 available
 Memory: 7835M
 Large Page Support: Disabled
 NUMA Support: Disabled
 Compressed Oops: Enabled (32-bit)
 Heap Min Capacity: 8M
 Heap Initial Capacity: 124M
 Heap Max Capacity: 384M
 Pre-touch: Disabled

Heap:
 def new generation   total 105536K, used 19612K [0x00000000e8000000, 0x00000000ef280000, 0x00000000f0000000)
  eden space 93824K,  20% used [0x00000000e8000000, 0x00000000e9327060, 0x00000000edba0000)
  from space 11712K,   0% used [0x00000000edba0000, 0x00000000edba0000, 0x00000000ee710000)
  to   space 11712K,   0% used [0x00000000ee710000, 0x00000000ee710000, 0x00000000ef280000)
 tenured generation   total 233104K, used 139861K [0x00000000f0000000, 0x00000000fe3a4000, 0x0000000100000000)
   the space 233104K,  59% used [0x00000000f0000000, 0x00000000f8895478, 0x00000000f8895600, 0x00000000fe3a4000)
 Metaspace       used 160426K, committed 162752K, reserved 1245184K
  class space    used 21407K, committed 22528K, reserved 1048576K

Card table byte_map: [0x000002db27e00000,0x000002db27ed0000] _byte_map_base: 0x000002db276c0000

Polling page: 0x000002db262a0000

Metaspace:

Usage:
  Non-class:    135.76 MB used.
      Class:     20.91 MB used.
       Both:    156.67 MB used.

Virtual space:
  Non-class space:      192.00 MB reserved,     136.94 MB ( 71%) committed,  3 nodes.
      Class space:        1.00 GB reserved,      22.00 MB (  2%) committed,  1 nodes.
             Both:        1.19 GB reserved,     158.94 MB ( 13%) committed. 

Chunk freelists:
   Non-Class:  6.23 MB
       Class:  10.02 MB
        Both:  16.25 MB

MaxMetaspaceSize: unlimited
CompressedClassSpaceSize: 1.00 GB
Initial GC threshold: 21.00 MB
Current GC threshold: 261.25 MB
CDS: off
 - commit_granule_bytes: 65536.
 - commit_granule_words: 8192.
 - virtual_space_node_default_size: 8388608.
 - enlarge_chunks_in_place: 1.
 - use_allocation_guard: 0.


Internal statistics:

num_allocs_failed_limit: 12.
num_arena_births: 4632.
num_arena_deaths: 2.
num_vsnodes_births: 4.
num_vsnodes_deaths: 0.
num_space_committed: 2541.
num_space_uncommitted: 0.
num_chunks_returned_to_freelist: 15.
num_chunks_taken_from_freelist: 11071.
num_chunk_merges: 12.
num_chunk_splits: 7659.
num_chunks_enlarged: 5274.
num_inconsistent_stats: 0.

CodeHeap 'non-profiled nmethods': size=120000Kb used=8805Kb max_used=10219Kb free=111194Kb
 bounds [0x000002db33090000, 0x000002db33a90000, 0x000002db3a5c0000]
CodeHeap 'profiled nmethods': size=120000Kb used=41322Kb max_used=46503Kb free=78678Kb
 bounds [0x000002db2b5c0000, 0x000002db2e330000, 0x000002db32af0000]
CodeHeap 'non-nmethods': size=5760Kb used=2583Kb max_used=2587Kb free=3176Kb
 bounds [0x000002db32af0000, 0x000002db32d80000, 0x000002db33090000]
CodeCache: size=245760Kb, used=52710Kb, max_used=59309Kb, free=193048Kb
 total_blobs=18281, nmethods=17176, adapters=1008, full_count=0
Compilation: enabled, stopped_count=0, restarted_count=0

Compilation events (20 events):
Event: 60.213 Thread 0x000002db281187b0 20523       3       org.jetbrains.kotlin.serialization.deserialization.DeserializationContext::childContext$default (68 bytes)
Event: 60.213 Thread 0x000002db281187b0 nmethod 20523 0x000002db2b6ba290 code [0x000002db2b6ba440, 0x000002db2b6ba660]
Event: 60.213 Thread 0x000002db281187b0 20524       2       org.jetbrains.kotlin.descriptors.impl.FunctionDescriptorImpl::initialize (296 bytes)
Event: 60.216 Thread 0x000002db281187b0 nmethod 20524 0x000002db2cd6fb90 code [0x000002db2cd6ff20, 0x000002db2cd70bf0]
Event: 60.244 Thread 0x000002db281187b0 20525       3       org.jetbrains.kotlin.com.intellij.openapi.editor.impl.LineSet::isLastEmptyLine (25 bytes)
Event: 60.245 Thread 0x000002db281187b0 nmethod 20525 0x000002db2b5e1390 code [0x000002db2b5e1540, 0x000002db2b5e1880]
Event: 60.245 Thread 0x000002db281187b0 20527       3       org.jetbrains.kotlin.com.intellij.openapi.editor.impl.LineSet::getSeparatorLengthUnsafe (22 bytes)
Event: 60.245 Thread 0x000002db281187b0 nmethod 20527 0x000002db2b5c3210 code [0x000002db2b5c33c0, 0x000002db2b5c3568]
Event: 60.246 Thread 0x000002db281187b0 20526   !   3       org.jetbrains.kotlin.com.intellij.openapi.editor.impl.DocumentImpl::getLineSet (50 bytes)
Event: 60.246 Thread 0x000002db281187b0 nmethod 20526 0x000002db2b645010 code [0x000002db2b6451e0, 0x000002db2b645520]
Event: 60.246 Thread 0x000002db281187b0 20529       3       org.jetbrains.kotlin.com.intellij.openapi.editor.impl.LineSet::hasEol (18 bytes)
Event: 60.247 Thread 0x000002db281187b0 nmethod 20529 0x000002db2b61f390 code [0x000002db2b61f540, 0x000002db2b61f788]
Event: 60.247 Thread 0x000002db281187b0 20528       3       org.jetbrains.kotlin.com.intellij.openapi.editor.impl.LineSet::getLineCount (24 bytes)
Event: 60.247 Thread 0x000002db281187b0 nmethod 20528 0x000002db2b6a0910 code [0x000002db2b6a0ae0, 0x000002db2b6a0ef0]
Event: 60.247 Thread 0x000002db281187b0 20530       3       org.jetbrains.kotlin.com.intellij.openapi.editor.impl.LineSet::checkLineIndex (54 bytes)
Event: 60.249 Thread 0x000002db281187b0 nmethod 20530 0x000002db2b676d10 code [0x000002db2b676fe0, 0x000002db2b677e28]
Event: 60.249 Thread 0x000002db281187b0 20531       3       org.jetbrains.kotlin.com.intellij.openapi.editor.impl.DocumentImpl::getLineStartOffset (15 bytes)
Event: 60.250 Thread 0x000002db281187b0 nmethod 20531 0x000002db2b5efb90 code [0x000002db2b5efda0, 0x000002db2b5f0338]
Event: 60.250 Thread 0x000002db281187b0 20532       3       org.jetbrains.kotlin.com.intellij.openapi.editor.impl.LineSet::getLineStart (27 bytes)
Event: 60.250 Thread 0x000002db281187b0 nmethod 20532 0x000002db2b616310 code [0x000002db2b616500, 0x000002db2b616990]

GC Heap History (20 events):
Event: 31.797 GC heap before
{Heap before GC invocations=33 (full 4):
 def new generation   total 63104K, used 61040K [0x00000000e8000000, 0x00000000ec470000, 0x00000000f0000000)
  eden space 56128K, 100% used [0x00000000e8000000, 0x00000000eb6d0000, 0x00000000eb6d0000)
  from space 6976K,  70% used [0x00000000eb6d0000, 0x00000000ebb9c3f0, 0x00000000ebda0000)
  to   space 6976K,   0% used [0x00000000ebda0000, 0x00000000ebda0000, 0x00000000ec470000)
 tenured generation   total 139672K, used 93929K [0x00000000f0000000, 0x00000000f8866000, 0x0000000100000000)
   the space 139672K,  67% used [0x00000000f0000000, 0x00000000f5bba4e8, 0x00000000f5bba600, 0x00000000f8866000)
 Metaspace       used 110670K, committed 112640K, reserved 1179648K
  class space    used 15404K, committed 16384K, reserved 1048576K
}
Event: 31.821 GC heap after
{Heap after GC invocations=34 (full 4):
 def new generation   total 63104K, used 4550K [0x00000000e8000000, 0x00000000ec470000, 0x00000000f0000000)
  eden space 56128K,   0% used [0x00000000e8000000, 0x00000000e8000000, 0x00000000eb6d0000)
  from space 6976K,  65% used [0x00000000ebda0000, 0x00000000ec211950, 0x00000000ec470000)
  to   space 6976K,   0% used [0x00000000eb6d0000, 0x00000000eb6d0000, 0x00000000ebda0000)
 tenured generation   total 139672K, used 97953K [0x00000000f0000000, 0x00000000f8866000, 0x0000000100000000)
   the space 139672K,  70% used [0x00000000f0000000, 0x00000000f5fa8418, 0x00000000f5fa8600, 0x00000000f8866000)
 Metaspace       used 110670K, committed 112640K, reserved 1179648K
  class space    used 15404K, committed 16384K, reserved 1048576K
}
Event: 32.739 GC heap before
{Heap before GC invocations=34 (full 4):
 def new generation   total 63104K, used 60678K [0x00000000e8000000, 0x00000000ec470000, 0x00000000f0000000)
  eden space 56128K, 100% used [0x00000000e8000000, 0x00000000eb6d0000, 0x00000000eb6d0000)
  from space 6976K,  65% used [0x00000000ebda0000, 0x00000000ec211950, 0x00000000ec470000)
  to   space 6976K,   0% used [0x00000000eb6d0000, 0x00000000eb6d0000, 0x00000000ebda0000)
 tenured generation   total 139672K, used 97953K [0x00000000f0000000, 0x00000000f8866000, 0x0000000100000000)
   the space 139672K,  70% used [0x00000000f0000000, 0x00000000f5fa8418, 0x00000000f5fa8600, 0x00000000f8866000)
 Metaspace       used 115481K, committed 117440K, reserved 1179648K
  class space    used 16093K, committed 17088K, reserved 1048576K
}
Event: 32.782 GC heap after
{Heap after GC invocations=35 (full 4):
 def new generation   total 63104K, used 3311K [0x00000000e8000000, 0x00000000ec470000, 0x00000000f0000000)
  eden space 56128K,   0% used [0x00000000e8000000, 0x00000000e8000000, 0x00000000eb6d0000)
  from space 6976K,  47% used [0x00000000eb6d0000, 0x00000000eba0bc90, 0x00000000ebda0000)
  to   space 6976K,   0% used [0x00000000ebda0000, 0x00000000ebda0000, 0x00000000ec470000)
 tenured generation   total 139672K, used 101677K [0x00000000f0000000, 0x00000000f8866000, 0x0000000100000000)
   the space 139672K,  72% used [0x00000000f0000000, 0x00000000f634b778, 0x00000000f634b800, 0x00000000f8866000)
 Metaspace       used 115481K, committed 117440K, reserved 1179648K
  class space    used 16093K, committed 17088K, reserved 1048576K
}
Event: 35.215 GC heap before
{Heap before GC invocations=35 (full 4):
 def new generation   total 63104K, used 59439K [0x00000000e8000000, 0x00000000ec470000, 0x00000000f0000000)
  eden space 56128K, 100% used [0x00000000e8000000, 0x00000000eb6d0000, 0x00000000eb6d0000)
  from space 6976K,  47% used [0x00000000eb6d0000, 0x00000000eba0bc90, 0x00000000ebda0000)
  to   space 6976K,   0% used [0x00000000ebda0000, 0x00000000ebda0000, 0x00000000ec470000)
 tenured generation   total 139672K, used 101677K [0x00000000f0000000, 0x00000000f8866000, 0x0000000100000000)
   the space 139672K,  72% used [0x00000000f0000000, 0x00000000f634b778, 0x00000000f634b800, 0x00000000f8866000)
 Metaspace       used 126976K, committed 128896K, reserved 1179648K
  class space    used 17948K, committed 18880K, reserved 1048576K
}
Event: 35.246 GC heap after
{Heap after GC invocations=36 (full 4):
 def new generation   total 63104K, used 6976K [0x00000000e8000000, 0x00000000ec470000, 0x00000000f0000000)
  eden space 56128K,   0% used [0x00000000e8000000, 0x00000000e8000000, 0x00000000eb6d0000)
  from space 6976K, 100% used [0x00000000ebda0000, 0x00000000ec470000, 0x00000000ec470000)
  to   space 6976K,   0% used [0x00000000eb6d0000, 0x00000000eb6d0000, 0x00000000ebda0000)
 tenured generation   total 139672K, used 105336K [0x00000000f0000000, 0x00000000f8866000, 0x0000000100000000)
   the space 139672K,  75% used [0x00000000f0000000, 0x00000000f66de130, 0x00000000f66de200, 0x00000000f8866000)
 Metaspace       used 126976K, committed 128896K, reserved 1179648K
  class space    used 17948K, committed 18880K, reserved 1048576K
}
Event: 37.038 GC heap before
{Heap before GC invocations=36 (full 4):
 def new generation   total 63104K, used 63104K [0x00000000e8000000, 0x00000000ec470000, 0x00000000f0000000)
  eden space 56128K, 100% used [0x00000000e8000000, 0x00000000eb6d0000, 0x00000000eb6d0000)
  from space 6976K, 100% used [0x00000000ebda0000, 0x00000000ec470000, 0x00000000ec470000)
  to   space 6976K,   0% used [0x00000000eb6d0000, 0x00000000eb6d0000, 0x00000000ebda0000)
 tenured generation   total 139672K, used 105336K [0x00000000f0000000, 0x00000000f8866000, 0x0000000100000000)
   the space 139672K,  75% used [0x00000000f0000000, 0x00000000f66de130, 0x00000000f66de200, 0x00000000f8866000)
 Metaspace       used 135638K, committed 137920K, reserved 1179648K
  class space    used 18922K, committed 20032K, reserved 1048576K
}
Event: 37.065 GC heap after
{Heap after GC invocations=37 (full 4):
 def new generation   total 63104K, used 4461K [0x00000000e8000000, 0x00000000ec470000, 0x00000000f0000000)
  eden space 56128K,   0% used [0x00000000e8000000, 0x00000000e8000000, 0x00000000eb6d0000)
  from space 6976K,  63% used [0x00000000eb6d0000, 0x00000000ebb2b418, 0x00000000ebda0000)
  to   space 6976K,   0% used [0x00000000ebda0000, 0x00000000ebda0000, 0x00000000ec470000)
 tenured generation   total 139672K, used 110522K [0x00000000f0000000, 0x00000000f8866000, 0x0000000100000000)
   the space 139672K,  79% used [0x00000000f0000000, 0x00000000f6beeb78, 0x00000000f6beec00, 0x00000000f8866000)
 Metaspace       used 135638K, committed 137920K, reserved 1179648K
  class space    used 18922K, committed 20032K, reserved 1048576K
}
Event: 38.961 GC heap before
{Heap before GC invocations=37 (full 4):
 def new generation   total 63104K, used 60589K [0x00000000e8000000, 0x00000000ec470000, 0x00000000f0000000)
  eden space 56128K, 100% used [0x00000000e8000000, 0x00000000eb6d0000, 0x00000000eb6d0000)
  from space 6976K,  63% used [0x00000000eb6d0000, 0x00000000ebb2b418, 0x00000000ebda0000)
  to   space 6976K,   0% used [0x00000000ebda0000, 0x00000000ebda0000, 0x00000000ec470000)
 tenured generation   total 139672K, used 110522K [0x00000000f0000000, 0x00000000f8866000, 0x0000000100000000)
   the space 139672K,  79% used [0x00000000f0000000, 0x00000000f6beeb78, 0x00000000f6beec00, 0x00000000f8866000)
 Metaspace       used 142215K, committed 144512K, reserved 1179648K
  class space    used 19707K, committed 20864K, reserved 1048576K
}
Event: 38.989 GC heap after
{Heap after GC invocations=38 (full 4):
 def new generation   total 63104K, used 6494K [0x00000000e8000000, 0x00000000ec470000, 0x00000000f0000000)
  eden space 56128K,   0% used [0x00000000e8000000, 0x00000000e8000000, 0x00000000eb6d0000)
  from space 6976K,  93% used [0x00000000ebda0000, 0x00000000ec3f7888, 0x00000000ec470000)
  to   space 6976K,   0% used [0x00000000eb6d0000, 0x00000000eb6d0000, 0x00000000ebda0000)
 tenured generation   total 139672K, used 114860K [0x00000000f0000000, 0x00000000f8866000, 0x0000000100000000)
   the space 139672K,  82% used [0x00000000f0000000, 0x00000000f702b250, 0x00000000f702b400, 0x00000000f8866000)
 Metaspace       used 142215K, committed 144512K, reserved 1179648K
  class space    used 19707K, committed 20864K, reserved 1048576K
}
Event: 41.174 GC heap before
{Heap before GC invocations=38 (full 4):
 def new generation   total 63104K, used 62622K [0x00000000e8000000, 0x00000000ec470000, 0x00000000f0000000)
  eden space 56128K, 100% used [0x00000000e8000000, 0x00000000eb6d0000, 0x00000000eb6d0000)
  from space 6976K,  93% used [0x00000000ebda0000, 0x00000000ec3f7888, 0x00000000ec470000)
  to   space 6976K,   0% used [0x00000000eb6d0000, 0x00000000eb6d0000, 0x00000000ebda0000)
 tenured generation   total 139672K, used 114860K [0x00000000f0000000, 0x00000000f8866000, 0x0000000100000000)
   the space 139672K,  82% used [0x00000000f0000000, 0x00000000f702b250, 0x00000000f702b400, 0x00000000f8866000)
 Metaspace       used 147382K, committed 149632K, reserved 1179648K
  class space    used 20186K, committed 21312K, reserved 1048576K
}
Event: 41.223 GC heap after
{Heap after GC invocations=39 (full 4):
 def new generation   total 63104K, used 5784K [0x00000000e8000000, 0x00000000ec470000, 0x00000000f0000000)
  eden space 56128K,   0% used [0x00000000e8000000, 0x00000000e8000000, 0x00000000eb6d0000)
  from space 6976K,  82% used [0x00000000eb6d0000, 0x00000000ebc76390, 0x00000000ebda0000)
  to   space 6976K,   0% used [0x00000000ebda0000, 0x00000000ebda0000, 0x00000000ec470000)
 tenured generation   total 139672K, used 121286K [0x00000000f0000000, 0x00000000f8866000, 0x0000000100000000)
   the space 139672K,  86% used [0x00000000f0000000, 0x00000000f76718e8, 0x00000000f7671a00, 0x00000000f8866000)
 Metaspace       used 147382K, committed 149632K, reserved 1179648K
  class space    used 20186K, committed 21312K, reserved 1048576K
}
Event: 43.823 GC heap before
{Heap before GC invocations=39 (full 4):
 def new generation   total 63104K, used 61912K [0x00000000e8000000, 0x00000000ec470000, 0x00000000f0000000)
  eden space 56128K, 100% used [0x00000000e8000000, 0x00000000eb6d0000, 0x00000000eb6d0000)
  from space 6976K,  82% used [0x00000000eb6d0000, 0x00000000ebc76390, 0x00000000ebda0000)
  to   space 6976K,   0% used [0x00000000ebda0000, 0x00000000ebda0000, 0x00000000ec470000)
 tenured generation   total 139672K, used 121286K [0x00000000f0000000, 0x00000000f8866000, 0x0000000100000000)
   the space 139672K,  86% used [0x00000000f0000000, 0x00000000f76718e8, 0x00000000f7671a00, 0x00000000f8866000)
 Metaspace       used 151465K, committed 153792K, reserved 1245184K
  class space    used 20635K, committed 21760K, reserved 1048576K
}
Event: 43.879 GC heap after
{Heap after GC invocations=40 (full 4):
 def new generation   total 63104K, used 6976K [0x00000000e8000000, 0x00000000ec470000, 0x00000000f0000000)
  eden space 56128K,   0% used [0x00000000e8000000, 0x00000000e8000000, 0x00000000eb6d0000)
  from space 6976K, 100% used [0x00000000ebda0000, 0x00000000ec470000, 0x00000000ec470000)
  to   space 6976K,   0% used [0x00000000eb6d0000, 0x00000000eb6d0000, 0x00000000ebda0000)
 tenured generation   total 139672K, used 127912K [0x00000000f0000000, 0x00000000f8866000, 0x0000000100000000)
   the space 139672K,  91% used [0x00000000f0000000, 0x00000000f7cea3a0, 0x00000000f7cea400, 0x00000000f8866000)
 Metaspace       used 151465K, committed 153792K, reserved 1245184K
  class space    used 20635K, committed 21760K, reserved 1048576K
}
Event: 45.735 GC heap before
{Heap before GC invocations=40 (full 4):
 def new generation   total 63104K, used 49509K [0x00000000e8000000, 0x00000000ec470000, 0x00000000f0000000)
  eden space 56128K,  75% used [0x00000000e8000000, 0x00000000ea989648, 0x00000000eb6d0000)
  from space 6976K, 100% used [0x00000000ebda0000, 0x00000000ec470000, 0x00000000ec470000)
  to   space 6976K,   0% used [0x00000000eb6d0000, 0x00000000eb6d0000, 0x00000000ebda0000)
 tenured generation   total 139672K, used 127912K [0x00000000f0000000, 0x00000000f8866000, 0x0000000100000000)
   the space 139672K,  91% used [0x00000000f0000000, 0x00000000f7cea3a0, 0x00000000f7cea400, 0x00000000f8866000)
 Metaspace       used 153806K, committed 156096K, reserved 1245184K
  class space    used 20820K, committed 21952K, reserved 1048576K
}
Event: 50.610 GC heap after
{Heap after GC invocations=41 (full 5):
 def new generation   total 63488K, used 578K [0x00000000e8000000, 0x00000000ec4e0000, 0x00000000f0000000)
  eden space 56448K,   1% used [0x00000000e8000000, 0x00000000e8090a78, 0x00000000eb720000)
  from space 7040K,   0% used [0x00000000eb720000, 0x00000000eb720000, 0x00000000ebe00000)
  to   space 7040K,   0% used [0x00000000ebe00000, 0x00000000ebe00000, 0x00000000ec4e0000)
 tenured generation   total 139672K, used 139671K [0x00000000f0000000, 0x00000000f8866000, 0x0000000100000000)
   the space 139672K,  99% used [0x00000000f0000000, 0x00000000f8865ff8, 0x00000000f8866000, 0x00000000f8866000)
 Metaspace       used 153805K, committed 156096K, reserved 1245184K
  class space    used 20819K, committed 21952K, reserved 1048576K
}
Event: 55.113 GC heap before
{Heap before GC invocations=41 (full 5):
 def new generation   total 63488K, used 56448K [0x00000000e8000000, 0x00000000ec4e0000, 0x00000000f0000000)
  eden space 56448K, 100% used [0x00000000e8000000, 0x00000000eb720000, 0x00000000eb720000)
  from space 7040K,   0% used [0x00000000eb720000, 0x00000000eb720000, 0x00000000ebe00000)
  to   space 7040K,   0% used [0x00000000ebe00000, 0x00000000ebe00000, 0x00000000ec4e0000)
 tenured generation   total 139672K, used 139671K [0x00000000f0000000, 0x00000000f8866000, 0x0000000100000000)
   the space 139672K,  99% used [0x00000000f0000000, 0x00000000f8865ff8, 0x00000000f8866000, 0x00000000f8866000)
 Metaspace       used 158242K, committed 160512K, reserved 1245184K
  class space    used 21190K, committed 22336K, reserved 1048576K
}
Event: 55.289 GC heap after
{Heap after GC invocations=42 (full 5):
 def new generation   total 63488K, used 4839K [0x00000000e8000000, 0x00000000ec4e0000, 0x00000000f0000000)
  eden space 56448K,   0% used [0x00000000e8000000, 0x00000000e8000000, 0x00000000eb720000)
  from space 7040K,  68% used [0x00000000ebe00000, 0x00000000ec2b9c50, 0x00000000ec4e0000)
  to   space 7040K,   0% used [0x00000000eb720000, 0x00000000eb720000, 0x00000000ebe00000)
 tenured generation   total 139864K, used 139677K [0x00000000f0000000, 0x00000000f8896000, 0x0000000100000000)
   the space 139864K,  99% used [0x00000000f0000000, 0x00000000f8867730, 0x00000000f8867800, 0x00000000f8896000)
 Metaspace       used 158242K, committed 160512K, reserved 1245184K
  class space    used 21190K, committed 22336K, reserved 1048576K
}
Event: 55.289 GC heap before
{Heap before GC invocations=42 (full 5):
 def new generation   total 63488K, used 4839K [0x00000000e8000000, 0x00000000ec4e0000, 0x00000000f0000000)
  eden space 56448K,   0% used [0x00000000e8000000, 0x00000000e8000000, 0x00000000eb720000)
  from space 7040K,  68% used [0x00000000ebe00000, 0x00000000ec2b9c50, 0x00000000ec4e0000)
  to   space 7040K,   0% used [0x00000000eb720000, 0x00000000eb720000, 0x00000000ebe00000)
 tenured generation   total 139864K, used 139677K [0x00000000f0000000, 0x00000000f8896000, 0x0000000100000000)
   the space 139864K,  99% used [0x00000000f0000000, 0x00000000f8867730, 0x00000000f8867800, 0x00000000f8896000)
 Metaspace       used 158242K, committed 160512K, reserved 1245184K
  class space    used 21190K, committed 22336K, reserved 1048576K
}
Event: 56.777 GC heap after
{Heap after GC invocations=42 (full 6):
 def new generation   total 105536K, used 4595K [0x00000000e8000000, 0x00000000ef280000, 0x00000000f0000000)
  eden space 93824K,   4% used [0x00000000e8000000, 0x00000000e847cf30, 0x00000000edba0000)
  from space 11712K,   0% used [0x00000000edba0000, 0x00000000edba0000, 0x00000000ee710000)
  to   space 11712K,   0% used [0x00000000ee710000, 0x00000000ee710000, 0x00000000ef280000)
 tenured generation   total 233104K, used 139861K [0x00000000f0000000, 0x00000000fe3a4000, 0x0000000100000000)
   the space 233104K,  59% used [0x00000000f0000000, 0x00000000f8895478, 0x00000000f8895600, 0x00000000fe3a4000)
 Metaspace       used 158242K, committed 160512K, reserved 1245184K
  class space    used 21190K, committed 22336K, reserved 1048576K
}

Dll operation events (3 events):
Event: 0.020 Loaded shared library C:\Program Files\Android\Android Studio\jbr\bin\java.dll
Event: 0.026 Loaded shared library C:\Program Files\Android\Android Studio\jbr\bin\zip.dll
Event: 0.687 Loaded shared library C:\Program Files\Android\Android Studio\jbr\bin\verify.dll

Deoptimization events (20 events):
Event: 56.806 Thread 0x000002db44776e50 Uncommon trap: trap_request=0xffffff45 fr.pc=0x000002db3391e400 relative=0x00000000000000e0
Event: 56.806 Thread 0x000002db44776e50 Uncommon trap: reason=unstable_if action=reinterpret pc=0x000002db3391e400 method=org.jetbrains.kotlin.name.FqNameUnsafe.toSafe()Lorg/jetbrains/kotlin/name/FqName; @ 4 c2
Event: 56.806 Thread 0x000002db44776e50 DEOPT PACKING pc=0x000002db3391e400 sp=0x000000f253ffe290
Event: 56.806 Thread 0x000002db44776e50 DEOPT UNPACKING pc=0x000002db32b43aa2 sp=0x000000f253ffe230 mode 2
Event: 56.926 Thread 0x000002db44776e50 Uncommon trap: trap_request=0xffffffc6 fr.pc=0x000002db339ad230 relative=0x00000000000003d0
Event: 56.926 Thread 0x000002db44776e50 Uncommon trap: reason=bimorphic_or_optimized_type_check action=maybe_recompile pc=0x000002db339ad230 method=org.jetbrains.kotlin.storage.LockBasedStorageManager$LockBasedLazyValue.invoke()Ljava/lang/Object; @ 24 c2
Event: 56.926 Thread 0x000002db44776e50 DEOPT PACKING pc=0x000002db339ad230 sp=0x000000f253ffe1d0
Event: 56.926 Thread 0x000002db44776e50 DEOPT UNPACKING pc=0x000002db32b43aa2 sp=0x000000f253ffe0f0 mode 2
Event: 56.927 Thread 0x000002db44776e50 Uncommon trap: trap_request=0xffffffc6 fr.pc=0x000002db339ad230 relative=0x00000000000003d0
Event: 56.927 Thread 0x000002db44776e50 Uncommon trap: reason=bimorphic_or_optimized_type_check action=maybe_recompile pc=0x000002db339ad230 method=org.jetbrains.kotlin.storage.LockBasedStorageManager$LockBasedLazyValue.invoke()Ljava/lang/Object; @ 24 c2
Event: 56.927 Thread 0x000002db44776e50 DEOPT PACKING pc=0x000002db339ad230 sp=0x000000f253ffde70
Event: 56.927 Thread 0x000002db44776e50 DEOPT UNPACKING pc=0x000002db32b43aa2 sp=0x000000f253ffdd90 mode 2
Event: 58.165 Thread 0x000002db44776e50 Uncommon trap: trap_request=0xffffffde fr.pc=0x000002db3396b254 relative=0x00000000000004b4
Event: 58.165 Thread 0x000002db44776e50 Uncommon trap: reason=class_check action=maybe_recompile pc=0x000002db3396b254 method=kotlin.collections.CollectionsKt___CollectionsKt.toSet(Ljava/lang/Iterable;)Ljava/util/Set; @ 58 c2
Event: 58.165 Thread 0x000002db44776e50 DEOPT PACKING pc=0x000002db3396b254 sp=0x000000f253ffe450
Event: 58.165 Thread 0x000002db44776e50 DEOPT UNPACKING pc=0x000002db32b43aa2 sp=0x000000f253ffe420 mode 2
Event: 60.237 Thread 0x000002db44776e50 Uncommon trap: trap_request=0xffffffde fr.pc=0x000002db3396b254 relative=0x00000000000004b4
Event: 60.237 Thread 0x000002db44776e50 Uncommon trap: reason=class_check action=maybe_recompile pc=0x000002db3396b254 method=kotlin.collections.CollectionsKt___CollectionsKt.toSet(Ljava/lang/Iterable;)Ljava/util/Set; @ 58 c2
Event: 60.237 Thread 0x000002db44776e50 DEOPT PACKING pc=0x000002db3396b254 sp=0x000000f253ffe320
Event: 60.237 Thread 0x000002db44776e50 DEOPT UNPACKING pc=0x000002db32b43aa2 sp=0x000000f253ffe2f0 mode 2

Classes loaded (20 events):
Event: 37.278 Loading class java/util/function/IntUnaryOperator
Event: 37.278 Loading class java/util/function/IntUnaryOperator done
Event: 37.497 Loading class java/util/AbstractList$SubList$1
Event: 37.497 Loading class java/util/AbstractList$SubList$1 done
Event: 37.607 Loading class java/text/StringCharacterIterator
Event: 37.608 Loading class java/text/CharacterIterator
Event: 37.608 Loading class java/text/CharacterIterator done
Event: 37.608 Loading class java/text/StringCharacterIterator done
Event: 53.648 Loading class java/text/MessageFormat
Event: 53.650 Loading class java/text/MessageFormat done
Event: 53.738 Loading class java/text/ChoiceFormat
Event: 53.740 Loading class java/text/ChoiceFormat done
Event: 53.765 Loading class java/lang/invoke/DirectMethodHandle$1
Event: 53.765 Loading class java/lang/invoke/DirectMethodHandle$1 done
Event: 53.777 Loading class java/text/MessageFormat$Field
Event: 53.777 Loading class java/text/MessageFormat$Field done
Event: 57.399 Loading class java/time/Clock
Event: 57.976 Loading class java/time/InstantSource
Event: 57.977 Loading class java/time/InstantSource done
Event: 57.977 Loading class java/time/Clock done

Classes unloaded (1 events):
Event: 46.076 Thread 0x000002db285040d0 Unloading class 0x0000000100f34400 'java/lang/invoke/LambdaForm$DMH+0x0000000100f34400'

Classes redefined (0 events):
No events

Internal exceptions (20 events):
Event: 34.199 Thread 0x000002db44776e50 Implicit null exception at 0x000002db333046f5 to 0x000002db33305010
Event: 35.256 Thread 0x000002db40d06c70 Exception <a 'sun/nio/fs/WindowsException'{0x00000000e800a760}> (0x00000000e800a760) 
thrown [s\src\hotspot\share\prims\jni.cpp, line 537]
Event: 35.262 Thread 0x000002db40d06c70 Exception <a 'sun/nio/fs/WindowsException'{0x00000000e80a4a30}> (0x00000000e80a4a30) 
thrown [s\src\hotspot\share\prims\jni.cpp, line 537]
Event: 36.751 Thread 0x000002db44776e50 Exception <a 'java/lang/NoSuchMethodError'{0x00000000eaa7c2f8}: 'java.lang.Object java.lang.invoke.DirectMethodHandle$Holder.newInvokeSpecial(java.lang.Object, java.lang.Object, java.lang.Object, java.lang.Object, java.lang.Object, java.lang.Object, java.lang.Object, java.lang.Object, java.lang.Object, java.lang.Object, java.lang.Object, java.lang.Object, java.lang.Object, java.lang.Object, java.lang.Object, java.lang.Object, java.lang.Object, java.lang.Object, java.lang.Object, java.lang.Object, java.lang
Event: 36.808 Thread 0x000002db44776e50 Exception <a 'java/lang/NoSuchMethodError'{0x00000000eac4b238}: 'java.lang.Object java.lang.invoke.DirectMethodHandle$Holder.newInvokeSpecial(java.lang.Object, java.lang.Object, java.lang.Object, java.lang.Object, java.lang.Object, java.lang.Object, java.lang.Object, java.lang.Object, java.lang.Object, java.lang.Object, java.lang.Object, java.lang.Object, java.lang.Object, java.lang.Object, java.lang.Object, java.lang.Object, java.lang.Object, java.lang.Object, java.lang.Object, java.lang.Object)'> (0x0000
Event: 36.994 Thread 0x000002db44776e50 Exception <a 'java/lang/NoSuchMethodError'{0x00000000eb36fc90}: 'java.lang.Object java.lang.invoke.DirectMethodHandle$Holder.newInvokeSpecial(java.lang.Object, java.lang.Object, java.lang.Object, java.lang.Object, java.lang.Object, java.lang.Object, java.lang.Object, java.lang.Object, java.lang.Object, java.lang.Object, java.lang.Object, java.lang.Object, java.lang.Object, java.lang.Object, java.lang.Object, java.lang.Object, java.lang.Object, java.lang.Object)'> (0x00000000eb36fc90) 
thrown [s\src\hotspot
Event: 36.994 Thread 0x000002db44776e50 Exception <a 'java/lang/NoSuchMethodError'{0x00000000eb375768}: 'java.lang.Object java.lang.invoke.DirectMethodHandle$Holder.invokeSpecial(java.lang.Object, java.lang.Object, java.lang.Object, java.lang.Object, java.lang.Object, java.lang.Object, java.lang.Object, java.lang.Object, java.lang.Object, java.lang.Object, java.lang.Object, java.lang.Object, java.lang.Object, java.lang.Object, java.lang.Object, java.lang.Object, java.lang.Object, java.lang.Object, java.lang.Object)'> (0x00000000eb375768) 
thrown
Event: 36.994 Thread 0x000002db44776e50 Exception <a 'java/lang/NoSuchMethodError'{0x00000000eb37a360}: 'java.lang.Object java.lang.invoke.DelegatingMethodHandle$Holder.reinvoke_L(java.lang.Object, java.lang.Object, java.lang.Object, java.lang.Object, java.lang.Object, java.lang.Object, java.lang.Object, java.lang.Object, java.lang.Object, java.lang.Object, java.lang.Object, java.lang.Object, java.lang.Object, java.lang.Object, java.lang.Object, java.lang.Object, java.lang.Object, java.lang.Object)'> (0x00000000eb37a360) 
thrown [s\src\hotspot\s
Event: 37.000 Thread 0x000002db44776e50 Exception <a 'java/lang/NoSuchMethodError'{0x00000000eb4042f8}: 'java.lang.Object java.lang.invoke.DirectMethodHandle$Holder.newInvokeSpecial(java.lang.Object, java.lang.Object, java.lang.Object, java.lang.Object, java.lang.Object, java.lang.Object, java.lang.Object, java.lang.Object, java.lang.Object, java.lang.Object, java.lang.Object, java.lang.Object, java.lang.Object, java.lang.Object, java.lang.Object, java.lang.Object, java.lang.Object, java.lang.Object, java.lang.Object, java.lang.Object, java.lang
Event: 37.305 Thread 0x000002db44776e50 Exception <a 'java/lang/NoSuchMethodError'{0x00000000e870f5b8}: 'java.lang.Object java.lang.invoke.Invokers$Holder.invokeExact_MT(java.lang.Object, java.lang.Object, long, java.lang.Object)'> (0x00000000e870f5b8) 
thrown [s\src\hotspot\share\interpreter\linkResolver.cpp, line 784]
Event: 41.890 Thread 0x000002db44776e50 Exception <a 'java/lang/NoSuchMethodError'{0x00000000e91b7ae8}: 'java.lang.Object java.lang.invoke.DirectMethodHandle$Holder.invokeStatic(java.lang.Object, int, java.lang.Object, java.lang.Object)'> (0x00000000e91b7ae8) 
thrown [s\src\hotspot\share\interpreter\linkResolver.cpp, line 784]
Event: 42.626 Thread 0x000002db44776e50 Implicit null exception at 0x000002db337c4f5a to 0x000002db337c5058
Event: 42.760 Thread 0x000002db44776e50 Exception <a 'java/lang/NoSuchMethodError'{0x00000000ea78ccf0}: 'java.lang.Object java.lang.invoke.DirectMethodHandle$Holder.newInvokeSpecial(java.lang.Object, int, java.lang.Object, java.lang.Object)'> (0x00000000ea78ccf0) 
thrown [s\src\hotspot\share\interpreter\linkResolver.cpp, line 784]
Event: 42.761 Thread 0x000002db44776e50 Exception <a 'java/lang/NoSuchMethodError'{0x00000000ea790aa8}: 'java.lang.Object java.lang.invoke.DirectMethodHandle$Holder.invokeSpecial(java.lang.Object, java.lang.Object, int, java.lang.Object, java.lang.Object)'> (0x00000000ea790aa8) 
thrown [s\src\hotspot\share\interpreter\linkResolver.cpp, line 784]
Event: 43.323 Thread 0x000002db44776e50 Exception <a 'java/lang/IncompatibleClassChangeError'{0x00000000eaf28a98}: Found class java.lang.Object, but interface was expected> (0x00000000eaf28a98) 
thrown [s\src\hotspot\share\interpreter\linkResolver.cpp, line 851]
Event: 45.233 Thread 0x000002db40d06c70 Exception <a 'sun/nio/fs/WindowsException'{0x00000000e9c888f8}> (0x00000000e9c888f8) 
thrown [s\src\hotspot\share\prims\jni.cpp, line 537]
Event: 45.237 Thread 0x000002db40d06c70 Exception <a 'sun/nio/fs/WindowsException'{0x00000000e9c96fa8}> (0x00000000e9c96fa8) 
thrown [s\src\hotspot\share\prims\jni.cpp, line 537]
Event: 53.665 Thread 0x000002db44776e50 Exception <a 'java/lang/NoSuchMethodError'{0x00000000eae57d88}: 'int java.lang.invoke.Invokers$Holder.invokeExact_MT(java.lang.Object, java.lang.Object, java.lang.Object)'> (0x00000000eae57d88) 
thrown [s\src\hotspot\share\interpreter\linkResolver.cpp, line 784]
Event: 56.787 Thread 0x000002db40d06c70 Exception <a 'sun/nio/fs/WindowsException'{0x00000000e8483af8}> (0x00000000e8483af8) 
thrown [s\src\hotspot\share\prims\jni.cpp, line 537]
Event: 56.798 Thread 0x000002db40d06c70 Exception <a 'sun/nio/fs/WindowsException'{0x00000000e8651d50}> (0x00000000e8651d50) 
thrown [s\src\hotspot\share\prims\jni.cpp, line 537]

ZGC Phase Switch (0 events):
No events

VM Operations (20 events):
Event: 54.746 Executing VM operation: Cleanup
Event: 55.057 Executing VM operation: Cleanup done
Event: 55.111 Executing VM operation: HandshakeAllThreads (Deoptimize)
Event: 55.112 Executing VM operation: HandshakeAllThreads (Deoptimize) done
Event: 55.113 Executing VM operation: GenCollectForAllocation (Allocation Failure)
Event: 56.777 Executing VM operation: GenCollectForAllocation (Allocation Failure) done
Event: 56.851 Executing VM operation: HandshakeAllThreads (Deoptimize)
Event: 56.852 Executing VM operation: HandshakeAllThreads (Deoptimize) done
Event: 56.874 Executing VM operation: HandshakeAllThreads (Deoptimize)
Event: 56.874 Executing VM operation: HandshakeAllThreads (Deoptimize) done
Event: 56.916 Executing VM operation: HandshakeAllThreads (Deoptimize)
Event: 56.917 Executing VM operation: HandshakeAllThreads (Deoptimize) done
Event: 57.928 Executing VM operation: Cleanup
Event: 57.975 Executing VM operation: Cleanup done
Event: 58.989 Executing VM operation: Cleanup
Event: 59.208 Executing VM operation: Cleanup done
Event: 60.134 Executing VM operation: HandshakeAllThreads (HandshakeForDeflation)
Event: 60.134 Executing VM operation: HandshakeAllThreads (HandshakeForDeflation) done
Event: 60.134 Executing VM operation: RendezvousGCThreads
Event: 60.134 Executing VM operation: RendezvousGCThreads done

Memory protections (0 events):
No events

Nmethod flushes (20 events):
Event: 55.611 Thread 0x000002db285040d0 flushing  nmethod 0x000002db2d711e10
Event: 55.611 Thread 0x000002db285040d0 flushing  nmethod 0x000002db2d71e490
Event: 55.611 Thread 0x000002db285040d0 flushing  nmethod 0x000002db2d723890
Event: 55.611 Thread 0x000002db285040d0 flushing  nmethod 0x000002db2d727f90
Event: 55.611 Thread 0x000002db285040d0 flushing  nmethod 0x000002db2d734490
Event: 55.611 Thread 0x000002db285040d0 flushing  nmethod 0x000002db2d735110
Event: 55.611 Thread 0x000002db285040d0 flushing  nmethod 0x000002db2d737710
Event: 55.611 Thread 0x000002db285040d0 flushing  nmethod 0x000002db2d74db90
Event: 55.611 Thread 0x000002db285040d0 flushing  nmethod 0x000002db2d828090
Event: 55.611 Thread 0x000002db285040d0 flushing  nmethod 0x000002db2d858210
Event: 55.611 Thread 0x000002db285040d0 flushing  nmethod 0x000002db2d88da90
Event: 55.611 Thread 0x000002db285040d0 flushing  nmethod 0x000002db2d8bba90
Event: 55.611 Thread 0x000002db285040d0 flushing  nmethod 0x000002db2d922d90
Event: 55.611 Thread 0x000002db285040d0 flushing  nmethod 0x000002db2d923190
Event: 55.611 Thread 0x000002db285040d0 flushing  nmethod 0x000002db2d92d410
Event: 55.611 Thread 0x000002db285040d0 flushing  nmethod 0x000002db2d94d490
Event: 55.611 Thread 0x000002db285040d0 flushing  nmethod 0x000002db2d9dab90
Event: 55.611 Thread 0x000002db285040d0 flushing  nmethod 0x000002db2da05a10
Event: 55.611 Thread 0x000002db285040d0 flushing  nmethod 0x000002db2da40190
Event: 55.611 Thread 0x000002db285040d0 flushing  nmethod 0x000002db2da6a510

Events (20 events):
Event: 30.160 Thread 0x000002db43ff8460 Thread added: 0x000002db447774e0
Event: 30.161 Thread 0x000002db43ff8460 Thread added: 0x000002db44775410
Event: 30.161 Thread 0x000002db43ff8460 Thread added: 0x000002db44775aa0
Event: 30.219 Thread 0x000002db43ff8460 Thread added: 0x000002db44777b70
Event: 30.219 Thread 0x000002db43ff8460 Thread added: 0x000002db44774d80
Event: 31.245 Thread 0x000002db43ff8460 Thread added: 0x000002db447767c0
Event: 31.383 Thread 0x000002db447767c0 Thread added: 0x000002db44776e50
Event: 31.384 Thread 0x000002db43ff70b0 Thread added: 0x000002db43b76f20
Event: 31.384 Thread 0x000002db43ff70b0 Thread added: 0x000002db43b775b0
Event: 31.385 Thread 0x000002db43ff70b0 Thread added: 0x000002db43b74130
Event: 31.386 Thread 0x000002db43ff70b0 Thread added: 0x000002db43b76200
Event: 31.386 Thread 0x000002db43ff70b0 Thread added: 0x000002db43b747c0
Event: 31.387 Thread 0x000002db43ff70b0 Thread added: 0x000002db43b754e0
Event: 31.387 Thread 0x000002db43ff70b0 Thread added: 0x000002db43b76890
Event: 31.650 Thread 0x000002db43ffe040 Thread added: 0x000002db43b74e50
Event: 31.650 Thread 0x000002db43ffe040 Thread added: 0x000002db444bbe60
Event: 31.651 Thread 0x000002db43ffe040 Thread added: 0x000002db444baab0
Event: 31.651 Thread 0x000002db43ffe040 Thread added: 0x000002db444bb140
Event: 31.652 Thread 0x000002db43ffe040 Thread added: 0x000002db444bc4f0
Event: 31.652 Thread 0x000002db43ffe040 Thread added: 0x000002db444b9070


Dynamic libraries:
0x00007ff643ac0000 - 0x00007ff643aca000 	C:\Program Files\Android\Android Studio\jbr\bin\java.exe
0x00007ffbec4a0000 - 0x00007ffbec706000 	C:\windows\SYSTEM32\ntdll.dll
0x00007ffb9d780000 - 0x00007ffb9d7a1000 	C:\Program Files\Avast Software\Avast\aswhook.dll
0x00007ffbeb380000 - 0x00007ffbeb449000 	C:\windows\System32\KERNEL32.DLL
0x00007ffbe9b80000 - 0x00007ffbe9f7f000 	C:\windows\System32\KERNELBASE.dll
0x00007ffbe98f0000 - 0x00007ffbe9a3c000 	C:\windows\System32\ucrtbase.dll
0x00007ffb95af0000 - 0x00007ffb95b0b000 	C:\Program Files\Android\Android Studio\jbr\bin\VCRUNTIME140.dll
0x00007ffb86c90000 - 0x00007ffb86ca8000 	C:\Program Files\Android\Android Studio\jbr\bin\jli.dll
0x00007ffbeabe0000 - 0x00007ffbeada6000 	C:\windows\System32\USER32.dll
0x00007ffbea110000 - 0x00007ffbea137000 	C:\windows\System32\win32u.dll
0x00007ffbc4dd0000 - 0x00007ffbc5061000 	C:\windows\WinSxS\amd64_microsoft.windows.common-controls_6595b64144ccf1df_6.0.26100.8972_none_3e0da176e32f9d4b\COMCTL32.dll
0x00007ffbeaac0000 - 0x00007ffbeaaeb000 	C:\windows\System32\GDI32.dll
0x00007ffbeba50000 - 0x00007ffbebaf9000 	C:\windows\System32\msvcrt.dll
0x00007ffbe9a50000 - 0x00007ffbe9b79000 	C:\windows\System32\gdi32full.dll
0x00007ffbe96b0000 - 0x00007ffbe9753000 	C:\windows\System32\msvcp_win.dll
0x00007ffbeba10000 - 0x00007ffbeba42000 	C:\windows\System32\IMM32.DLL
0x00007ffb95b10000 - 0x00007ffb95b1c000 	C:\Program Files\Android\Android Studio\jbr\bin\vcruntime140_1.dll
0x00007ffb21b60000 - 0x00007ffb21bed000 	C:\Program Files\Android\Android Studio\jbr\bin\msvcp140.dll
0x00007ffb349a0000 - 0x00007ffb35636000 	C:\Program Files\Android\Android Studio\jbr\bin\server\jvm.dll
0x00007ffbeadd0000 - 0x00007ffbeae8c000 	C:\windows\System32\ADVAPI32.dll
0x00007ffbea1d0000 - 0x00007ffbea27a000 	C:\windows\System32\sechost.dll
0x00007ffbebe10000 - 0x00007ffbebf28000 	C:\windows\System32\RPCRT4.dll
0x00007ffbeafa0000 - 0x00007ffbeb022000 	C:\windows\System32\WS2_32.dll
0x00007ffbe9510000 - 0x00007ffbe956e000 	C:\windows\SYSTEM32\POWRPROF.dll
0x00007ffbe1330000 - 0x00007ffbe1366000 	C:\windows\SYSTEM32\WINMM.dll
0x00007ffbe1170000 - 0x00007ffbe117b000 	C:\windows\SYSTEM32\VERSION.dll
0x00007ffbe94f0000 - 0x00007ffbe9505000 	C:\windows\SYSTEM32\UMPDC.dll
0x00007ffbe83a0000 - 0x00007ffbe83bb000 	C:\windows\SYSTEM32\kernel.appcore.dll
0x00007ffb95ae0000 - 0x00007ffb95aea000 	C:\Program Files\Android\Android Studio\jbr\bin\jimage.dll
0x00007ffbe6c50000 - 0x00007ffbe6e92000 	C:\windows\SYSTEM32\DBGHELP.DLL
0x00007ffbeb5f0000 - 0x00007ffbeb975000 	C:\windows\System32\combase.dll
0x00007ffbeb2a0000 - 0x00007ffbeb379000 	C:\windows\System32\OLEAUT32.dll
0x00007ffbcfc70000 - 0x00007ffbcfcab000 	C:\windows\SYSTEM32\dbgcore.DLL
0x00007ffbea050000 - 0x00007ffbea0fc000 	C:\windows\System32\bcryptPrimitives.dll
0x00007ffbb37d0000 - 0x00007ffbb37de000 	C:\Program Files\Android\Android Studio\jbr\bin\instrument.dll
0x00007ffb809d0000 - 0x00007ffb809f0000 	C:\Program Files\Android\Android Studio\jbr\bin\java.dll
0x00007ffb46460000 - 0x00007ffb46478000 	C:\Program Files\Android\Android Studio\jbr\bin\zip.dll
0x00007ffbea300000 - 0x00007ffbeaa88000 	C:\windows\System32\SHELL32.dll
0x00007ffbe7130000 - 0x00007ffbe79cb000 	C:\windows\SYSTEM32\windows.storage.dll
0x00007ffbeb030000 - 0x00007ffbeb129000 	C:\windows\System32\SHCORE.dll
0x00007ffbebbc0000 - 0x00007ffbebc26000 	C:\windows\System32\shlwapi.dll
0x00007ffbe95d0000 - 0x00007ffbe95f9000 	C:\windows\SYSTEM32\profapi.dll
0x00007ffb95ad0000 - 0x00007ffb95ae0000 	C:\Program Files\Android\Android Studio\jbr\bin\net.dll
0x00007ffbd7760000 - 0x00007ffbd7888000 	C:\windows\SYSTEM32\WINHTTP.dll
0x00007ffbe8950000 - 0x00007ffbe89bc000 	C:\windows\system32\mswsock.dll
0x00007ffb38130000 - 0x00007ffb38146000 	C:\Program Files\Android\Android Studio\jbr\bin\nio.dll
0x00007ffb37860000 - 0x00007ffb37870000 	C:\Program Files\Android\Android Studio\jbr\bin\verify.dll
0x00007ffb4a460000 - 0x00007ffb4a487000 	C:\Users\rajku\.gradle\native\c067742578af261105cb4f569cf0c3c89f3d7b1fecec35dd04571415982c5e48\windows-amd64\native-platform.dll
0x00007ffb21a10000 - 0x00007ffb21b54000 	C:\Users\rajku\.gradle\native\38dada09dfb8b06ba9b0570ebf7e218e3eb74d4ef43ca46872605cf95ebc2f47\windows-amd64\native-platform-file-events.dll
0x00007ffb4da40000 - 0x00007ffb4da49000 	C:\Program Files\Android\Android Studio\jbr\bin\management.dll
0x00007ffb4ccd0000 - 0x00007ffb4ccdb000 	C:\Program Files\Android\Android Studio\jbr\bin\management_ext.dll
0x00007ffbec430000 - 0x00007ffbec438000 	C:\windows\System32\PSAPI.DLL
0x00007ffbe8c60000 - 0x00007ffbe8c7b000 	C:\windows\SYSTEM32\CRYPTSP.dll
0x00007ffbe8300000 - 0x00007ffbe8339000 	C:\windows\system32\rsaenh.dll
0x00007ffbe8a00000 - 0x00007ffbe8a32000 	C:\windows\SYSTEM32\USERENV.dll
0x00007ffbe95a0000 - 0x00007ffbe95ca000 	C:\windows\SYSTEM32\bcrypt.dll
0x00007ffbe8c40000 - 0x00007ffbe8c4c000 	C:\windows\SYSTEM32\CRYPTBASE.dll
0x00007ffbe7d80000 - 0x00007ffbe7db3000 	C:\windows\SYSTEM32\IPHLPAPI.DLL
0x00007ffbebf30000 - 0x00007ffbebf3a000 	C:\windows\System32\NSI.dll
0x00007ffb809c0000 - 0x00007ffb809c9000 	C:\Program Files\Android\Android Studio\jbr\bin\extnet.dll
0x00007ffb9f2a0000 - 0x00007ffb9f2a8000 	C:\windows\system32\wshunix.dll
0x00007ffbc1650000 - 0x00007ffbc1668000 	C:\windows\system32\napinsp.dll
0x00007ffbe7e20000 - 0x00007ffbe7f78000 	C:\windows\SYSTEM32\DNSAPI.dll
0x00007ffbe8730000 - 0x00007ffbe873d000 	C:\windows\SYSTEM32\DSPARSE.dll
0x00007ffbb7f70000 - 0x00007ffbb7f83000 	C:\windows\System32\winrnr.dll
0x00007ffbb7f40000 - 0x00007ffbb7f62000 	C:\windows\system32\nlansp_c.dll
0x00007ffbd69e0000 - 0x00007ffbd69f6000 	C:\windows\system32\wshbth.dll
0x00007ffbd69d0000 - 0x00007ffbd69db000 	C:\Windows\System32\rasadhlp.dll
0x00007ffbdf9c0000 - 0x00007ffbdfa46000 	C:\windows\System32\fwpuclnt.dll

JVMTI agents:
C:\Users\rajku\.gradle\wrapper\dists\gradle-8.5-bin\5t9huq95ubn472n8rpzujfbqh\gradle-8.5\lib\agents\gradle-instrumentation-agent-8.5.jar path:C:\Program Files\Android\Android Studio\jbr\bin\instrument.dll, loaded, initialized, instrumentlib options:none

dbghelp: loaded successfully - version: 4.0.5 - missing functions: none
symbol engine: initialized successfully - sym options: 0x614 - pdb path: .;C:\Program Files\Android\Android Studio\jbr\bin;C:\windows\SYSTEM32;C:\Program Files\Avast Software\Avast;C:\windows\WinSxS\amd64_microsoft.windows.common-controls_6595b64144ccf1df_6.0.26100.8972_none_3e0da176e32f9d4b;C:\Program Files\Android\Android Studio\jbr\bin\server;C:\Users\rajku\.gradle\native\c067742578af261105cb4f569cf0c3c89f3d7b1fecec35dd04571415982c5e48\windows-amd64;C:\Users\rajku\.gradle\native\38dada09dfb8b06ba9b0570ebf7e218e3eb74d4ef43ca46872605cf95ebc2f47\windows-amd64

VM Arguments:
jvm_args: -XX:+UseSerialGC --add-opens=java.base/java.util=ALL-UNNAMED --add-opens=java.base/java.lang=ALL-UNNAMED --add-opens=java.base/java.lang.invoke=ALL-UNNAMED --add-opens=java.prefs/java.util.prefs=ALL-UNNAMED --add-opens=java.base/java.nio.charset=ALL-UNNAMED --add-opens=java.base/java.net=ALL-UNNAMED --add-opens=java.base/java.util.concurrent.atomic=ALL-UNNAMED -Xmx384m -Dfile.encoding=UTF-8 -Duser.country=IN -Duser.language=en -Duser.variant -javaagent:C:\Users\rajku\.gradle\wrapper\dists\gradle-8.5-bin\5t9huq95ubn472n8rpzujfbqh\gradle-8.5\lib\agents\gradle-instrumentation-agent-8.5.jar 
java_command: org.gradle.launcher.daemon.bootstrap.GradleDaemon 8.5
java_class_path (initial): C:\Users\rajku\.gradle\wrapper\dists\gradle-8.5-bin\5t9huq95ubn472n8rpzujfbqh\gradle-8.5\lib\gradle-launcher-8.5.jar
Launcher Type: SUN_STANDARD

[Global flags]
     intx CICompilerCount                          = 4                                         {product} {ergonomic}
   size_t InitialHeapSize                          = 130023424                                 {product} {ergonomic}
   size_t MaxHeapSize                              = 402653184                                 {product} {command line}
   size_t MaxNewSize                               = 134217728                                 {product} {ergonomic}
   size_t MinHeapDeltaBytes                        = 196608                                    {product} {ergonomic}
   size_t MinHeapSize                              = 8388608                                   {product} {ergonomic}
   size_t NewSize                                  = 43319296                                  {product} {ergonomic}
    uintx NonNMethodCodeHeapSize                   = 5839372                                {pd product} {ergonomic}
    uintx NonProfiledCodeHeapSize                  = 122909434                              {pd product} {ergonomic}
   size_t OldSize                                  = 86704128                                  {product} {ergonomic}
    uintx ProfiledCodeHeapSize                     = 122909434                              {pd product} {ergonomic}
    uintx ReservedCodeCacheSize                    = 251658240                              {pd product} {ergonomic}
     bool SegmentedCodeCache                       = true                                      {product} {ergonomic}
   size_t SoftMaxHeapSize                          = 402653184                              {manageable} {ergonomic}
     bool UseCompressedOops                        = true                           {product lp64_product} {ergonomic}
     bool UseLargePagesIndividualAllocation        = false                                  {pd product} {ergonomic}
     bool UseSerialGC                              = true                                      {product} {command line}

Logging:
Log output configuration:
 #0: stdout all=warning uptime,level,tags foldmultilines=false
 #1: stderr all=off uptime,level,tags foldmultilines=false

Release file:
JAVA_VERSION="21.0.9" 
MODULES="java.base java.compiler java.datatransfer java.xml java.prefs java.desktop java.instrument java.logging java.management java.security.sasl java.naming java.rmi java.management.rmi java.net.http java.scripting java.security.jgss java.transaction.xa java.sql java.sql.rowset java.xml.crypto java.se java.smartcardio jdk.accessibility jdk.internal.jvmstat jdk.attach jdk.charsets jdk.internal.opt jdk.zipfs jdk.compiler jdk.crypto.ec jdk.crypto.cryptoki jdk.dynalink jdk.hotspot.agent jdk.httpserver jdk.internal.ed jdk.internal.le jdk.internal.vm.ci jdk.jartool jdk.javadoc jdk.jcmd jdk.jdeps jdk.jdwp.agent jdk.jdi jdk.jfr jdk.jlink jdk.jsobject jdk.localedata jdk.management jdk.management.agent jdk.management.jfr jdk.naming.dns jdk.naming.rmi jdk.net jdk.sctp jdk.security.auth jdk.security.jgss jdk.unsupported jdk.unsupported.desktop jdk.xml.dom" 
IMPLEMENTOR="JetBrains s.r.o." 
JAVA_RUNTIME_VERSION="21.0.9+-14787801-b1163.94" 
LIBC="default" 
OS_ARCH="x86_64" 
OS_NAME="Windows" 
SOURCE=".:git:0c757ddc9f2f" 

Environment Variables:
JAVA_HOME=C:\Program Files\Android\Android Studio\jbr
CLASSPATH=D:\itantra\mobile_app_apk\android\\gradle\wrapper\gradle-wrapper.jar
PATH=C:\Program Files\Android\Android Studio\jbr\bin;C:/Users/rajku/.gemini/antigravity/bin;C:\Users\rajku\AppData\Roaming\Antigravity\bin;C:\Python314\Scripts\;C:\Python314\;C:\windows\system32;C:\windows;C:\windows\System32\Wbem;C:\windows\System32\WindowsPowerShell\v1.0\;C:\windows\System32\OpenSSH\;C:\Program Files\Git\cmd;C:\Program Files (x86)\pcsuite\;C:\ProgramData\chocolatey\bin;C:\Users\rajku\;C:\Users\rajku\AppData\Local\Programs\Python\Python311\Scripts\;C:\Users\rajku\AppData\Local\Programs\Python\Python311\;C:\Users\rajku\AppData\Local\Microsoft\WindowsApps;C:\Users\rajku\AppData\Local\Programs\Microsoft VS Code\bin;C:\Program Files\MongoDB\Server\8.2\bin;%JAVA_HOME%\bin;C:\Users\rajku\AppData\Local\Programs\Antigravity\bin;C:\Users\rajku\AppData\Local\Google\Cloud SDK\google-cloud-sdk\bin;C:\Users\rajku\AppData\Roaming\npm;C:\Users\rajku\AppData\Local\Programs\Ollama
USERNAME=rajku
OS=Windows_NT
PROCESSOR_IDENTIFIER=Intel64 Family 6 Model 186 Stepping 3, GenuineIntel
TMP=C:\Users\rajku\AppData\Local\Temp
TEMP=C:\Users\rajku\AppData\Local\Temp




Periodic native trim disabled

JNI global refs:
JNI global refs: 28, weak refs: 4

JNI global refs memory usage: 835, weak refs: 833

Process memory usage:
Resident Set Size: 515404K (6% of 8023876K total physical memory with 183312K free physical memory)

OOME stack traces (most recent first):
Classloader memory used:
Loader java.net.URLClassLoader                                                         : 51018K
Loader org.gradle.internal.classloader.VisitableURLClassLoader                         : 40782K
Loader bootstrap                                                                       : 30165K
Loader org.gradle.internal.classloader.VisitableURLClassLoader$InstrumentingVisitableURLClassLoader: 26626K
Loader org.gradle.initialization.MixInLegacyTypesClassLoader                           : 10770K
Loader jdk.internal.loader.ClassLoaders$PlatformClassLoader                            : 518K
Loader jdk.internal.reflect.DelegatingClassLoader                                      : 248K
Loader jdk.internal.loader.ClassLoaders$AppClassLoader                                 : 227K
Loader org.gradle.groovy.scripts.internal.DefaultScriptCompilationHandler$ScriptClassLoader: 162K
Loader org.codehaus.groovy.runtime.callsite.CallSiteClassLoader                        : 10136B
Loader sun.reflect.misc.MethodUtil                                                     : 2984B

Classes loaded by more than one classloader:
Class kotlin.sequences.FlatteningSequence                                             : loaded 2 times (x 75B)
Class kotlin.sequences.DropTakeSequence                                               : loaded 2 times (x 70B)
Class kotlin.NotImplementedError                                                      : loaded 2 times (x 82B)
Class kotlin.text.StringsKt__StringsKt                                                : loaded 2 times (x 71B)
Class com.google.common.base.PairwiseEquivalence                                      : loaded 2 times (x 83B)
Class com.google.common.base.Equivalence$Identity                                     : loaded 2 times (x 82B)
Class com.google.common.collect.RegularImmutableMap$KeySet                            : loaded 2 times (x 150B)
Class org.gradle.internal.classloader.FilteringClassLoader                            : loaded 2 times (x 105B)
Class kotlin.reflect.jvm.internal.impl.builtins.CompanionObjectMapping                : loaded 2 times (x 71B)
Class kotlin.reflect.jvm.internal.KClassImpl$Data$inheritedNonStaticMembers$2         : loaded 2 times (x 79B)
Class kotlin.sequences.FilteringSequence$iterator$1                                   : loaded 2 times (x 79B)
Class kotlin.sequences.SequencesKt__SequenceBuilderKt                                 : loaded 2 times (x 71B)
Class kotlin.reflect.jvm.internal.KCallableImpl$_annotations$1                        : loaded 2 times (x 79B)
Class kotlin.io.FilesKt__FileTreeWalkKt                                               : loaded 2 times (x 71B)
Class kotlin.jvm.internal.CollectionToArray                                           : loaded 2 times (x 71B)
Class kotlin.jvm.internal.MutablePropertyReference0                                   : loaded 2 times (x 137B)
Class kotlin.collections.CollectionsKt__ReversedViewsKt                               : loaded 2 times (x 71B)
Class [Lcom.google.common.base.AbstractIterator$State;                                : loaded 2 times (x 69B)
Class com.google.common.base.CharMatcher$IsEither                                     : loaded 2 times (x 111B)
Class org.gradle.internal.classloader.ClassLoaderHierarchy                            : loaded 2 times (x 70B)
Class kotlin.jvm.internal.PropertyReference1Impl                                      : loaded 2 times (x 127B)
Class kotlin.SafePublicationLazyImpl$Companion                                        : loaded 2 times (x 71B)
Class kotlin.jvm.internal.MutablePropertyReference1                                   : loaded 2 times (x 137B)
Class com.google.common.collect.ImmutableEnumSet                                      : loaded 2 times (x 146B)
Class com.google.common.util.concurrent.ExecutionError                                : loaded 2 times (x 82B)
Class com.google.common.collect.ImmutableList$1                                       : loaded 2 times (x 97B)
Class org.gradle.api.internal.classpath.ManifestUtil                                  : loaded 2 times (x 71B)
Class kotlin.reflect.jvm.internal.impl.builtins.PrimitiveType$typeFqName$2            : loaded 2 times (x 79B)
Class kotlin.ranges.IntProgression$Companion                                          : loaded 2 times (x 71B)
Class kotlin.reflect.jvm.internal.ReflectProperties$Val                               : loaded 2 times (x 74B)
Class kotlin.jvm.internal.MutablePropertyReference2                                   : loaded 2 times (x 137B)
Class org.jetbrains.kotlin.cli.common.arguments.ArgumentField                         : loaded 2 times (x 72B)
Class kotlin.collections.builders.MapBuilder                                          : loaded 2 times (x 112B)
Class com.google.common.collect.RegularImmutableMap                                   : loaded 2 times (x 121B)
Class com.google.common.collect.ImmutableMap$MapViewOfValuesAsSingletonSets           : loaded 2 times (x 125B)
Class kotlin.sequences.TransformingSequence                                           : loaded 2 times (x 75B)
Class org.jetbrains.kotlin.config.ExplicitApiMode$Companion                           : loaded 2 times (x 71B)
Class [Lorg.objectweb.asm.Symbol;                                                     : loaded 2 times (x 69B)
Class org.objectweb.asm.ClassVisitor                                                  : loaded 2 times (x 87B)
Class com.google.common.collect.UnmodifiableListIterator                              : loaded 2 times (x 95B)
Class kotlin.reflect.jvm.internal.impl.name.FqName                                    : loaded 2 times (x 72B)
Class [Lkotlin.reflect.KClass;                                                        : loaded 2 times (x 69B)
Class org.jetbrains.kotlin.name.FqNameUnsafe$1                                        : loaded 2 times (x 74B)
Class org.objectweb.asm.MethodTooLargeException                                       : loaded 2 times (x 83B)
Class com.google.common.base.Platform$JdkPatternCompiler                              : loaded 2 times (x 75B)
Class [Lcom.google.common.cache.CacheBuilder$OneWeigher;                              : loaded 2 times (x 69B)
Class com.google.common.base.Suppliers                                                : loaded 2 times (x 71B)
Class org.gradle.internal.classloader.DefaultClassLoaderFactory                       : loaded 2 times (x 82B)
Class kotlin.reflect.jvm.internal.KDeclarationContainerImpl$Data$moduleData$2         : loaded 2 times (x 79B)
Class kotlin.sequences.SequencesKt___SequencesKt                                      : loaded 2 times (x 71B)
Class kotlin.KotlinVersion$Companion                                                  : loaded 2 times (x 71B)
Class org.jetbrains.kotlin.config.LanguageVersionSettings                             : loaded 2 times (x 70B)
Class kotlin.collections.AbstractList$Companion                                       : loaded 2 times (x 71B)
Class com.google.common.base.CharMatcher$None                                         : loaded 2 times (x 112B)
Class org.gradle.internal.classloader.ClassLoaderVisitor                              : loaded 2 times (x 76B)
Class kotlin.reflect.jvm.internal.KClassImpl$Data$objectInstance$2                    : loaded 2 times (x 79B)
Class kotlin.sequences.SequencesKt___SequencesKt$flatMap$2                            : loaded 2 times (x 125B)
Class kotlin.reflect.jvm.internal.KProperty1Impl                                      : loaded 2 times (x 128B)
Class kotlin.io.FileTreeWalk$FileTreeWalkIterator                                     : loaded 2 times (x 83B)
Class [Lcom.google.common.collect.ImmutableMapEntry;                                  : loaded 2 times (x 69B)
Class org.gradle.api.internal.classpath.EffectiveClassPath                            : loaded 2 times (x 90B)
Class kotlin.reflect.jvm.internal.impl.name.FqNameUnsafe$1                            : loaded 2 times (x 74B)
Class kotlin.text.StringsKt__AppendableKt                                             : loaded 2 times (x 71B)
Class com.google.common.collect.ImmutableEnumMap                                      : loaded 2 times (x 125B)
Class com.google.common.collect.ListMultimap                                          : loaded 2 times (x 70B)
Class kotlin.jvm.internal.ArrayIteratorKt                                             : loaded 2 times (x 71B)
Class kotlin.reflect.jvm.internal.KCallableImpl                                       : loaded 2 times (x 105B)
Class kotlin.reflect.KProperty$Accessor                                               : loaded 2 times (x 70B)
Class [Lkotlin.reflect.KCallable;                                                     : loaded 2 times (x 69B)
Class com.google.common.collect.Sets$1                                                : loaded 2 times (x 139B)
Class org.objectweb.asm.AnnotationVisitor                                             : loaded 2 times (x 77B)
Class com.google.common.base.Splitter                                                 : loaded 2 times (x 72B)
Class org.gradle.api.internal.DefaultClassPathProvider                                : loaded 2 times (x 76B)
Class kotlin.reflect.jvm.internal.impl.builtins.PrimitiveType$arrayTypeFqName$2       : loaded 2 times (x 79B)
Class kotlin.reflect.jvm.internal.impl.builtins.jvm.JavaToKotlinClassMap$PlatformMutabilityMapping: loaded 2 times (x 72B)
Class kotlin.sequences.Sequence                                                       : loaded 2 times (x 70B)
Class kotlin.collections.builders.MapBuilder$EntryRef                                 : loaded 2 times (x 81B)
Class kotlin.text.StringsKt__StringNumberConversionsJVMKt                             : loaded 2 times (x 71B)
Class com.google.common.collect.Sets$2                                                : loaded 2 times (x 139B)
Class [Lorg.gradle.api.internal.ClassPathProvider;                                    : loaded 2 times (x 69B)
Class org.gradle.api.internal.ClassPathProvider                                       : loaded 2 times (x 70B)
Class kotlin.jvm.functions.Function20                                                 : loaded 2 times (x 70B)
Class kotlin.collections.CollectionsKt___CollectionsKt$asSequence$$inlined$Sequence$1 : loaded 2 times (x 75B)
Class org.jetbrains.kotlin.cli.common.arguments.Argument                              : loaded 2 times (x 70B)
Class org.jetbrains.kotlin.cli.common.CompilerSystemProperties                        : loaded 2 times (x 80B)
Class [Lorg.objectweb.asm.AnnotationVisitor;                                          : loaded 2 times (x 69B)
Class com.google.common.collect.Sets$3                                                : loaded 2 times (x 139B)
Class com.google.common.util.concurrent.AbstractFuture$SafeAtomicHelper               : loaded 2 times (x 79B)
Class com.google.common.cache.LocalCache$LocalLoadingCache                            : loaded 2 times (x 134B)
Class com.google.common.base.AbstractIterator$State                                   : loaded 2 times (x 79B)
Class org.gradle.internal.service.UnknownServiceException                             : loaded 2 times (x 83B)
Class kotlin.jvm.functions.Function21                                                 : loaded 2 times (x 70B)
Class kotlin.reflect.jvm.internal.impl.name.ClassId                                   : loaded 2 times (x 72B)
Class org.jetbrains.kotlin.config.JvmDefaultMode                                      : loaded 2 times (x 79B)
Class com.google.common.collect.Sets$4                                                : loaded 2 times (x 139B)
Class org.objectweb.asm.ModuleVisitor                                                 : loaded 2 times (x 80B)
Class com.google.common.cache.LocalCache$Strength$1                                   : loaded 2 times (x 81B)
Class kotlin.jvm.functions.Function22                                                 : loaded 2 times (x 70B)
Class kotlin.collections.MapWithDefault                                               : loaded 2 times (x 70B)
Class kotlin.collections.builders.MapBuilderEntries                                   : loaded 2 times (x 145B)
Class org.jetbrains.kotlin.cli.common.messages.CompilerMessageSeverity                : loaded 2 times (x 79B)
Class com.google.common.util.concurrent.SettableFuture                                : loaded 2 times (x 114B)
Class com.google.common.cache.LocalCache$Strength$2                                   : loaded 2 times (x 81B)
Class kotlin.sequences.SequencesKt__SequencesKt$generateSequence$1                    : loaded 2 times (x 79B)
Class kotlin.reflect.jvm.internal.KClassImpl$Data$descriptor$2                        : loaded 2 times (x 79B)
Class kotlin.reflect.KTypeParameter                                                   : loaded 2 times (x 70B)
Class kotlin.collections.ArraysKt___ArraysJvmKt                                       : loaded 2 times (x 71B)
Class kotlin.collections.CollectionsKt__CollectionsKt                                 : loaded 2 times (x 71B)
Class kotlin.text.StringsKt__RegexExtensionsJVMKt                                     : loaded 2 times (x 71B)
Class com.google.common.cache.LocalCache$Strength$3                                   : loaded 2 times (x 81B)
Class com.google.common.collect.MapDifference                                         : loaded 2 times (x 70B)
Class com.google.common.base.Splitter$1                                               : loaded 2 times (x 77B)
Class kotlin.sequences.SequencesKt__SequencesKt$generateSequence$2                    : loaded 2 times (x 79B)
Class kotlin._Assertions                                                              : loaded 2 times (x 71B)
Class kotlin.text.Regex$Companion                                                     : loaded 2 times (x 71B)
Class org.objectweb.asm.FieldWriter                                                   : loaded 2 times (x 77B)
Class com.google.common.cache.CacheBuilder$NullListener                               : loaded 2 times (x 82B)
Class org.gradle.internal.classpath.TransformedClassPath                              : loaded 2 times (x 96B)
Class kotlin.reflect.jvm.internal.KPropertyImpl$_javaField$1                          : loaded 2 times (x 79B)
Class kotlin.reflect.jvm.internal.KClassImpl$data$1                                   : loaded 2 times (x 79B)
Class kotlin.jvm.internal.FunctionReference                                           : loaded 2 times (x 122B)
Class kotlin.jvm.internal.FunctionBase                                                : loaded 2 times (x 70B)
Class kotlin.enums.EnumEntriesList                                                    : loaded 2 times (x 223B)
Class com.google.common.cache.CacheLoader$FunctionToCacheLoader                       : loaded 2 times (x 75B)
Class com.google.common.collect.Iterators$ArrayItr                                    : loaded 2 times (x 97B)
Class com.google.common.collect.ImmutableCollection$Builder                           : loaded 2 times (x 76B)
Class kotlin.comparisons.ComparisonsKt___ComparisonsJvmKt                             : loaded 2 times (x 71B)
Class kotlin.reflect.jvm.internal.impl.name.FqNamesUtilKt                             : loaded 2 times (x 71B)
Class org.jetbrains.kotlin.config.LanguageFeature                                     : loaded 2 times (x 80B)
Class kotlin.collections.builders.AbstractMapBuilderEntrySet                          : loaded 2 times (x 144B)
Class kotlin.collections.CollectionsKt__IteratorsJVMKt                                : loaded 2 times (x 71B)
Class com.google.common.base.Joiner                                                   : loaded 2 times (x 79B)
Class com.google.common.base.MoreObjects                                              : loaded 2 times (x 71B)
Class kotlin.reflect.KProperty0                                                       : loaded 2 times (x 70B)
Class org.jetbrains.kotlin.config.LanguageOrApiVersion                                : loaded 2 times (x 70B)
Class org.jetbrains.kotlin.cli.common.arguments.PreprocessCommandLineArgumentsKt      : loaded 2 times (x 71B)
Class [Lorg.objectweb.asm.Type;                                                       : loaded 2 times (x 69B)
Class com.google.common.collect.Platform                                              : loaded 2 times (x 71B)
Class com.google.common.collect.UnmodifiableIterator                                  : loaded 2 times (x 80B)
Class org.gradle.internal.service.ServiceLocator                                      : loaded 2 times (x 70B)
Class kotlin.sequences.TransformingSequence$iterator$1                                : loaded 2 times (x 79B)
Class [Lkotlin.Function;                                                              : loaded 2 times (x 69B)
Class kotlin.Pair                                                                     : loaded 2 times (x 72B)
Class kotlin.reflect.KClass                                                           : loaded 2 times (x 70B)
Class kotlin.reflect.KProperty1                                                       : loaded 2 times (x 70B)
Class com.google.common.base.Ascii                                                    : loaded 2 times (x 71B)
Class com.google.common.cache.LocalCache$1                                            : loaded 2 times (x 89B)
Class com.google.common.collect.AbstractMapEntry                                      : loaded 2 times (x 81B)
Class kotlin.reflect.jvm.internal.KClassImpl$Data$qualifiedName$2                     : loaded 2 times (x 79B)
Class kotlin.collections.CollectionsKt___CollectionsKt$withIndex$1                    : loaded 2 times (x 79B)
Class kotlin.sequences.GeneratorSequence$iterator$1                                   : loaded 2 times (x 79B)
Class kotlin.io.CloseableKt                                                           : loaded 2 times (x 71B)
Class kotlin.reflect.KProperty2                                                       : loaded 2 times (x 70B)
Class kotlin.collections.CollectionsKt__MutableCollectionsKt                          : loaded 2 times (x 71B)
Class com.google.common.collect.Sets$ImprovedAbstractSet                              : loaded 2 times (x 135B)
Class com.google.common.collect.ImmutableList$Builder                                 : loaded 2 times (x 77B)
Class com.google.common.cache.LocalCache$2                                            : loaded 2 times (x 142B)
Class com.google.common.collect.AbstractMultimap                                      : loaded 2 times (x 123B)
Class kotlin.reflect.jvm.internal.impl.utils.CollectionsKt                            : loaded 2 times (x 71B)
Class kotlin.ReplaceWith                                                              : loaded 2 times (x 70B)
Class kotlin.io.TerminateException                                                    : loaded 2 times (x 82B)
Class kotlin.io.FilesKt__FilePathComponentsKt                                         : loaded 2 times (x 71B)
Class kotlin.reflect.KCallable                                                        : loaded 2 times (x 70B)
Class com.google.common.util.concurrent.AbstractFuture$UnsafeAtomicHelper$1           : loaded 2 times (x 76B)
Class com.google.common.collect.RegularImmutableAsList                                : loaded 2 times (x 216B)
Class kotlin.collections.AbstractIterator                                             : loaded 2 times (x 83B)
Class kotlin.text.CharsKt                                                             : loaded 2 times (x 71B)
Class com.google.common.util.concurrent.AbstractFuture$Trusted                        : loaded 2 times (x 70B)
Class com.google.common.collect.Iterators                                             : loaded 2 times (x 71B)
Class com.google.common.base.CharMatcher$RangesMatcher                                : loaded 2 times (x 112B)
Class build_6q0ghfex2m7ky4eb05875xkei$_run_closure1                                   : loaded 2 times (x 139B)
Class kotlin.reflect.jvm.internal.KMutableProperty1Impl                               : loaded 2 times (x 135B)
Class org.jetbrains.kotlin.config.Services                                            : loaded 2 times (x 72B)
Class com.google.common.util.concurrent.UncheckedExecutionException                   : loaded 2 times (x 82B)
Class com.google.common.collect.Lists$StringAsImmutableList                           : loaded 2 times (x 207B)
Class kotlin.reflect.jvm.internal.KClassImpl$Data$declaredMembers$2                   : loaded 2 times (x 79B)
Class kotlin.collections.builders.MapBuilder$EntriesItr                               : loaded 2 times (x 81B)
Class com.google.common.base.CharMatcher$JavaLetterOrDigit                            : loaded 2 times (x 111B)
Class org.gradle.internal.InternalTransformer                                         : loaded 2 times (x 70B)
Class kotlin.DeprecationLevel                                                         : loaded 2 times (x 79B)
Class kotlin.jvm.JvmStatic                                                            : loaded 2 times (x 70B)
Class kotlin.collections.ArraysKt___ArraysKt$asSequence$$inlined$Sequence$1           : loaded 2 times (x 75B)
Class kotlin.reflect.jvm.internal.ReflectionFactoryImpl                               : loaded 2 times (x 91B)
Class kotlin.collections.MapsKt__MapsJVMKt                                            : loaded 2 times (x 71B)
Class kotlin.collections.EmptyList                                                    : loaded 2 times (x 174B)
Class com.google.common.collect.AbstractMapBasedMultimap$KeySet$1                     : loaded 2 times (x 82B)
Class org.objectweb.asm.ClassWriter                                                   : loaded 2 times (x 104B)
Class com.google.common.cache.CacheLoader$UnsupportedLoadingOperationException        : loaded 2 times (x 82B)
Class com.google.common.base.CharMatcher$And                                          : loaded 2 times (x 112B)
Class org.gradle.internal.classloader.ClasspathUtil$1                                 : loaded 2 times (x 76B)
Class kotlin.reflect.jvm.internal.impl.builtins.StandardNames$FqNames                 : loaded 2 times (x 71B)
Class kotlin.collections.builders.ListBuilderKt                                       : loaded 2 times (x 71B)
Class com.google.common.base.Objects                                                  : loaded 2 times (x 71B)
Class org.objectweb.asm.FieldVisitor                                                  : loaded 2 times (x 76B)
Class com.google.common.collect.IndexedImmutableSet                                   : loaded 2 times (x 150B)
Class com.google.common.collect.ImmutableMap$1                                        : loaded 2 times (x 81B)
Class com.google.common.collect.BiMap                                                 : loaded 2 times (x 70B)
Class settings_45oobmneggqzdycjcw65v8uef$_run_closure1                                : loaded 2 times (x 139B)
Class org.gradle.api.internal.classpath.DefaultModuleRegistry$DefaultModule           : loaded 2 times (x 86B)
Class org.jetbrains.kotlin.name.ClassId                                               : loaded 2 times (x 72B)
Class com.google.common.primitives.Ints                                               : loaded 2 times (x 71B)
Class com.google.common.collect.AbstractIterator                                      : loaded 2 times (x 82B)
Class kotlin.reflect.jvm.internal.KClassImpl$Data$inheritedStaticMembers$2            : loaded 2 times (x 79B)
Class kotlin.collections.IndexingIterable                                             : loaded 2 times (x 79B)
Class kotlin.Deprecated                                                               : loaded 2 times (x 70B)
Class kotlin.collections.ArraysKt__ArraysKt                                           : loaded 2 times (x 71B)
Class com.google.common.math.MathPreconditions                                        : loaded 2 times (x 71B)
Class com.google.common.collect.Multiset                                              : loaded 2 times (x 70B)
Class com.google.common.collect.ArrayListMultimapGwtSerializationDependencies         : loaded 2 times (x 172B)
Class com.google.common.collect.ObjectArrays                                          : loaded 2 times (x 71B)
Class com.google.common.collect.AbstractIndexedListIterator                           : loaded 2 times (x 96B)
Class kotlin.reflect.jvm.internal.impl.builtins.jvm.JavaToKotlinClassMap              : loaded 2 times (x 71B)
Class kotlin.collections.SetsKt__SetsJVMKt                                            : loaded 2 times (x 71B)
Class kotlin.reflect.jvm.internal.KotlinReflectionInternalError                       : loaded 2 times (x 82B)
Class kotlin.Function                                                                 : loaded 2 times (x 70B)
Class com.google.common.collect.ImmutableMapEntrySet                                  : loaded 2 times (x 151B)
Class org.gradle.api.internal.classpath.Module                                        : loaded 2 times (x 70B)
Class kotlin.io.FileAlreadyExistsException                                            : loaded 2 times (x 82B)
Class kotlin.internal.ProgressionUtilKt                                               : loaded 2 times (x 71B)
Class kotlin.KotlinVersion                                                            : loaded 2 times (x 74B)
Class kotlin.reflect.jvm.internal.KClassifierImpl                                     : loaded 2 times (x 70B)
Class kotlin.reflect.KMutableProperty                                                 : loaded 2 times (x 70B)
Class com.google.common.cache.Weigher                                                 : loaded 2 times (x 70B)
Class org.gradle.api.internal.classpath.UnknownModuleException                        : loaded 2 times (x 82B)
Class org.gradle.cache.GlobalCache                                                    : loaded 2 times (x 70B)
Class org.jetbrains.kotlin.config.ApiVersion                                          : loaded 2 times (x 86B)
Class kotlin.jvm.internal.PropertyReference                                           : loaded 2 times (x 115B)
Class org.jetbrains.kotlin.cli.common.arguments.K2JVMCompilerArguments$Companion      : loaded 2 times (x 71B)
Class org.jetbrains.kotlin.config.Services$Companion                                  : loaded 2 times (x 71B)
Class com.google.common.base.Stopwatch                                                : loaded 2 times (x 72B)
Class com.google.common.cache.LocalCache$Strength                                     : loaded 2 times (x 81B)
Class com.google.common.cache.Cache                                                   : loaded 2 times (x 70B)
Class kotlin.reflect.jvm.internal.KClassImpl$Data$nestedClasses$2                     : loaded 2 times (x 79B)
Class kotlin.collections.IndexingIterator                                             : loaded 2 times (x 79B)
Class com.google.common.util.concurrent.AbstractFuture$Cancellation                   : loaded 2 times (x 72B)
Class com.google.common.collect.ImmutableMap$Builder                                  : loaded 2 times (x 82B)
Class com.google.common.base.NullnessCasts                                            : loaded 2 times (x 71B)
Class [Lkotlin.reflect.jvm.internal.impl.builtins.PrimitiveType;                      : loaded 2 times (x 69B)
Class kotlin.reflect.jvm.internal.impl.builtins.StandardNames                         : loaded 2 times (x 71B)
Class kotlin.reflect.jvm.internal.KClassImpl$Data$annotations$2                       : loaded 2 times (x 79B)
Class kotlin.reflect.jvm.internal.ReflectProperties$LazySoftVal                       : loaded 2 times (x 78B)
Class [Lkotlin.reflect.KAnnotatedElement;                                             : loaded 2 times (x 69B)
Class org.jetbrains.kotlin.cli.common.arguments.CommonToolArguments$Companion         : loaded 2 times (x 71B)
Class com.google.common.cache.RemovalListener                                         : loaded 2 times (x 70B)
Class org.gradle.api.internal.DefaultClassPathRegistry                                : loaded 2 times (x 76B)
Class kotlin.reflect.jvm.internal.KPropertyImpl                                       : loaded 2 times (x 115B)
Class kotlin.ranges.ClosedRange                                                       : loaded 2 times (x 70B)
Class kotlin.reflect.KProperty                                                        : loaded 2 times (x 70B)
Class kotlin.jvm.internal.Reflection                                                  : loaded 2 times (x 71B)
Class kotlin.jvm.JvmClassMappingKt                                                    : loaded 2 times (x 71B)
Class org.jetbrains.kotlin.load.java.JvmAbi                                           : loaded 2 times (x 71B)
Class [Lorg.jetbrains.kotlin.config.JvmDefaultMode;                                   : loaded 2 times (x 69B)
Class org.jetbrains.kotlin.cli.common.messages.MessageCollector                       : loaded 2 times (x 70B)
Class com.google.common.primitives.IntsMethodsForWeb                                  : loaded 2 times (x 71B)
Class com.google.common.collect.Multimap                                              : loaded 2 times (x 70B)
Class org.gradle.api.internal.ClassPathRegistry                                       : loaded 2 times (x 70B)
Class org.gradle.internal.classpath.DefaultClassPath$ImmutableUniqueList              : loaded 2 times (x 199B)
Class kotlin.jvm.internal.TypeIntrinsics                                              : loaded 2 times (x 71B)
Class kotlin.reflect.jvm.internal.impl.resolve.jvm.JvmPrimitiveType                   : loaded 2 times (x 79B)
Class kotlin.reflect.jvm.internal.KClassImpl$Data$declaredNonStaticMembers$2          : loaded 2 times (x 79B)
Class kotlin.collections.IntIterator                                                  : loaded 2 times (x 82B)
Class kotlin.text.StringsKt__StringsJVMKt                                             : loaded 2 times (x 71B)
Class com.google.common.base.ExtraObjectsMethodsForWeb                                : loaded 2 times (x 71B)
Class kotlin.collections.SetsKt                                                       : loaded 2 times (x 71B)
Class org.jetbrains.kotlin.config.JvmDefaultMode$Companion                            : loaded 2 times (x 71B)
Class kotlin.text.StringsKt__IndentKt                                                 : loaded 2 times (x 71B)
Class com.google.common.cache.CacheBuilder                                            : loaded 2 times (x 72B)
Class com.google.common.collect.SingletonImmutableList                                : loaded 2 times (x 207B)
Class settings_45oobmneggqzdycjcw65v8uef$_run_closure1$_closure2                      : loaded 2 times (x 139B)
Class org.gradle.internal.classpath.ClassPath                                         : loaded 2 times (x 70B)
Class org.gradle.api.UncheckedIOException                                             : loaded 2 times (x 82B)
Class [Lkotlin.reflect.jvm.internal.impl.name.FqName;                                 : loaded 2 times (x 69B)
Class kotlin.reflect.jvm.internal.KPackageImpl                                        : loaded 2 times (x 85B)
Class kotlin.reflect.KFunction                                                        : loaded 2 times (x 70B)
Class com.google.common.collect.ImmutableList$ReverseImmutableList                    : loaded 2 times (x 208B)
Class com.google.common.base.JdkPattern                                               : loaded 2 times (x 75B)
Class kotlin.reflect.jvm.internal.KClassImpl$Data$declaredStaticMembers$2             : loaded 2 times (x 79B)
Class kotlin.reflect.jvm.internal.KProperty1Impl$delegateSource$1                     : loaded 2 times (x 79B)
Class [Lkotlin.reflect.KDeclarationContainer;                                         : loaded 2 times (x 69B)
Class kotlin.collections.MapsKt__MapsKt                                               : loaded 2 times (x 71B)
Class kotlin.jvm.internal.Lambda                                                      : loaded 2 times (x 75B)
Class org.jetbrains.kotlin.cli.common.arguments.Freezable                             : loaded 2 times (x 72B)
Class org.objectweb.asm.SymbolTable$Entry                                             : loaded 2 times (x 74B)
Class com.google.common.util.concurrent.AbstractFuture$AtomicHelper                   : loaded 2 times (x 78B)
Class kotlin.jvm.internal.markers.KMutableMap$Entry                                   : loaded 2 times (x 70B)
Class org.objectweb.asm.Edge                                                          : loaded 2 times (x 72B)
Class com.google.common.base.Suppliers$SupplierOfInstance                             : loaded 2 times (x 79B)
Class com.google.common.collect.Iterators$1                                           : loaded 2 times (x 81B)
Class kotlin.properties.Delegates                                                     : loaded 2 times (x 71B)
Class kotlin.Metadata                                                                 : loaded 2 times (x 70B)
Class kotlin.collections.AbstractMutableSet                                           : loaded 2 times (x 142B)
Class kotlin.UninitializedPropertyAccessException                                     : loaded 2 times (x 82B)
Class com.google.common.cache.LocalCache$ComputingValueReference                      : loaded 2 times (x 96B)
Class com.google.common.collect.SingletonImmutableSet                                 : loaded 2 times (x 146B)
Class com.google.common.collect.ImmutableMap$IteratorBasedImmutableMap                : loaded 2 times (x 125B)
Class kotlin.reflect.jvm.internal.KClassImpl$Data$supertypes$2                        : loaded 2 times (x 79B)
Class kotlin.sequences.SequencesKt___SequencesKt$filterNotNull$1                      : loaded 2 times (x 78B)
Class kotlin.reflect.KProperty$Getter                                                 : loaded 2 times (x 70B)
Class [Lorg.jetbrains.kotlin.cli.common.messages.CompilerMessageSeverity;             : loaded 2 times (x 69B)
Class com.google.common.cache.LocalCache$Segment                                      : loaded 2 times (x 154B)
Class kotlin.SafePublicationLazyImpl                                                  : loaded 2 times (x 76B)
Class kotlin.reflect.jvm.internal.ReflectProperties                                   : loaded 2 times (x 71B)
Class org.jetbrains.kotlin.utils.DescriptionAware                                     : loaded 2 times (x 70B)
Class [Lorg.objectweb.asm.SymbolTable$Entry;                                          : loaded 2 times (x 69B)
Class com.google.common.cache.CacheLoader                                             : loaded 2 times (x 74B)
Class com.google.common.collect.Iterators$4                                           : loaded 2 times (x 82B)
Class com.google.common.collect.ImmutableBiMap                                        : loaded 2 times (x 143B)
Class com.google.common.collect.AbstractListMultimap                                  : loaded 2 times (x 172B)
Class org.gradle.internal.installation.GradleInstallation$1                           : loaded 2 times (x 75B)
Class org.gradle.api.internal.classpath.ModuleRegistry                                : loaded 2 times (x 70B)
Class com.google.common.util.concurrent.internal.InternalFutureFailureAccess          : loaded 2 times (x 72B)
Class com.google.common.collect.Iterators$5                                           : loaded 2 times (x 82B)
Class com.google.common.collect.ImmutableSet$JdkBackedSetBuilderImpl                  : loaded 2 times (x 76B)
Class com.google.common.base.Splitter$SplittingIterator                               : loaded 2 times (x 84B)
Class kotlin.reflect.jvm.internal.KDeclarationContainerImpl                           : loaded 2 times (x 84B)
Class org.jetbrains.kotlin.name.FqNameUnsafe                                          : loaded 2 times (x 72B)
Class com.google.common.util.concurrent.AbstractFuture$UnsafeAtomicHelper             : loaded 2 times (x 78B)
Class com.google.common.cache.LocalCache$LocalManualCache$1                           : loaded 2 times (x 75B)
Class com.google.common.base.CharMatcher$ForPredicate                                 : loaded 2 times (x 112B)
Class kotlin.io.FilesKt__UtilsKt                                                      : loaded 2 times (x 71B)
Class org.jetbrains.kotlin.config.AnalysisFlag                                        : loaded 2 times (x 72B)
Class kotlin.collections.CollectionsKt__CollectionsJVMKt                              : loaded 2 times (x 71B)
Class com.google.common.collect.ImmutableCollection                                   : loaded 2 times (x 125B)
Class com.google.common.base.CharMatcher$AnyOf                                        : loaded 2 times (x 112B)
Class org.gradle.api.internal.classpath.DefaultModuleRegistry                         : loaded 2 times (x 86B)
Class kotlin.collections.IndexedValue                                                 : loaded 2 times (x 72B)
Class kotlin.reflect.jvm.internal.impl.name.SpecialNames                              : loaded 2 times (x 71B)
Class kotlin.sequences.SequencesKt                                                    : loaded 2 times (x 71B)
Class kotlin.KotlinVersionCurrentValue                                                : loaded 2 times (x 71B)
Class kotlin.collections.builders.MapBuilder$Itr                                      : loaded 2 times (x 72B)
Class kotlin.collections.CollectionsKt__IteratorsKt                                   : loaded 2 times (x 71B)
Class com.google.common.util.concurrent.ListenableFuture                              : loaded 2 times (x 70B)
Class com.google.common.cache.ReferenceEntry                                          : loaded 2 times (x 70B)
Class com.google.common.collect.ImmutableSet$CachingAsList                            : loaded 2 times (x 147B)
Class com.google.common.base.Converter                                                : loaded 2 times (x 90B)
Class com.google.common.collect.Lists                                                 : loaded 2 times (x 71B)
Class com.google.common.base.CharMatcher$Any                                          : loaded 2 times (x 112B)
Class kotlin.reflect.jvm.internal.KClassImpl$Data$allMembers$2                        : loaded 2 times (x 79B)
Class kotlin.jvm.internal.markers.KMutableSet                                         : loaded 2 times (x 70B)
Class kotlin.text.StringsKt                                                           : loaded 2 times (x 71B)
Class com.google.common.util.concurrent.AbstractFuture                                : loaded 2 times (x 106B)
Class com.google.common.base.FunctionalEquivalence                                    : loaded 2 times (x 83B)
Class com.google.common.collect.Iterators$9                                           : loaded 2 times (x 81B)
Class com.google.common.collect.AbstractMapBasedMultimap                              : loaded 2 times (x 139B)
Class com.google.common.collect.ImmutableAsList                                       : loaded 2 times (x 209B)
Class kotlin.io.FileTreeWalk$FileTreeWalkIterator$SingleFileState                     : loaded 2 times (x 74B)
Class kotlin.LazyKt__LazyJVMKt                                                        : loaded 2 times (x 71B)
Class org.jetbrains.kotlin.config.ExplicitApiMode                                     : loaded 2 times (x 79B)
Class org.objectweb.asm.RecordComponentVisitor                                        : loaded 2 times (x 77B)
Class com.google.common.cache.CacheLoader$SupplierToCacheLoader                       : loaded 2 times (x 75B)
Class kotlin.jvm.internal.markers.KMutableList                                        : loaded 2 times (x 70B)
Class kotlin.io.FilesKt__FileReadWriteKt                                              : loaded 2 times (x 71B)
Class [Lkotlin.Pair;                                                                  : loaded 2 times (x 69B)
Class kotlin.text.StringsKt__StringNumberConversionsKt                                : loaded 2 times (x 71B)
Class org.jetbrains.kotlin.cli.common.CompilerSystemProperties$value$1                : loaded 2 times (x 125B)
Class com.google.common.collect.Maps$EntryTransformer                                 : loaded 2 times (x 70B)
Class org.gradle.internal.service.ServiceLookupException                              : loaded 2 times (x 82B)
Class [Lkotlin.sequences.Sequence;                                                    : loaded 2 times (x 69B)
Class kotlin.jvm.internal.MutablePropertyReference1Impl                               : loaded 2 times (x 137B)
Class [Lcom.google.common.cache.LocalCache$EntryFactory;                              : loaded 2 times (x 69B)
Class com.google.common.base.CharMatcher$JavaLetter                                   : loaded 2 times (x 111B)
Class org.gradle.internal.classloader.ClassLoaderFactory                              : loaded 2 times (x 70B)
Class kotlin.reflect.jvm.internal.impl.builtins.PrimitiveType                         : loaded 2 times (x 79B)
Class org.jetbrains.kotlin.cli.common.arguments.ArgumentParseErrors                   : loaded 2 times (x 72B)
Class com.google.common.cache.LocalCache$LocalManualCache                             : loaded 2 times (x 99B)
Class com.google.common.base.CharMatcher$IsNot                                        : loaded 2 times (x 111B)
Class com.google.common.base.CommonPattern                                            : loaded 2 times (x 74B)
Class org.gradle.internal.service.CachingServiceLocator                               : loaded 2 times (x 82B)
Class kotlin.jvm.internal.CallableReference                                           : loaded 2 times (x 106B)
Class com.google.common.collect.AbstractMapBasedMultimap$KeySet                       : loaded 2 times (x 137B)
Class com.google.common.math.IntMath                                                  : loaded 2 times (x 71B)
Class kotlin.reflect.jvm.internal.impl.descriptors.runtime.structure.ReflectClassUtilKt: loaded 2 times (x 71B)
Class kotlin.ranges.IntRange                                                          : loaded 2 times (x 93B)
Class kotlin.properties.ReadOnlyProperty                                              : loaded 2 times (x 70B)
Class kotlin.jvm.internal.markers.KMutableMap                                         : loaded 2 times (x 70B)
Class com.google.common.collect.Iterators$10                                          : loaded 2 times (x 81B)
Class com.google.common.collect.ImmutableMapEntry                                     : loaded 2 times (x 85B)
Class com.google.common.base.CharMatcher$JavaDigit                                    : loaded 2 times (x 111B)
Class org.jetbrains.kotlin.name.FqName                                                : loaded 2 times (x 72B)
Class org.jetbrains.kotlin.cli.common.arguments.CommonCompilerArguments$Companion     : loaded 2 times (x 71B)
Class kotlin.enums.EnumEntries                                                        : loaded 2 times (x 70B)
Class com.google.common.base.Equivalence                                              : loaded 2 times (x 82B)
Class com.google.common.collect.ImmutableMapEntry$NonTerminalImmutableMapEntry        : loaded 2 times (x 85B)
Class com.google.common.base.Function                                                 : loaded 2 times (x 70B)
Class kotlin.reflect.jvm.internal.KCallableImpl$_returnType$1                         : loaded 2 times (x 79B)
Class [Lorg.jetbrains.kotlin.cli.common.CompilerSystemProperties;                     : loaded 2 times (x 69B)
Class com.google.common.cache.CacheBuilder$OneWeigher                                 : loaded 2 times (x 82B)
Class com.google.common.collect.RegularImmutableList                                  : loaded 2 times (x 212B)
Class kotlin.reflect.jvm.internal.KDeclarationContainerImpl$Companion                 : loaded 2 times (x 71B)
Class com.google.common.collect.ImmutableBiMapFauxverideShim                          : loaded 2 times (x 120B)
Class org.gradle.internal.classloader.ClasspathUtil                                   : loaded 2 times (x 71B)
Class kotlin.sequences.EmptySequence                                                  : loaded 2 times (x 78B)
Class kotlin.io.FileSystemException                                                   : loaded 2 times (x 82B)
Class kotlin.jvm.internal.PropertyReference0                                          : loaded 2 times (x 127B)
Class org.jetbrains.kotlin.cli.common.arguments.ParseCommandLineArgumentsKt           : loaded 2 times (x 71B)
Class com.google.common.base.Charsets                                                 : loaded 2 times (x 71B)
Class com.google.common.util.concurrent.Uninterruptibles                              : loaded 2 times (x 71B)
Class kotlin.reflect.full.IllegalCallableAccessException                              : loaded 2 times (x 82B)
Class kotlin.jvm.internal.DefaultConstructorMarker                                    : loaded 2 times (x 71B)
Class kotlin.jvm.internal.PropertyReference1                                          : loaded 2 times (x 127B)
Class com.google.common.collect.Maps                                                  : loaded 2 times (x 71B)
Class com.google.common.base.CharMatcher$JavaUpperCase                                : loaded 2 times (x 111B)
Class org.gradle.api.specs.Spec                                                       : loaded 2 times (x 70B)
Class kotlin.UnsafeLazyImpl                                                           : loaded 2 times (x 76B)
Class kotlin.LazyKt__LazyJVMKt$WhenMappings                                           : loaded 2 times (x 71B)
Class kotlin.jvm.internal.PropertyReference2                                          : loaded 2 times (x 127B)
Class kotlin.jvm.internal.MutablePropertyReference                                    : loaded 2 times (x 119B)
Class org.jetbrains.kotlin.name.Name                                                  : loaded 2 times (x 75B)
Class [Lcom.google.common.collect.ImmutableEntry;                                     : loaded 2 times (x 69B)
Class [Lkotlin.reflect.jvm.internal.impl.builtins.jvm.JavaToKotlinClassMap$PlatformMutabilityMapping;: loaded 2 times (x 69B)
Class kotlin.reflect.jvm.internal.KClassImpl$Data$constructors$2                      : loaded 2 times (x 79B)
Class kotlin.jvm.internal.ArrayIterator                                               : loaded 2 times (x 79B)
Class kotlin.reflect.full.IllegalPropertyDelegateAccessException                      : loaded 2 times (x 82B)
Class kotlin.LazyThreadSafetyMode                                                     : loaded 2 times (x 79B)
Class com.google.common.cache.LocalCache$LoadingValueReference                        : loaded 2 times (x 96B)
Class kotlin.jvm.internal.SpreadBuilder                                               : loaded 2 times (x 76B)
Class kotlin.collections.EmptyIterator                                                : loaded 2 times (x 89B)
Class kotlin.SynchronizedLazyImpl                                                     : loaded 2 times (x 76B)
Class kotlin.text.StringsKt__RegexExtensionsKt                                        : loaded 2 times (x 71B)
Class com.google.common.base.Platform                                                 : loaded 2 times (x 71B)
Class kotlin.sequences.SequencesKt__SequencesJVMKt                                    : loaded 2 times (x 71B)
Class kotlin.io.FilePathComponents                                                    : loaded 2 times (x 72B)
Class kotlin.collections.AbstractList                                                 : loaded 2 times (x 197B)
Class kotlin.collections.AbstractCollection                                           : loaded 2 times (x 117B)
Class [Lorg.objectweb.asm.AnnotationWriter;                                           : loaded 2 times (x 69B)
Class com.google.common.primitives.Ints$IntConverter                                  : loaded 2 times (x 90B)
Class com.google.common.collect.Maps$8                                                : loaded 2 times (x 82B)
Class kotlin.Triple                                                                   : loaded 2 times (x 72B)
Class kotlin.collections.ArrayAsCollection                                            : loaded 2 times (x 105B)
Class kotlin.text.Regex                                                               : loaded 2 times (x 72B)
Class kotlin.LazyKt__LazyKt                                                           : loaded 2 times (x 71B)
Class kotlin.text.StringsKt__StringBuilderJVMKt                                       : loaded 2 times (x 71B)
Class com.google.common.collect.Sets$SetView                                          : loaded 2 times (x 138B)
Class com.google.common.cache.LocalCache$StrongValueReference                         : loaded 2 times (x 90B)
Class com.google.common.util.concurrent.AbstractFuture$SynchronizedHelper             : loaded 2 times (x 78B)
Class com.google.common.base.CharMatcher$Invisible                                    : loaded 2 times (x 112B)
Class kotlin.jvm.internal.Ref$ObjectRef                                               : loaded 2 times (x 72B)
Class kotlin.jvm.internal.ReflectionFactory                                           : loaded 2 times (x 91B)
Class kotlin.UNINITIALIZED_VALUE                                                      : loaded 2 times (x 71B)
Class [Lorg.jetbrains.kotlin.config.JVMAssertionsMode;                                : loaded 2 times (x 69B)
Class org.jetbrains.kotlin.config.JVMAssertionsMode                                   : loaded 2 times (x 79B)
Class org.objectweb.asm.Type                                                          : loaded 2 times (x 72B)
Class org.gradle.internal.classloader.VisitableURLClassLoader$InstrumentingVisitableURLClassLoader: loaded 2 times (x 123B)
Class kotlin.comparisons.ComparisonsKt__ComparisonsKt                                 : loaded 2 times (x 71B)
Class [Lkotlin.reflect.jvm.internal.impl.resolve.jvm.JvmPrimitiveType;                : loaded 2 times (x 69B)
Class kotlin.sequences.SequencesKt__SequencesKt                                       : loaded 2 times (x 71B)
Class kotlin.collections.SetsKt___SetsKt                                              : loaded 2 times (x 71B)
Class kotlin.jvm.internal.ClassBasedDeclarationContainer                              : loaded 2 times (x 70B)
Class kotlin.ranges.RangesKt__RangesKt                                                : loaded 2 times (x 71B)
Class org.jetbrains.kotlin.cli.common.arguments.ParseCommandLineArgumentsKt$parseCommandLineArguments$errors$1: loaded 2 times (x 79B)
Class org.objectweb.asm.ByteVector                                                    : loaded 2 times (x 78B)
Class [Lcom.google.common.cache.CacheBuilder$NullListener;                            : loaded 2 times (x 69B)
Class com.google.common.math.IntMath$1                                                : loaded 2 times (x 71B)
Class org.gradle.internal.classloader.VisitableURLClassLoader$Spec                    : loaded 2 times (x 74B)
Class org.gradle.internal.classpath.DefaultClassPath                                  : loaded 2 times (x 90B)
Class kotlin.comparisons.ComparisonsKt                                                : loaded 2 times (x 71B)
Class kotlin.comparisons.ComparisonsKt___ComparisonsKt                                : loaded 2 times (x 71B)
Class kotlin.sequences.FilteringSequence                                              : loaded 2 times (x 75B)
Class kotlin.reflect.jvm.internal.KMutableProperty1Impl$_setter$1                     : loaded 2 times (x 79B)
Class kotlin.text.CharsKt__CharJVMKt                                                  : loaded 2 times (x 71B)
Class org.objectweb.asm.Symbol                                                        : loaded 2 times (x 73B)
Class com.google.common.base.AbstractIterator                                         : loaded 2 times (x 80B)
Class kotlin.reflect.KType                                                            : loaded 2 times (x 70B)
Class com.google.common.collect.ImmutableSet                                          : loaded 2 times (x 145B)
Class com.google.common.collect.RegularImmutableMap$Values                            : loaded 2 times (x 207B)
Class com.google.common.base.CharMatcher$BitSetMatcher                                : loaded 2 times (x 112B)
Class com.google.common.base.CharMatcher$Ascii                                        : loaded 2 times (x 112B)
Class org.gradle.internal.classloader.ClassLoaderSpec                                 : loaded 2 times (x 71B)
Class kotlin.jvm.internal.FunctionReferenceImpl                                       : loaded 2 times (x 122B)
Class kotlin.reflect.jvm.internal.ReflectProperties$Val$1                             : loaded 2 times (x 71B)
Class kotlin.collections.CollectionsKt___CollectionsJvmKt                             : loaded 2 times (x 71B)
Class org.objectweb.asm.AnnotationWriter                                              : loaded 2 times (x 78B)
Class com.google.common.cache.CacheStats                                              : loaded 2 times (x 71B)
Class kotlin.sequences.SequencesKt___SequencesJvmKt                                   : loaded 2 times (x 71B)
Class kotlin.Unit                                                                     : loaded 2 times (x 71B)
Class kotlin.TuplesKt                                                                 : loaded 2 times (x 71B)
Class kotlin.jvm.internal.markers.KMutableIterable                                    : loaded 2 times (x 70B)
Class org.objectweb.asm.RecordComponentWriter                                         : loaded 2 times (x 78B)
Class com.google.common.util.concurrent.AbstractFuture$Listener                       : loaded 2 times (x 72B)
Class com.google.common.base.CharMatcher$Or                                           : loaded 2 times (x 112B)
Class kotlin.ranges.RangesKt                                                          : loaded 2 times (x 71B)
Class org.jetbrains.kotlin.config.Services$Builder                                    : loaded 2 times (x 72B)
Class org.objectweb.asm.Attribute                                                     : loaded 2 times (x 77B)
Class com.google.common.base.Supplier                                                 : loaded 2 times (x 70B)
Class org.gradle.internal.classloader.VisitableURLClassLoader                         : loaded 2 times (x 117B)
Class [Lkotlin.DeprecationLevel;                                                      : loaded 2 times (x 69B)
Class kotlin.sequences.GeneratorSequence                                              : loaded 2 times (x 75B)
Class kotlin.sequences.FlatteningSequence$iterator$1                                  : loaded 2 times (x 79B)
Class kotlin.reflect.jvm.internal.KClassImpl                                          : loaded 2 times (x 115B)
Class kotlin.jvm.functions.Function0                                                  : loaded 2 times (x 70B)
Class kotlin.collections.ArraysUtilJVM                                                : loaded 2 times (x 71B)
Class com.google.common.util.concurrent.AbstractFuture$Waiter                         : loaded 2 times (x 72B)
Class org.gradle.internal.Cast                                                        : loaded 2 times (x 71B)
Class org.gradle.api.Action                                                           : loaded 2 times (x 70B)
Class kotlin.collections.AbstractMutableList                                          : loaded 2 times (x 206B)
Class kotlin.properties.ReadWriteProperty                                             : loaded 2 times (x 70B)
Class org.jetbrains.kotlin.cli.common.messages.GradleStyleMessageRenderer             : loaded 2 times (x 78B)
Class kotlin.jvm.functions.Function1                                                  : loaded 2 times (x 70B)
Class com.google.common.collect.Sets                                                  : loaded 2 times (x 71B)
Class org.objectweb.asm.Handler                                                       : loaded 2 times (x 72B)
Class com.google.common.base.Strings                                                  : loaded 2 times (x 71B)
Class com.google.common.base.Ticker                                                   : loaded 2 times (x 72B)
Class com.google.common.base.CharMatcher$FastMatcher                                  : loaded 2 times (x 111B)
Class org.gradle.internal.agents.InstrumentingClassLoader                             : loaded 2 times (x 70B)
Class kotlin.reflect.jvm.internal.KCallableImpl$_typeParameters$1                     : loaded 2 times (x 79B)
Class kotlin.jvm.functions.Function2                                                  : loaded 2 times (x 70B)
Class kotlin.jvm.internal.markers.KMutableIterator                                    : loaded 2 times (x 70B)
Class [Lcom.google.common.cache.LocalCache$Segment;                                   : loaded 2 times (x 69B)
Class [Lcom.google.common.cache.LocalCache$Strength;                                  : loaded 2 times (x 69B)
Class com.google.common.cache.CacheBuilder$1                                          : loaded 2 times (x 85B)
Class com.google.common.collect.ImmutableMap                                          : loaded 2 times (x 120B)
Class com.google.common.base.Predicate                                                : loaded 2 times (x 70B)
Class org.gradle.internal.classpath.DefaultClassPath$ImmutableUniqueList$Builder      : loaded 2 times (x 75B)
Class kotlin.reflect.jvm.internal.KDeclarationContainerImpl$Data                      : loaded 2 times (x 72B)
Class kotlin.reflect.jvm.internal.KProperty1Impl$_getter$1                            : loaded 2 times (x 79B)
Class kotlin.io.FileTreeWalk$WalkState                                                : loaded 2 times (x 73B)
Class kotlin.jvm.functions.Function3                                                  : loaded 2 times (x 70B)
Class kotlin.collections.MapsKt___MapsJvmKt                                           : loaded 2 times (x 71B)
Class com.google.common.cache.LocalCache                                              : loaded 2 times (x 187B)
Class com.google.common.cache.CacheBuilder$2                                          : loaded 2 times (x 79B)
Class com.google.common.base.CharMatcher$NegatedFastMatcher                           : loaded 2 times (x 113B)
Class kotlin.reflect.jvm.internal.impl.builtins.PrimitiveType$Companion               : loaded 2 times (x 71B)
Class kotlin.reflect.jvm.internal.KClassImpl$Data$typeParameters$2                    : loaded 2 times (x 79B)
Class kotlin.reflect.jvm.internal.KClassImpl$Data                                     : loaded 2 times (x 72B)
Class kotlin.jvm.functions.Function4                                                  : loaded 2 times (x 70B)
Class kotlin.collections.State                                                        : loaded 2 times (x 79B)
Class org.jetbrains.kotlin.config.LanguageVersion                                     : loaded 2 times (x 91B)
Class kotlin.annotation.Target                                                        : loaded 2 times (x 70B)
Class kotlin.collections.EmptySet                                                     : loaded 2 times (x 122B)
Class kotlin.collections.CollectionsKt___CollectionsKt                                : loaded 2 times (x 71B)
Class org.jetbrains.kotlin.cli.common.arguments.K2JVMCompilerArguments                : loaded 2 times (x 81B)
Class com.google.common.cache.CacheBuilder$3                                          : loaded 2 times (x 72B)
Class [Lcom.google.common.collect.AbstractMapEntry;                                   : loaded 2 times (x 69B)
Class com.google.common.collect.ImmutableEntry                                        : loaded 2 times (x 82B)
Class com.google.common.collect.ArrayListMultimap                                     : loaded 2 times (x 172B)
Class com.google.common.base.AbstractIterator$1                                       : loaded 2 times (x 71B)
Class com.google.common.base.CharMatcher$Digit                                        : loaded 2 times (x 112B)
Class org.gradle.api.GradleException                                                  : loaded 2 times (x 82B)
Class kotlin.jvm.functions.Function5                                                  : loaded 2 times (x 70B)
Class kotlin.annotation.Retention                                                     : loaded 2 times (x 70B)
Class kotlin.text.StringsKt___StringsJvmKt                                            : loaded 2 times (x 71B)
Class kotlin.reflect.KDeclarationContainer                                            : loaded 2 times (x 70B)
Class build_93tkcne4o3x68w9v4mkydah3e                                                 : loaded 2 times (x 180B)
Class com.google.common.collect.CollectPreconditions                                  : loaded 2 times (x 71B)
Class com.google.common.base.CharMatcher$JavaIsoControl                               : loaded 2 times (x 112B)
Class kotlin.jvm.functions.Function6                                                  : loaded 2 times (x 70B)
Class kotlin.reflect.jvm.internal.KPropertyImpl$_descriptor$1                         : loaded 2 times (x 79B)
Class kotlin.io.FilesKt                                                               : loaded 2 times (x 71B)
Class kotlin.reflect.jvm.internal.KTypeParameterOwnerImpl                             : loaded 2 times (x 70B)
Class kotlin.collections.MapsKt___MapsKt                                              : loaded 2 times (x 71B)
Class kotlin.collections.ArraysKt___ArraysKt                                          : loaded 2 times (x 71B)
Class build_93tkcne4o3x68w9v4mkydah3e$_run_closure1                                   : loaded 2 times (x 139B)
Class com.google.common.collect.SortedMapDifference                                   : loaded 2 times (x 70B)
Class com.google.common.base.CharMatcher$JavaLowerCase                                : loaded 2 times (x 111B)
Class build_6q0ghfex2m7ky4eb05875xkei                                                 : loaded 2 times (x 180B)
Class kotlin.jvm.functions.Function7                                                  : loaded 2 times (x 70B)
Class kotlin.reflect.jvm.internal.impl.name.Name                                      : loaded 2 times (x 75B)
Class kotlin.reflect.jvm.internal.KPropertyImpl$Companion                             : loaded 2 times (x 71B)
Class kotlin.collections.MapsKt__MapWithDefaultKt                                     : loaded 2 times (x 71B)
Class org.jetbrains.kotlin.cli.common.arguments.CommonCompilerArguments               : loaded 2 times (x 80B)
Class com.google.common.cache.LocalCache$EntryFactory                                 : loaded 2 times (x 83B)
Class kotlin.jvm.functions.Function8                                                  : loaded 2 times (x 70B)
Class kotlin.reflect.jvm.internal.impl.name.FqNameUnsafe                              : loaded 2 times (x 72B)
Class kotlin.collections.builders.MapBuilder$Companion                                : loaded 2 times (x 71B)
Class kotlin.collections.CollectionsKt__MutableCollectionsJVMKt                       : loaded 2 times (x 71B)
Class kotlin.text.StringsKt___StringsKt                                               : loaded 2 times (x 71B)
Class kotlin.enums.EnumEntriesKt                                                      : loaded 2 times (x 71B)
Class com.google.common.cache.LocalCache$AbstractReferenceEntry                       : loaded 2 times (x 107B)
Class com.google.common.base.Splitter$1$1                                             : loaded 2 times (x 86B)
Class com.google.common.base.CharMatcher$Whitespace                                   : loaded 2 times (x 112B)
Class org.gradle.internal.IoActions                                                   : loaded 2 times (x 71B)
Class kotlin.jvm.functions.Function10                                                 : loaded 2 times (x 70B)
Class kotlin.jvm.functions.Function9                                                  : loaded 2 times (x 70B)
Class kotlin.reflect.jvm.internal.KClassImpl$Data$allNonStaticMembers$2               : loaded 2 times (x 79B)
Class kotlin.annotation.MustBeDocumented                                              : loaded 2 times (x 70B)
Class [Lkotlin.LazyThreadSafetyMode;                                                  : loaded 2 times (x 69B)
Class [Lkotlin.reflect.KClassifier;                                                   : loaded 2 times (x 69B)
Class kotlin.reflect.jvm.internal.EmptyContainerForLocal                              : loaded 2 times (x 84B)
Class org.objectweb.asm.SymbolTable                                                   : loaded 2 times (x 72B)
Class com.google.common.cache.CacheLoader$InvalidCacheLoadException                   : loaded 2 times (x 82B)
Class com.google.common.collect.ImmutableSet$RegularSetBuilderImpl                    : loaded 2 times (x 77B)
Class com.google.common.base.CharMatcher$SingleWidth                                  : loaded 2 times (x 112B)
Class org.gradle.internal.classloader.SystemClassLoaderSpec                           : loaded 2 times (x 71B)
Class kotlin.jvm.functions.Function11                                                 : loaded 2 times (x 70B)
Class kotlin.reflect.jvm.internal.KClassImpl$Data$sealedSubclasses$2                  : loaded 2 times (x 79B)
Class kotlin.ranges.IntRange$Companion                                                : loaded 2 times (x 71B)
Class kotlin.jvm.internal.markers.KMutableCollection                                  : loaded 2 times (x 70B)
Class kotlin.collections.EmptyMap                                                     : loaded 2 times (x 109B)
Class kotlin.reflect.KAnnotatedElement                                                : loaded 2 times (x 70B)
Class kotlin.jvm.internal.Intrinsics                                                  : loaded 2 times (x 71B)
Class com.google.common.cache.LocalCache$StrongEntry                                  : loaded 2 times (x 108B)
Class com.google.common.util.concurrent.AbstractFuture$TrustedFuture                  : loaded 2 times (x 114B)
Class com.google.common.cache.LoadingCache                                            : loaded 2 times (x 70B)
Class kotlin.jvm.functions.Function12                                                 : loaded 2 times (x 70B)
Class kotlin.sequences.SequencesKt__SequencesKt$flatten$1                             : loaded 2 times (x 78B)
Class kotlin.collections.MapsKt                                                       : loaded 2 times (x 71B)
Class kotlin.collections.CollectionsKt__IterablesKt                                   : loaded 2 times (x 71B)
Class org.objectweb.asm.MethodWriter                                                  : loaded 2 times (x 105B)
Class [Lcom.google.common.cache.Weigher;                                              : loaded 2 times (x 69B)
Class com.google.common.collect.RegularImmutableMap$BucketOverflowException           : loaded 2 times (x 82B)
Class kotlin.text.Charsets                                                            : loaded 2 times (x 71B)
Class kotlin.jvm.functions.Function13                                                 : loaded 2 times (x 70B)
Class kotlin.ranges.OpenEndRange                                                      : loaded 2 times (x 70B)
Class org.jetbrains.kotlin.cli.common.CompilerSystemProperties$Companion              : loaded 2 times (x 71B)
Class kotlin.KotlinNullPointerException                                               : loaded 2 times (x 83B)
Class kotlin.jvm.functions.Function14                                                 : loaded 2 times (x 70B)
Class kotlin.sequences.SequencesKt__SequencesKt$flatten$3                             : loaded 2 times (x 78B)
Class kotlin.ranges.RangesKt___RangesKt                                               : loaded 2 times (x 71B)
Class [Lorg.jetbrains.kotlin.config.ExplicitApiMode;                                  : loaded 2 times (x 69B)
Class com.google.common.cache.LocalCache$ValueReference                               : loaded 2 times (x 70B)
Class com.google.common.base.CharMatcher$Negated                                      : loaded 2 times (x 113B)
Class com.google.common.base.CharMatcher$Is                                           : loaded 2 times (x 111B)
Class kotlin.jvm.functions.Function15                                                 : loaded 2 times (x 70B)
Class kotlin.text.CharsKt__CharKt                                                     : loaded 2 times (x 71B)
Class kotlin.collections.ArraysKt                                                     : loaded 2 times (x 71B)
Class org.jetbrains.kotlin.cli.common.arguments.CommonToolArguments                   : loaded 2 times (x 73B)
Class com.google.common.util.concurrent.AbstractFuture$Failure                        : loaded 2 times (x 72B)
Class com.google.common.base.PatternCompiler                                          : loaded 2 times (x 70B)
Class com.google.common.base.Equivalence$Equals                                       : loaded 2 times (x 82B)
Class com.google.common.collect.Hashing                                               : loaded 2 times (x 71B)
Class com.google.common.base.Preconditions                                            : loaded 2 times (x 71B)
Class settings_45oobmneggqzdycjcw65v8uef                                              : loaded 2 times (x 179B)
Class kotlin.jvm.functions.Function16                                                 : loaded 2 times (x 70B)
Class kotlin.collections.SetsKt__SetsKt                                               : loaded 2 times (x 71B)
Class kotlin.LazyKt                                                                   : loaded 2 times (x 71B)
Class com.google.common.base.Joiner$1                                                 : loaded 2 times (x 80B)
Class org.objectweb.asm.Label                                                         : loaded 2 times (x 73B)
Class org.objectweb.asm.CurrentFrame                                                  : loaded 2 times (x 73B)
Class org.objectweb.asm.ClassTooLargeException                                        : loaded 2 times (x 83B)
Class com.google.common.collect.PeekingIterator                                       : loaded 2 times (x 70B)
Class com.google.common.base.CharMatcher                                              : loaded 2 times (x 111B)
Class kotlin.jvm.functions.Function17                                                 : loaded 2 times (x 70B)
Class kotlin.InitializedLazyImpl                                                      : loaded 2 times (x 76B)
Class kotlin.collections.ArraysKt__ArraysJVMKt                                        : loaded 2 times (x 71B)
Class com.google.common.base.Joiner$2                                                 : loaded 2 times (x 79B)
Class org.objectweb.asm.Frame                                                         : loaded 2 times (x 73B)
Class org.objectweb.asm.MethodVisitor                                                 : loaded 2 times (x 104B)
Class com.google.common.cache.LocalCache$EntryFactory$1                               : loaded 2 times (x 83B)
Class [Lcom.google.common.cache.RemovalListener;                                      : loaded 2 times (x 69B)
Class com.google.common.base.CharMatcher$1                                            : loaded 2 times (x 113B)
Class com.google.common.base.CharMatcher$NamedFastMatcher                             : loaded 2 times (x 112B)
Class kotlin.jvm.functions.Function18                                                 : loaded 2 times (x 70B)
Class kotlin.text.StringsKt__StringBuilderKt                                          : loaded 2 times (x 71B)
Class kotlin.jvm.internal.CallableReference$NoReceiver                                : loaded 2 times (x 71B)
Class com.google.common.cache.LocalCache$EntryFactory$2                               : loaded 2 times (x 83B)
Class kotlin.jvm.functions.Function19                                                 : loaded 2 times (x 70B)
Class kotlin.reflect.jvm.internal.KClassImpl$Data$allStaticMembers$2                  : loaded 2 times (x 79B)
Class kotlin.reflect.KMutableProperty$Setter                                          : loaded 2 times (x 70B)
Class kotlin.Lazy                                                                     : loaded 2 times (x 70B)
Class kotlin.NoWhenBranchMatchedException                                             : loaded 2 times (x 82B)
Class org.objectweb.asm.ModuleWriter                                                  : loaded 2 times (x 81B)
Class com.google.common.cache.LocalCache$EntryFactory$3                               : loaded 2 times (x 83B)
Class com.google.common.base.Ticker$1                                                 : loaded 2 times (x 72B)
Class com.google.common.collect.ImmutableMapEntrySet$RegularEntrySet                  : loaded 2 times (x 151B)
Class com.google.common.collect.Maps$BiMapConverter                                   : loaded 2 times (x 90B)
Class org.jetbrains.kotlin.cli.common.messages.MessageRenderer                        : loaded 2 times (x 70B)
Class com.google.common.cache.LocalCache$EntryFactory$4                               : loaded 2 times (x 83B)
Class com.google.common.collect.ImmutableSet$Builder                                  : loaded 2 times (x 85B)
Class com.google.common.base.CharMatcher$InRange                                      : loaded 2 times (x 111B)
Class kotlin.sequences.ConstrainedOnceSequence                                        : loaded 2 times (x 75B)
Class kotlin.reflect.jvm.internal.KCallableImpl$_parameters$1                         : loaded 2 times (x 79B)
Class com.google.common.cache.LocalCache$EntryFactory$5                               : loaded 2 times (x 83B)
Class kotlin.reflect.jvm.internal.KClassImpl$Data$simpleName$2                        : loaded 2 times (x 79B)
Class [Lkotlin.reflect.KProperty;                                                     : loaded 2 times (x 69B)
Class org.jetbrains.kotlin.config.JVMAssertionsMode$Companion                         : loaded 2 times (x 71B)
Class kotlin.jvm.internal.markers.KMappedMarker                                       : loaded 2 times (x 70B)
Class com.google.common.cache.LocalCache$EntryFactory$6                               : loaded 2 times (x 83B)
Class org.gradle.internal.installation.CurrentGradleInstallationLocator               : loaded 2 times (x 71B)
Class [Lkotlin.io.FileWalkDirection;                                                  : loaded 2 times (x 69B)
Class com.google.common.collect.Maps$KeySet                                           : loaded 2 times (x 137B)
Class com.google.common.cache.LocalCache$EntryFactory$7                               : loaded 2 times (x 83B)
Class com.google.common.collect.ImmutableSet$EmptySetBuilderImpl                      : loaded 2 times (x 76B)
Class com.google.common.collect.ImmutableList                                         : loaded 2 times (x 206B)
Class org.gradle.internal.service.DefaultServiceLocator                               : loaded 2 times (x 83B)
Class kotlin.properties.ObservableProperty                                            : loaded 2 times (x 83B)
Class kotlin.io.FileTreeWalk                                                          : loaded 2 times (x 75B)
Class kotlin.reflect.KMutableProperty0                                                : loaded 2 times (x 70B)
Class kotlin.reflect.KClassifier                                                      : loaded 2 times (x 70B)
Class org.jetbrains.kotlin.util.capitalizeDecapitalize.CapitalizeDecapitalizeKt       : loaded 2 times (x 71B)
Class com.google.common.cache.LocalCache$EntryFactory$8                               : loaded 2 times (x 83B)
Class com.google.common.collect.ImmutableSet$SetBuilderImpl                           : loaded 2 times (x 76B)
Class org.gradle.internal.installation.CurrentGradleInstallation                      : loaded 2 times (x 73B)
Class kotlin.jvm.internal.Ref$BooleanRef                                              : loaded 2 times (x 71B)
Class kotlin.jvm.internal.StringCompanionObject                                       : loaded 2 times (x 71B)
Class [Lkotlin.collections.State;                                                     : loaded 2 times (x 69B)
Class kotlin.reflect.KMutableProperty1                                                : loaded 2 times (x 70B)
Class com.google.common.cache.CacheLoader$1                                           : loaded 2 times (x 75B)
Class com.google.common.collect.ImmutableList$SubList                                 : loaded 2 times (x 208B)
Class org.gradle.util.internal.GUtil                                                  : loaded 2 times (x 71B)
Class kotlin.io.NoSuchFileException                                                   : loaded 2 times (x 82B)
Class kotlin.reflect.KMutableProperty2                                                : loaded 2 times (x 70B)
Class kotlin.collections.CollectionsKt                                                : loaded 2 times (x 71B)
Class com.google.common.util.concurrent.AbstractFuture$SetFuture                      : loaded 2 times (x 75B)
Class com.google.common.cache.AbstractCache$StatsCounter                              : loaded 2 times (x 70B)
Class kotlin.reflect.jvm.internal.RuntimeTypeMapper                                   : loaded 2 times (x 71B)
Class kotlin.ranges.IntProgressionIterator                                            : loaded 2 times (x 82B)
Class kotlin.collections.AbstractIterator$WhenMappings                                : loaded 2 times (x 71B)
Class com.google.common.collect.Iterators$MergingIterator                             : loaded 2 times (x 81B)
Class com.google.common.collect.RegularImmutableSet                                   : loaded 2 times (x 148B)
Class org.gradle.internal.installation.GradleInstallation                             : loaded 2 times (x 75B)
Class org.jetbrains.kotlin.config.LanguageFeature$State                               : loaded 2 times (x 82B)
Class kotlin.reflect.jvm.internal.KPackageImpl$data$1                                 : loaded 2 times (x 79B)
Class com.google.common.collect.Iterables                                             : loaded 2 times (x 71B)
Class com.google.common.base.Splitter$Strategy                                        : loaded 2 times (x 70B)
Class kotlin.io.FileWalkDirection                                                     : loaded 2 times (x 79B)
Class kotlin.ranges.IntProgression                                                    : loaded 2 times (x 81B)
Class kotlin.jvm.KotlinReflectionNotSupportedError                                    : loaded 2 times (x 82B)

---------------  S Y S T E M  ---------------

OS:
 Windows 11 , 64 bit Build 26100 (10.0.26100.9168)
OS uptime: 0 days 2:22 hours
Hyper-V role detected

CPU: total 8 (initial active 8) (4 cores per cpu, 2 threads per core) family 6 model 186 stepping 3 microcode 0x6134, cx8, cmov, fxsr, ht, mmx, 3dnowpref, sse, sse2, sse3, ssse3, sse4.1, sse4.2, popcnt, lzcnt, tsc, tscinvbit, avx, avx2, aes, erms, clmul, bmi1, bmi2, adx, sha, fma, vzeroupper, clflush, clflushopt, clwb, hv, serialize, rdtscp, rdpid, fsrm, f16c, cet_ibt, cet_ss
Processor Information for the first 8 processors :
  Max Mhz: 1200, Current Mhz: 1200, Mhz Limit: 1200

Memory: 4k page, system-wide physical 7835M (173M free)
TotalPageFile size 31387M (AvailPageFile size 3M)
current process WorkingSet (physical memory assigned to process): 504M, peak: 512M
current process commit charge ("private bytes"): 709M, peak: 710M

vm_info: OpenJDK 64-Bit Server VM (21.0.9+-14787801-b1163.94) for windows-amd64 JRE (21.0.9+-14787801-b1163.94), built on 2026-01-27T21:15:44Z by "builder" with MS VC++ 16.10 / 16.11 (VS2019)

END.
